,Unnamed: 0,Unnamed: 0.1,Date,brand Z199j,brand T75q,brand P87J,brand P144q,brand m240w,brand O139j,brand r213X,brand s167U
0,0,0,01/04/2017,2,0,0,0,0,0,0,0
1,1,1,02/04/2017,1,0,0,0,0,0,0,0
2,2,2,03/04/2017,0,1,0,0,0,0,0,0
3,3,3,07/04/2017,1,0,0,0,0,0,0,0
4,4,4,07/04/2017,1,0,0,0,0,0,0,0
5,5,5,09/04/2017,0,1,0,0,0,0,0,0
6,6,6,09/04/2017,0,1,0,0,0,0,0,0
7,7,7,10/04/2017,1,0,0,0,0,0,0,0
8,8,8,14/04/2017,0,1,0,0,0,0,0,0
9,9,9,16/04/2017,0,1,0,0,0,0,0,0
10,10,10,16/04/2017,0,1,0,0,0,0,0,0
11,11,11,16/04/2017,0,1,0,0,0,0,0,0
12,12,12,17/04/2017,1,0,0,0,0,0,0,0
13,13,13,18/04/2017,4,0,0,0,0,0,0,0
14,14,14,20/04/2017,1,0,0,0,0,0,0,0
15,15,15,29/04/2017,1,0,0,0,0,0,0,0
16,16,16,29/04/2017,1,0,0,0,0,0,0,0
17,17,17,30/04/2017,0,1,0,0,0,0,0,0
18,18,18,30/04/2017,1,0,0,0,0,0,0,0
19,19,19,05/05/2017,0,1,0,0,0,0,0,0
20,20,20,06/05/2017,0,1,0,0,0,0,0,0
21,21,21,07/05/2017,0,1,0,0,0,0,0,0
22,22,22,08/05/2017,0,1,0,0,0,0,0,0
23,23,23,09/05/2017,1,0,0,0,0,0,0,0
24,24,24,10/05/2017,1,0,0,0,0,0,0,0
25,25,25,12/05/2017,1,0,0,0,0,0,0,0
26,26,26,21/05/2017,0,1,0,0,0,0,0,0
27,27,27,26/05/2017,1,0,0,0,0,0,0,0
28,28,28,27/05/2017,0,1,0,0,0,0,0,0
29,29,29,04/06/2017,0,0,2,0,0,0,0,0
30,30,30,04/06/2017,0,0,1,0,0,0,0,0
31,31,31,04/06/2017,0,1,0,0,0,0,0,0
32,32,32,10/06/2017,0,1,0,0,0,0,0,0
33,33,33,11/06/2017,0,0,1,0,0,0,0,0
34,34,34,12/06/2017,0,1,0,0,0,0,0,0
35,35,35,12/06/2017,0,1,0,0,0,0,0,0
36,36,36,12/06/2017,0,-1,0,0,0,0,0,0
37,37,37,15/06/2017,1,0,0,0,0,0,0,0
38,38,38,17/06/2017,0,1,0,0,0,0,0,0
39,39,39,17/06/2017,0,0,1,0,0,0,0,0
40,40,40,19/06/2017,0,1,0,0,0,0,0,0
41,41,41,19/06/2017,1,0,0,0,0,0,0,0
42,42,42,19/06/2017,0,1,0,0,0,0,0,0
43,43,43,20/06/2017,2,0,0,0,0,0,0,0
44,44,44,20/06/2017,1,0,0,0,0,0,0,0
45,45,45,20/06/2017,1,0,0,0,0,0,0,0
46,46,46,20/06/2017,0,0,1,0,0,0,0,0
47,47,47,21/06/2017,1,0,0,0,0,0,0,0
48,48,48,21/06/2017,0,1,0,0,0,0,0,0
49,49,49,21/06/2017,0,-1,0,0,0,0,0,0
50,50,50,21/06/2017,1,0,0,0,0,0,0,0
51,51,51,22/06/2017,0,1,0,0,0,0,0,0
52,52,52,22/06/2017,0,-1,0,0,0,0,0,0
53,53,53,22/06/2017,1,0,0,0,0,0,0,0
54,54,54,22/06/2017,0,2,0,0,0,0,0,0
55,55,55,22/06/2017,0,1,0,0,0,0,0,0
56,56,56,22/06/2017,0,1,0,0,0,0,0,0
57,57,57,23/06/2017,1,0,0,0,0,0,0,0
58,58,58,23/06/2017,0,1,0,0,0,0,0,0
59,59,59,23/06/2017,1,0,0,0,0,0,0,0
60,60,60,24/06/2017,2,0,0,0,0,0,0,0
61,61,61,24/06/2017,1,0,0,0,0,0,0,0
62,62,62,24/06/2017,1,0,0,0,0,0,0,0
63,63,63,25/06/2017,1,0,0,0,0,0,0,0
64,64,64,25/06/2017,1,0,0,0,0,0,0,0
65,65,65,25/06/2017,0,1,0,0,0,0,0,0
66,66,66,25/06/2017,0,1,0,0,0,0,0,0
67,67,67,25/06/2017,1,0,0,0,0,0,0,0
68,68,68,30/06/2017,1,0,0,0,0,0,0,0
69,69,69,01/07/2017,0,1,0,0,0,0,0,0
70,70,70,01/07/2017,0,-1,0,0,0,0,0,0
71,71,71,02/07/2017,0,-1,0,0,0,0,0,0
72,72,72,02/07/2017,0,1,0,0,0,0,0,0
73,73,73,04/07/2017,0,0,1,0,0,0,0,0
74,74,74,06/07/2017,0,1,0,0,0,0,0,0
75,75,75,07/07/2017,0,0,1,0,0,0,0,0
76,76,76,07/07/2017,1,0,0,0,0,0,0,0
77,77,77,11/07/2017,1,0,0,0,0,0,0,0
78,78,78,13/07/2017,0,1,0,0,0,0,0,0
79,79,79,13/07/2017,0,1,0,0,0,0,0,0
80,80,80,14/07/2017,1,0,0,0,0,0,0,0
81,81,81,17/07/2017,0,1,0,0,0,0,0,0
82,82,82,17/07/2017,1,0,0,0,0,0,0,0
83,83,83,18/07/2017,2,0,0,0,0,0,0,0
84,84,84,18/07/2017,1,0,0,0,0,0,0,0
85,85,85,19/07/2017,1,0,0,0,0,0,0,0
86,86,86,20/07/2017,1,0,0,0,0,0,0,0
87,87,87,21/07/2017,2,0,0,0,0,0,0,0
88,88,88,21/07/2017,1,0,0,0,0,0,0,0
89,89,89,22/07/2017,1,0,0,0,0,0,0,0
90,90,90,23/07/2017,0,1,0,0,0,0,0,0
91,91,91,23/07/2017,0,1,0,0,0,0,0,0
92,92,92,23/07/2017,0,1,0,0,0,0,0,0
93,93,93,23/07/2017,1,0,0,0,0,0,0,0
94,94,94,25/07/2017,0,1,0,0,0,0,0,0
95,95,95,25/07/2017,0,1,0,0,0,0,0,0
96,96,96,25/07/2017,1,0,0,0,0,0,0,0
97,97,97,29/07/2017,0,1,0,0,0,0,0,0
98,98,98,29/07/2017,1,0,0,0,0,0,0,0
99,99,99,30/07/2017,0,1,0,0,0,0,0,0
100,100,100,30/07/2017,1,0,0,0,0,0,0,0
101,101,101,31/07/2017,1,0,0,0,0,0,0,0
102,102,102,01/08/2017,0,1,0,0,0,0,0,0
103,103,103,01/08/2017,0,1,0,0,0,0,0,0
104,104,104,01/08/2017,0,1,0,0,0,0,0,0
105,105,105,01/08/2017,0,0,1,0,0,0,0,0
106,106,106,01/08/2017,0,1,0,0,0,0,0,0
107,107,107,01/08/2017,1,0,0,0,0,0,0,0
108,108,108,01/08/2017,0,0,2,0,0,0,0,0
109,109,109,01/08/2017,0,0,1,0,0,0,0,0
110,110,110,02/08/2017,1,0,0,0,0,0,0,0
111,111,111,03/08/2017,0,0,1,0,0,0,0,0
112,112,112,03/08/2017,0,1,0,0,0,0,0,0
113,113,113,04/08/2017,1,0,0,0,0,0,0,0
114,114,114,04/08/2017,2,0,0,0,0,0,0,0
115,115,115,04/08/2017,1,0,0,0,0,0,0,0
116,116,116,04/08/2017,0,1,0,0,0,0,0,0
117,117,117,05/08/2017,1,0,0,0,0,0,0,0
118,118,118,05/08/2017,1,0,0,0,0,0,0,0
119,119,119,05/08/2017,1,0,0,0,0,0,0,0
120,120,120,05/08/2017,0,2,0,0,0,0,0,0
121,121,121,05/08/2017,1,0,0,0,0,0,0,0
122,122,122,05/08/2017,2,0,0,0,0,0,0,0
123,123,123,05/08/2017,1,0,0,0,0,0,0,0
124,124,124,07/08/2017,0,1,0,0,0,0,0,0
125,125,125,10/08/2017,0,1,0,0,0,0,0,0
126,126,126,12/08/2017,0,1,0,0,0,0,0,0
127,127,127,17/08/2017,0,1,0,0,0,0,0,0
128,128,128,17/08/2017,1,0,0,0,0,0,0,0
129,129,129,17/08/2017,1,0,0,0,0,0,0,0
130,130,130,19/08/2017,1,0,0,0,0,0,0,0
131,131,131,21/08/2017,0,2,0,0,0,0,0,0
132,132,132,21/08/2017,1,0,0,0,0,0,0,0
133,133,133,23/08/2017,0,1,0,0,0,0,0,0
134,134,134,24/08/2017,1,0,0,0,0,0,0,0
135,135,135,25/08/2017,1,0,0,0,0,0,0,0
136,136,136,25/08/2017,0,1,0,0,0,0,0,0
137,137,137,25/08/2017,1,0,0,0,0,0,0,0
138,138,138,27/08/2017,0,1,0,0,0,0,0,0
139,139,139,01/09/2017,0,1,0,0,0,0,0,0
140,140,140,01/09/2017,1,0,0,0,0,0,0,0
141,141,141,07/09/2017,0,1,0,0,0,0,0,0
142,142,142,08/09/2017,1,0,0,0,0,0,0,0
143,143,143,08/09/2017,0,1,0,0,0,0,0,0
144,144,144,08/09/2017,1,0,0,0,0,0,0,0
145,145,145,09/09/2017,1,0,0,0,0,0,0,0
146,146,146,09/09/2017,1,0,0,0,0,0,0,0
147,147,147,09/09/2017,1,0,0,0,0,0,0,0
148,148,148,13/09/2017,1,0,0,0,0,0,0,0
149,149,149,13/09/2017,0,1,0,0,0,0,0,0
150,150,150,15/09/2017,0,1,0,0,0,0,0,0
151,151,151,16/09/2017,1,0,0,0,0,0,0,0
152,152,152,16/09/2017,0,2,0,0,0,0,0,0
153,153,153,16/09/2017,1,0,0,0,0,0,0,0
154,154,154,17/09/2017,0,1,0,0,0,0,0,0
155,155,155,18/09/2017,1,0,0,0,0,0,0,0
156,156,156,21/09/2017,1,0,0,0,0,0,0,0
157,157,157,24/09/2017,0,0,1,0,0,0,0,0
158,158,158,25/09/2017,1,0,0,0,0,0,0,0
159,159,159,29/09/2017,0,1,0,0,0,0,0,0
160,160,160,29/09/2017,1,0,0,0,0,0,0,0
161,161,161,02/10/2017,1,0,0,0,0,0,0,0
162,162,162,03/10/2017,1,0,0,0,0,0,0,0
163,163,163,03/10/2017,0,1,0,0,0,0,0,0
164,164,164,03/10/2017,0,0,1,0,0,0,0,0
165,165,165,03/10/2017,1,0,0,0,0,0,0,0
166,166,166,03/10/2017,1,0,0,0,0,0,0,0
167,167,167,04/10/2017,1,0,0,0,0,0,0,0
168,168,168,05/10/2017,0,1,0,0,0,0,0,0
169,169,169,06/10/2017,0,1,0,0,0,0,0,0
170,170,170,07/10/2017,0,1,0,0,0,0,0,0
171,171,171,09/10/2017,0,1,0,0,0,0,0,0
172,172,172,09/10/2017,0,1,0,0,0,0,0,0
173,173,173,10/10/2017,2,0,0,0,0,0,0,0
174,174,174,10/10/2017,0,1,0,0,0,0,0,0
175,175,175,10/10/2017,1,0,0,0,0,0,0,0
176,176,176,11/10/2017,0,0,1,0,0,0,0,0
177,177,177,14/10/2017,0,1,0,0,0,0,0,0
178,178,178,15/10/2017,1,0,0,0,0,0,0,0
179,179,179,15/10/2017,1,0,0,0,0,0,0,0
180,180,180,15/10/2017,1,0,0,0,0,0,0,0
181,181,181,15/10/2017,0,1,0,0,0,0,0,0
182,182,182,16/10/2017,0,0,1,0,0,0,0,0
183,183,183,19/10/2017,1,0,0,0,0,0,0,0
184,184,184,19/10/2017,1,0,0,0,0,0,0,0
185,185,185,19/10/2017,0,1,0,0,0,0,0,0
186,186,186,19/10/2017,1,0,0,0,0,0,0,0
187,187,187,22/10/2017,1,0,0,0,0,0,0,0
188,188,188,23/10/2017,1,0,0,0,0,0,0,0
189,189,189,23/10/2017,1,0,0,0,0,0,0,0
190,190,190,25/10/2017,0,1,0,0,0,0,0,0
191,191,191,25/10/2017,0,1,0,0,0,0,0,0
192,192,192,26/10/2017,0,1,0,0,0,0,0,0
193,193,193,26/10/2017,1,0,0,0,0,0,0,0
194,194,194,26/10/2017,1,0,0,0,0,0,0,0
195,195,195,26/10/2017,0,1,0,0,0,0,0,0
196,196,196,27/10/2017,0,1,0,0,0,0,0,0
197,197,197,27/10/2017,0,1,0,0,0,0,0,0
198,198,198,27/10/2017,2,0,0,0,0,0,0,0
199,199,199,27/10/2017,1,0,0,0,0,0,0,0
200,200,200,27/10/2017,0,1,0,0,0,0,0,0
201,201,201,28/10/2017,0,1,0,0,0,0,0,0
202,202,202,29/10/2017,1,0,0,0,0,0,0,0
203,203,203,30/10/2017,1,0,0,0,0,0,0,0
204,204,204,01/11/2017,0,1,0,0,0,0,0,0
205,205,205,02/11/2017,1,0,0,0,0,0,0,0
206,206,206,03/11/2017,1,0,0,0,0,0,0,0
207,207,207,03/11/2017,0,1,0,0,0,0,0,0
208,208,208,04/11/2017,0,1,0,0,0,0,0,0
209,209,209,08/11/2017,0,1,0,0,0,0,0,0
210,210,210,08/11/2017,0,1,0,0,0,0,0,0
211,211,211,08/11/2017,1,0,0,0,0,0,0,0
212,212,212,11/11/2017,1,0,0,0,0,0,0,0
213,213,213,12/11/2017,0,1,0,0,0,0,0,0
214,214,214,12/11/2017,1,0,0,0,0,0,0,0
215,215,215,12/11/2017,1,0,0,0,0,0,0,0
216,216,216,14/11/2017,1,0,0,0,0,0,0,0
217,217,217,18/11/2017,0,1,0,0,0,0,0,0
218,218,218,18/11/2017,0,1,0,0,0,0,0,0
219,219,219,19/11/2017,1,0,0,0,0,0,0,0
220,220,220,19/11/2017,1,0,0,0,0,0,0,0
221,221,221,22/11/2017,1,0,0,0,0,0,0,0
222,222,222,22/11/2017,3,0,0,0,0,0,0,0
223,223,223,23/11/2017,1,0,0,0,0,0,0,0
224,224,224,24/11/2017,1,0,0,0,0,0,0,0
225,225,225,24/11/2017,0,1,0,0,0,0,0,0
226,226,226,24/11/2017,1,0,0,0,0,0,0,0
227,227,227,25/11/2017,0,1,0,0,0,0,0,0
228,228,228,25/11/2017,0,1,0,0,0,0,0,0
229,229,229,25/11/2017,0,1,0,0,0,0,0,0
230,230,230,25/11/2017,1,0,0,0,0,0,0,0
231,231,231,25/11/2017,2,0,0,0,0,0,0,0
232,232,232,26/11/2017,0,1,0,0,0,0,0,0
233,233,233,26/11/2017,0,2,0,0,0,0,0,0
234,234,234,26/11/2017,0,1,0,0,0,0,0,0
235,235,235,26/11/2017,0,2,0,0,0,0,0,0
236,236,236,28/11/2017,0,1,0,0,0,0,0,0
237,237,237,29/11/2017,0,1,0,0,0,0,0,0
238,238,238,29/11/2017,0,1,0,0,0,0,0,0
239,239,239,02/12/2017,0,1,0,0,0,0,0,0
240,240,240,03/12/2017,0,1,0,0,0,0,0,0
241,241,241,04/12/2017,2,0,0,0,0,0,0,0
242,242,242,05/12/2017,0,1,0,0,0,0,0,0
243,243,243,05/12/2017,0,-1,0,0,0,0,0,0
244,244,244,06/12/2017,0,1,0,0,0,0,0,0
245,245,245,06/12/2017,0,1,0,0,0,0,0,0
246,246,246,06/12/2017,1,0,0,0,0,0,0,0
247,247,247,06/12/2017,0,1,0,0,0,0,0,0
248,248,248,08/12/2017,0,1,0,0,0,0,0,0
249,249,249,08/12/2017,1,0,0,0,0,0,0,0
250,250,250,09/12/2017,1,0,0,0,0,0,0,0
251,251,251,09/12/2017,0,1,0,0,0,0,0,0
252,252,252,10/12/2017,1,0,0,0,0,0,0,0
253,253,253,10/12/2017,0,1,0,0,0,0,0,0
254,254,254,11/12/2017,0,1,0,0,0,0,0,0
255,255,255,13/12/2017,2,0,0,0,0,0,0,0
256,256,256,15/12/2017,1,0,0,0,0,0,0,0
257,257,257,17/12/2017,1,0,0,0,0,0,0,0
258,258,258,17/12/2017,3,0,0,0,0,0,0,0
259,259,259,17/12/2017,1,0,0,0,0,0,0,0
260,260,260,19/12/2017,0,1,0,0,0,0,0,0
261,261,261,20/12/2017,0,1,0,0,0,0,0,0
262,262,262,20/12/2017,0,1,0,0,0,0,0,0
263,263,263,21/12/2017,1,0,0,0,0,0,0,0
264,264,264,22/12/2017,0,2,0,0,0,0,0,0
265,265,265,23/12/2017,0,1,0,0,0,0,0,0
266,266,266,24/12/2017,2,0,0,0,0,0,0,0
267,267,267,25/12/2017,0,1,0,0,0,0,0,0
268,268,268,25/12/2017,0,1,0,0,0,0,0,0
269,269,269,25/12/2017,0,1,0,0,0,0,0,0
270,270,270,29/12/2017,0,1,0,0,0,0,0,0
271,271,271,29/12/2017,0,1,0,0,0,0,0,0
272,272,272,30/12/2017,0,2,0,0,0,0,0,0
273,273,273,30/12/2017,0,-2,0,0,0,0,0,0
274,274,274,30/12/2017,0,2,0,0,0,0,0,0
275,275,275,02/01/2018,0,1,0,0,0,0,0,0
276,276,276,03/01/2018,0,1,0,0,0,0,0,0
277,277,277,03/01/2018,0,-1,0,0,0,0,0,0
278,278,278,03/01/2018,0,1,0,0,0,0,0,0
279,279,279,03/01/2018,0,2,0,0,0,0,0,0
280,280,280,04/01/2018,0,1,0,0,0,0,0,0
281,281,281,04/01/2018,0,0,2,0,0,0,0,0
282,282,282,04/01/2018,0,1,0,0,0,0,0,0
283,283,283,06/01/2018,0,2,0,0,0,0,0,0
284,284,284,06/01/2018,0,1,0,0,0,0,0,0
285,285,285,10/01/2018,1,0,0,0,0,0,0,0
286,286,286,11/01/2018,0,1,0,0,0,0,0,0
287,287,287,14/01/2018,0,0,1,0,0,0,0,0
288,288,288,17/01/2018,0,1,0,0,0,0,0,0
289,289,289,18/01/2018,0,1,0,0,0,0,0,0
290,290,290,20/01/2018,0,1,0,0,0,0,0,0
291,291,291,21/01/2018,1,0,0,0,0,0,0,0
292,292,292,22/01/2018,0,1,0,0,0,0,0,0
293,293,293,25/01/2018,0,1,0,0,0,0,0,0
294,294,294,25/01/2018,1,0,0,0,0,0,0,0
295,295,295,25/01/2018,0,1,0,0,0,0,0,0
296,296,296,27/01/2018,0,1,0,0,0,0,0,0
297,297,297,28/01/2018,1,0,0,0,0,0,0,0
298,298,298,01/02/2018,0,1,0,0,0,0,0,0
299,299,299,01/02/2018,0,1,0,0,0,0,0,0
300,300,300,01/02/2018,0,1,0,0,0,0,0,0
301,301,301,02/02/2018,1,0,0,0,0,0,0,0
302,302,302,03/02/2018,0,1,0,0,0,0,0,0
303,303,303,04/02/2018,0,1,0,0,0,0,0,0
304,304,304,05/02/2018,0,1,0,0,0,0,0,0
305,305,305,07/02/2018,1,0,0,0,0,0,0,0
306,306,306,07/02/2018,0,1,0,0,0,0,0,0
307,307,307,08/02/2018,0,1,0,0,0,0,0,0
308,308,308,08/02/2018,0,1,0,0,0,0,0,0
309,309,309,08/02/2018,0,1,0,0,0,0,0,0
310,310,310,09/02/2018,0,1,0,0,0,0,0,0
311,311,311,11/02/2018,0,0,0,2,0,0,0,0
312,312,312,15/02/2018,0,3,0,0,0,0,0,0
313,313,313,16/02/2018,0,1,0,0,0,0,0,0
314,314,314,16/02/2018,0,1,0,0,0,0,0,0
315,315,315,16/02/2018,0,1,0,0,0,0,0,0
316,316,316,16/02/2018,0,-1,0,0,0,0,0,0
317,317,317,16/02/2018,0,-1,0,0,0,0,0,0
318,318,318,16/02/2018,0,1,0,0,0,0,0,0
319,319,319,16/02/2018,0,1,0,0,0,0,0,0
320,320,320,17/02/2018,0,0,1,0,0,0,0,0
321,321,321,18/02/2018,0,1,0,0,0,0,0,0
322,322,322,21/02/2018,0,1,0,0,0,0,0,0
323,323,323,22/02/2018,3,0,0,0,0,0,0,0
324,324,324,25/02/2018,0,1,0,0,0,0,0,0
325,325,325,25/02/2018,0,1,0,0,0,0,0,0
326,326,326,28/02/2018,0,1,0,0,0,0,0,0
327,327,327,01/03/2018,0,1,0,0,0,0,0,0
328,328,328,01/03/2018,0,2,0,0,0,0,0,0
329,329,329,01/03/2018,0,2,0,0,0,0,0,0
330,330,330,02/03/2018,0,1,0,0,0,0,0,0
331,331,331,02/03/2018,0,1,0,0,0,0,0,0
332,332,332,03/03/2018,0,1,0,0,0,0,0,0
333,333,333,05/03/2018,0,1,0,0,0,0,0,0
334,334,334,07/03/2018,0,0,0,1,0,0,0,0
335,335,335,16/03/2018,0,0,1,0,0,0,0,0
336,336,336,17/03/2018,0,1,0,0,0,0,0,0
337,337,337,18/03/2018,0,1,0,0,0,0,0,0
338,338,338,18/03/2018,0,1,0,0,0,0,0,0
339,339,339,19/03/2018,0,1,0,0,0,0,0,0
340,340,340,19/03/2018,0,1,0,0,0,0,0,0
341,341,341,19/03/2018,0,1,0,0,0,0,0,0
342,342,342,19/03/2018,0,1,0,0,0,0,0,0
343,343,343,25/03/2018,0,1,0,0,0,0,0,0
344,344,344,26/03/2018,0,1,0,0,0,0,0,0
345,345,345,29/03/2018,0,0,0,1,0,0,0,0
346,346,346,29/03/2018,0,0,1,0,0,0,0,0
347,347,347,29/03/2018,0,1,0,0,0,0,0,0
348,348,348,30/03/2018,1,0,0,0,0,0,0,0
349,349,349,31/03/2018,2,0,0,0,0,0,0,0
350,350,350,31/03/2018,1,0,0,0,0,0,0,0
351,351,351,31/03/2018,1,0,0,0,0,0,0,0
352,352,352,31/03/2018,0,1,0,0,0,0,0,0
353,353,353,03/04/2018,1,0,0,0,0,0,0,0
354,354,354,03/04/2018,0,1,0,0,0,0,0,0
355,355,355,03/04/2018,0,0,1,0,0,0,0,0
356,356,356,03/04/2018,0,1,0,0,0,0,0,0
357,357,357,04/04/2018,1,0,0,0,0,0,0,0
358,358,358,06/04/2018,0,1,0,0,0,0,0,0
359,359,359,07/04/2018,0,1,0,0,0,0,0,0
360,360,360,08/04/2018,0,1,0,0,0,0,0,0
361,361,361,08/04/2018,2,0,0,0,0,0,0,0
362,362,362,08/04/2018,-2,0,0,0,0,0,0,0
363,363,363,09/04/2018,0,0,1,0,0,0,0,0
364,364,364,09/04/2018,1,0,0,0,0,0,0,0
365,365,365,10/04/2018,0,1,0,0,0,0,0,0
366,366,366,11/04/2018,0,1,0,0,0,0,0,0
367,367,367,12/04/2018,0,1,0,0,0,0,0,0
368,368,368,13/04/2018,0,1,0,0,0,0,0,0
369,369,369,15/04/2018,1,0,0,0,0,0,0,0
370,370,370,16/04/2018,0,1,0,0,0,0,0,0
371,371,371,17/04/2018,0,1,0,0,0,0,0,0
372,372,372,17/04/2018,0,1,0,0,0,0,0,0
373,373,373,18/04/2018,0,1,0,0,0,0,0,0
374,374,374,19/04/2018,0,1,0,0,0,0,0,0
375,375,375,19/04/2018,0,1,0,0,0,0,0,0
376,376,376,22/04/2018,0,1,0,0,0,0,0,0
377,377,377,23/04/2018,0,2,0,0,0,0,0,0
378,378,378,24/04/2018,1,0,0,0,0,0,0,0
379,379,379,24/04/2018,0,1,0,0,0,0,0,0
380,380,380,24/04/2018,2,0,0,0,0,0,0,0
381,381,381,26/04/2018,0,1,0,0,0,0,0,0
382,382,382,26/04/2018,1,0,0,0,0,0,0,0
383,383,383,28/04/2018,0,1,0,0,0,0,0,0
384,384,384,29/04/2018,1,0,0,0,0,0,0,0
385,385,385,01/05/2018,1,0,0,0,0,0,0,0
386,386,386,03/05/2018,1,0,0,0,0,0,0,0
387,387,387,07/05/2018,0,1,0,0,0,0,0,0
388,388,388,10/05/2018,0,3,0,0,0,0,0,0
389,389,389,10/05/2018,1,0,0,0,0,0,0,0
390,390,390,12/05/2018,0,1,0,0,0,0,0,0
391,391,391,13/05/2018,1,0,0,0,0,0,0,0
392,392,392,16/05/2018,1,0,0,0,0,0,0,0
393,393,393,18/05/2018,0,1,0,0,0,0,0,0
394,394,394,18/05/2018,0,1,0,0,0,0,0,0
395,395,395,19/05/2018,0,1,0,0,0,0,0,0
396,396,396,23/05/2018,0,1,0,0,0,0,0,0
397,397,397,25/05/2018,1,0,0,0,0,0,0,0
398,398,398,27/05/2018,2,0,0,0,0,0,0,0
399,399,399,29/05/2018,0,0,0,1,0,0,0,0
400,400,400,31/05/2018,1,0,0,0,0,0,0,0
401,401,401,01/06/2018,0,1,0,0,0,0,0,0
402,402,402,01/06/2018,1,0,0,0,0,0,0,0
403,403,403,01/06/2018,1,0,0,0,0,0,0,0
404,404,404,01/06/2018,0,1,0,0,0,0,0,0
405,405,405,02/06/2018,1,0,0,0,0,0,0,0
406,406,406,02/06/2018,1,0,0,0,0,0,0,0
407,407,407,03/06/2018,0,1,0,0,0,0,0,0
408,408,408,03/06/2018,0,1,0,0,0,0,0,0
409,409,409,04/06/2018,1,0,0,0,0,0,0,0
410,410,410,07/06/2018,0,1,0,0,0,0,0,0
411,411,411,08/06/2018,0,1,0,0,0,0,0,0
412,412,412,08/06/2018,0,0,1,0,0,0,0,0
413,413,413,08/06/2018,1,0,0,0,0,0,0,0
414,414,414,08/06/2018,0,1,0,0,0,0,0,0
415,415,415,08/06/2018,1,0,0,0,0,0,0,0
416,416,416,09/06/2018,0,1,0,0,0,0,0,0
417,417,417,09/06/2018,0,1,0,0,0,0,0,0
418,418,418,09/06/2018,0,2,0,0,0,0,0,0
419,419,419,09/06/2018,0,1,0,0,0,0,0,0
420,420,420,10/06/2018,0,2,0,0,0,0,0,0
421,421,421,10/06/2018,0,1,0,0,0,0,0,0
422,422,422,10/06/2018,1,0,0,0,0,0,0,0
423,423,423,11/06/2018,0,4,0,0,0,0,0,0
424,424,424,12/06/2018,1,0,0,0,0,0,0,0
425,425,425,12/06/2018,1,0,0,0,0,0,0,0
426,426,426,12/06/2018,0,1,0,0,0,0,0,0
427,427,427,12/06/2018,0,1,0,0,0,0,0,0
428,428,428,13/06/2018,0,2,0,0,0,0,0,0
429,429,429,13/06/2018,1,0,0,0,0,0,0,0
430,430,430,13/06/2018,1,0,0,0,0,0,0,0
431,431,431,13/06/2018,1,0,0,0,0,0,0,0
432,432,432,14/06/2018,0,1,0,0,0,0,0,0
433,433,433,14/06/2018,0,1,0,0,0,0,0,0
434,434,434,14/06/2018,1,0,0,0,0,0,0,0
435,435,435,14/06/2018,1,0,0,0,0,0,0,0
436,436,436,14/06/2018,0,1,0,0,0,0,0,0
437,437,437,14/06/2018,0,1,0,0,0,0,0,0
438,438,438,16/06/2018,0,1,0,0,0,0,0,0
439,439,439,16/06/2018,1,0,0,0,0,0,0,0
440,440,440,16/06/2018,1,0,0,0,0,0,0,0
441,441,441,16/06/2018,1,0,0,0,0,0,0,0
442,442,442,18/06/2018,1,0,0,0,0,0,0,0
443,443,443,19/06/2018,0,1,0,0,0,0,0,0
444,444,444,19/06/2018,1,0,0,0,0,0,0,0
445,445,445,20/06/2018,0,1,0,0,0,0,0,0
446,446,446,20/06/2018,0,0,2,0,0,0,0,0
447,447,447,21/06/2018,0,1,0,0,0,0,0,0
448,448,448,21/06/2018,0,1,0,0,0,0,0,0
449,449,449,21/06/2018,0,2,0,0,0,0,0,0
450,450,450,21/06/2018,1,0,0,0,0,0,0,0
451,451,451,21/06/2018,1,0,0,0,0,0,0,0
452,452,452,22/06/2018,0,1,0,0,0,0,0,0
453,453,453,22/06/2018,1,0,0,0,0,0,0,0
454,454,454,22/06/2018,1,0,0,0,0,0,0,0
455,455,455,24/06/2018,0,1,0,0,0,0,0,0
456,456,456,24/06/2018,1,0,0,0,0,0,0,0
457,457,457,25/06/2018,1,0,0,0,0,0,0,0
458,458,458,25/06/2018,1,0,0,0,0,0,0,0
459,459,459,26/06/2018,1,0,0,0,0,0,0,0
460,460,460,26/06/2018,0,1,0,0,0,0,0,0
461,461,461,28/06/2018,0,1,0,0,0,0,0,0
462,462,462,28/06/2018,0,1,0,0,0,0,0,0
463,463,463,29/06/2018,1,0,0,0,0,0,0,0
464,464,464,29/06/2018,1,0,0,0,0,0,0,0
465,465,465,29/06/2018,0,1,0,0,0,0,0,0
466,466,466,30/06/2018,0,1,0,0,0,0,0,0
467,467,467,01/07/2018,0,1,0,0,0,0,0,0
468,468,468,01/07/2018,1,0,0,0,0,0,0,0
469,469,469,02/07/2018,0,1,0,0,0,0,0,0
470,470,470,02/07/2018,1,0,0,0,0,0,0,0
471,471,471,02/07/2018,0,1,0,0,0,0,0,0
472,472,472,03/07/2018,0,1,0,0,0,0,0,0
473,473,473,05/07/2018,0,1,0,0,0,0,0,0
474,474,474,05/07/2018,1,0,0,0,0,0,0,0
475,475,475,06/07/2018,0,1,0,0,0,0,0,0
476,476,476,06/07/2018,0,2,0,0,0,0,0,0
477,477,477,06/07/2018,0,1,0,0,0,0,0,0
478,478,478,06/07/2018,1,0,0,0,0,0,0,0
479,479,479,08/07/2018,0,1,0,0,0,0,0,0
480,480,480,08/07/2018,1,0,0,0,0,0,0,0
481,481,481,08/07/2018,1,0,0,0,0,0,0,0
482,482,482,08/07/2018,1,0,0,0,0,0,0,0
483,483,483,08/07/2018,2,0,0,0,0,0,0,0
484,484,484,11/07/2018,1,0,0,0,0,0,0,0
485,485,485,12/07/2018,2,0,0,0,0,0,0,0
486,486,486,12/07/2018,0,1,0,0,0,0,0,0
487,487,487,13/07/2018,0,1,0,0,0,0,0,0
488,488,488,13/07/2018,1,0,0,0,0,0,0,0
489,489,489,14/07/2018,0,1,0,0,0,0,0,0
490,490,490,15/07/2018,1,0,0,0,0,0,0,0
491,491,491,16/07/2018,1,0,0,0,0,0,0,0
492,492,492,17/07/2018,1,0,0,0,0,0,0,0
493,493,493,17/07/2018,0,1,0,0,0,0,0,0
494,494,494,17/07/2018,1,0,0,0,0,0,0,0
495,495,495,17/07/2018,1,0,0,0,0,0,0,0
496,496,496,20/07/2018,0,1,0,0,0,0,0,0
497,497,497,20/07/2018,1,0,0,0,0,0,0,0
498,498,498,21/07/2018,0,1,0,0,0,0,0,0
499,499,499,21/07/2018,1,0,0,0,0,0,0,0
500,500,500,21/07/2018,0,1,0,0,0,0,0,0
501,501,501,23/07/2018,0,1,0,0,0,0,0,0
502,502,502,23/07/2018,1,0,0,0,0,0,0,0
503,503,503,24/07/2018,0,1,0,0,0,0,0,0
504,504,504,27/07/2018,0,1,0,0,0,0,0,0
505,505,505,27/07/2018,1,0,0,0,0,0,0,0
506,506,506,28/07/2018,1,0,0,0,0,0,0,0
507,507,507,29/07/2018,1,0,0,0,0,0,0,0
508,508,508,30/07/2018,1,0,0,0,0,0,0,0
509,509,509,30/07/2018,1,0,0,0,0,0,0,0
510,510,510,31/07/2018,1,0,0,0,0,0,0,0
511,511,511,31/07/2018,1,0,0,0,0,0,0,0
512,512,512,31/07/2018,1,0,0,0,0,0,0,0
513,513,513,01/08/2018,0,1,0,0,0,0,0,0
514,514,514,02/08/2018,1,0,0,0,0,0,0,0
515,515,515,02/08/2018,1,0,0,0,0,0,0,0
516,516,516,03/08/2018,2,0,0,0,0,0,0,0
517,517,517,03/08/2018,1,0,0,0,0,0,0,0
518,518,518,03/08/2018,0,1,0,0,0,0,0,0
519,519,519,03/08/2018,0,1,0,0,0,0,0,0
520,520,520,03/08/2018,0,1,0,0,0,0,0,0
521,521,521,03/08/2018,1,0,0,0,0,0,0,0
522,522,522,05/08/2018,1,0,0,0,0,0,0,0
523,523,523,07/08/2018,0,1,0,0,0,0,0,0
524,524,524,08/08/2018,0,1,0,0,0,0,0,0
525,525,525,09/08/2018,0,1,0,0,0,0,0,0
526,526,526,09/08/2018,0,1,0,0,0,0,0,0
527,527,527,09/08/2018,0,1,0,0,0,0,0,0
528,528,528,12/08/2018,0,3,0,0,0,0,0,0
529,529,529,13/08/2018,0,1,0,0,0,0,0,0
530,530,530,13/08/2018,0,1,0,0,0,0,0,0
531,531,531,14/08/2018,0,1,0,0,0,0,0,0
532,532,532,16/08/2018,0,1,0,0,0,0,0,0
533,533,533,16/08/2018,0,1,0,0,0,0,0,0
534,534,534,16/08/2018,0,1,0,0,0,0,0,0
535,535,535,18/08/2018,0,1,0,0,0,0,0,0
536,536,536,18/08/2018,1,0,0,0,0,0,0,0
537,537,537,19/08/2018,1,0,0,0,0,0,0,0
538,538,538,21/08/2018,0,1,0,0,0,0,0,0
539,539,539,21/08/2018,0,1,0,0,0,0,0,0
540,540,540,26/08/2018,0,1,0,0,0,0,0,0
541,541,541,27/08/2018,0,1,0,0,0,0,0,0
542,542,542,01/09/2018,1,0,0,0,0,0,0,0
543,543,543,02/09/2018,0,1,0,0,0,0,0,0
544,544,544,03/09/2018,0,1,0,0,0,0,0,0
545,545,545,04/09/2018,0,1,0,0,0,0,0,0
546,546,546,04/09/2018,0,1,0,0,0,0,0,0
547,547,547,05/09/2018,0,1,0,0,0,0,0,0
548,548,548,07/09/2018,1,0,0,0,0,0,0,0
549,549,549,09/09/2018,0,1,0,0,0,0,0,0
550,550,550,13/09/2018,1,0,0,0,0,0,0,0
551,551,551,13/09/2018,0,1,0,0,0,0,0,0
552,552,552,15/09/2018,1,0,0,0,0,0,0,0
553,553,553,15/09/2018,0,0,1,0,0,0,0,0
554,554,554,16/09/2018,0,1,0,0,0,0,0,0
555,555,555,16/09/2018,1,0,0,0,0,0,0,0
556,556,556,17/09/2018,0,2,0,0,0,0,0,0
557,557,557,17/09/2018,1,0,0,0,0,0,0,0
558,558,558,18/09/2018,0,1,0,0,0,0,0,0
559,559,559,19/09/2018,0,2,0,0,0,0,0,0
560,560,560,19/09/2018,0,1,0,0,0,0,0,0
561,561,561,22/09/2018,0,1,0,0,0,0,0,0
562,562,562,22/09/2018,0,1,0,0,0,0,0,0
563,563,563,22/09/2018,0,1,0,0,0,0,0,0
564,564,564,22/09/2018,1,0,0,0,0,0,0,0
565,565,565,22/09/2018,1,0,0,0,0,0,0,0
566,566,566,22/09/2018,1,0,0,0,0,0,0,0
567,567,567,23/09/2018,1,0,0,0,0,0,0,0
568,568,568,24/09/2018,0,1,0,0,0,0,0,0
569,569,569,25/09/2018,0,1,0,0,0,0,0,0
570,570,570,27/09/2018,1,0,0,0,0,0,0,0
571,571,571,27/09/2018,0,0,1,0,0,0,0,0
572,572,572,01/10/2018,0,1,0,0,0,0,0,0
573,573,573,04/10/2018,0,1,0,0,0,0,0,0
574,574,574,04/10/2018,1,0,0,0,0,0,0,0
575,575,575,04/10/2018,1,0,0,0,0,0,0,0
576,576,576,05/10/2018,1,0,0,0,0,0,0,0
577,577,577,09/10/2018,1,0,0,0,0,0,0,0
578,578,578,10/10/2018,1,0,0,0,0,0,0,0
579,579,579,11/10/2018,2,0,0,0,0,0,0,0
580,580,580,12/10/2018,0,1,0,0,0,0,0,0
581,581,581,16/10/2018,0,1,0,0,0,0,0,0
582,582,582,18/10/2018,1,0,0,0,0,0,0,0
583,583,583,19/10/2018,1,0,0,0,0,0,0,0
584,584,584,20/10/2018,0,1,0,0,0,0,0,0
585,585,585,20/10/2018,1,0,0,0,0,0,0,0
586,586,586,21/10/2018,0,1,0,0,0,0,0,0
587,587,587,21/10/2018,0,1,0,0,0,0,0,0
588,588,588,24/10/2018,1,0,0,0,0,0,0,0
589,589,589,24/10/2018,1,0,0,0,0,0,0,0
590,590,590,25/10/2018,0,1,0,0,0,0,0,0
591,591,591,29/10/2018,0,1,0,0,0,0,0,0
592,592,592,30/10/2018,0,1,0,0,0,0,0,0
593,593,593,01/11/2018,0,1,0,0,0,0,0,0
594,594,594,01/11/2018,1,0,0,0,0,0,0,0
595,595,595,02/11/2018,0,0,1,0,0,0,0,0
596,596,596,02/11/2018,0,2,0,0,0,0,0,0
597,597,597,03/11/2018,0,1,0,0,0,0,0,0
598,598,598,03/11/2018,1,0,0,0,0,0,0,0
599,599,599,04/11/2018,0,1,0,0,0,0,0,0
600,600,600,04/11/2018,0,1,0,0,0,0,0,0
601,601,601,04/11/2018,0,1,0,0,0,0,0,0
602,602,602,05/11/2018,0,1,0,0,0,0,0,0
603,603,603,06/11/2018,0,1,0,0,0,0,0,0
604,604,604,08/11/2018,0,1,0,0,0,0,0,0
605,605,605,09/11/2018,1,0,0,0,0,0,0,0
606,606,606,13/11/2018,2,0,0,0,0,0,0,0
607,607,607,15/11/2018,0,1,0,0,0,0,0,0
608,608,608,15/11/2018,1,0,0,0,0,0,0,0
609,609,609,18/11/2018,1,0,0,0,0,0,0,0
610,610,610,20/11/2018,0,1,0,0,0,0,0,0
611,611,611,20/11/2018,0,1,0,0,0,0,0,0
612,612,612,23/11/2018,1,0,0,0,0,0,0,0
613,613,613,23/11/2018,1,0,0,0,0,0,0,0
614,614,614,24/11/2018,0,2,0,0,0,0,0,0
615,615,615,24/11/2018,0,1,0,0,0,0,0,0
616,616,616,25/11/2018,0,2,0,0,0,0,0,0
617,617,617,25/11/2018,0,1,0,0,0,0,0,0
618,618,618,25/11/2018,0,1,0,0,0,0,0,0
619,619,619,27/11/2018,0,1,0,0,0,0,0,0
620,620,620,28/11/2018,0,1,0,0,0,0,0,0
621,621,621,30/11/2018,0,1,0,0,0,0,0,0
622,622,622,01/12/2018,1,0,0,0,0,0,0,0
623,623,623,04/12/2018,0,1,0,0,0,0,0,0
624,624,624,06/12/2018,0,1,0,0,0,0,0,0
625,625,625,12/12/2018,1,0,0,0,0,0,0,0
626,626,626,13/12/2018,0,1,0,0,0,0,0,0
627,627,627,13/12/2018,0,0,1,0,0,0,0,0
628,628,628,15/12/2018,0,1,0,0,0,0,0,0
629,629,629,15/12/2018,0,1,0,0,0,0,0,0
630,630,630,15/12/2018,0,1,0,0,0,0,0,0
631,631,631,22/12/2018,0,0,1,0,0,0,0,0
632,632,632,24/12/2018,0,1,0,0,0,0,0,0
633,633,633,28/12/2018,1,0,0,0,0,0,0,0
634,634,634,31/12/2018,0,1,0,0,0,0,0,0
635,635,635,02/01/2019,0,1,0,0,0,0,0,0
636,636,636,02/01/2019,0,1,0,0,0,0,0,0
637,637,637,02/01/2019,0,1,0,0,0,0,0,0
638,638,638,03/01/2019,0,1,0,0,0,0,0,0
639,639,639,09/01/2019,0,1,0,0,0,0,0,0
640,640,640,12/01/2019,0,1,0,0,0,0,0,0
641,641,641,12/01/2019,0,1,0,0,0,0,0,0
642,642,642,13/01/2019,1,0,0,0,0,0,0,0
643,643,643,13/01/2019,0,1,0,0,0,0,0,0
644,644,644,15/01/2019,0,1,0,0,0,0,0,0
645,645,645,18/01/2019,0,1,0,0,0,0,0,0
646,646,646,20/01/2019,0,1,0,0,0,0,0,0
647,647,647,20/01/2019,0,1,0,0,0,0,0,0
648,648,648,28/01/2019,0,1,0,0,0,0,0,0
649,649,649,29/01/2019,0,0,0,1,0,0,0,0
650,650,650,30/01/2019,0,1,0,0,0,0,0,0
651,651,651,02/02/2019,0,1,0,0,0,0,0,0
652,652,652,05/02/2019,1,0,0,0,0,0,0,0
653,653,653,06/02/2019,2,0,0,0,0,0,0,0
654,654,654,06/02/2019,0,1,0,0,0,0,0,0
655,655,655,08/02/2019,1,0,0,0,0,0,0,0
656,656,656,09/02/2019,1,0,0,0,0,0,0,0
657,657,657,10/02/2019,0,1,0,0,0,0,0,0
658,658,658,10/02/2019,2,0,0,0,0,0,0,0
659,659,659,11/02/2019,0,1,0,0,0,0,0,0
660,660,660,12/02/2019,0,1,0,0,0,0,0,0
661,661,661,13/02/2019,1,0,0,0,0,0,0,0
662,662,662,14/02/2019,1,0,0,0,0,0,0,0
663,663,663,15/02/2019,0,1,0,0,0,0,0,0
664,664,664,16/02/2019,1,0,0,0,0,0,0,0
665,665,665,17/02/2019,1,0,0,0,0,0,0,0
666,666,666,17/02/2019,1,0,0,0,0,0,0,0
667,667,667,17/02/2019,0,1,0,0,0,0,0,0
668,668,668,17/02/2019,1,0,0,0,0,0,0,0
669,669,669,19/02/2019,0,1,0,0,0,0,0,0
670,670,670,19/02/2019,1,0,0,0,0,0,0,0
671,671,671,20/02/2019,0,1,0,0,0,0,0,0
672,672,672,20/02/2019,0,1,0,0,0,0,0,0
673,673,673,22/02/2019,1,0,0,0,0,0,0,0
674,674,674,23/02/2019,1,0,0,0,0,0,0,0
675,675,675,24/02/2019,2,0,0,0,0,0,0,0
676,676,676,25/02/2019,2,0,0,0,0,0,0,0
677,677,677,26/02/2019,0,1,0,0,0,0,0,0
678,678,678,27/02/2019,1,0,0,0,0,0,0,0
679,679,679,27/02/2019,0,1,0,0,0,0,0,0
680,680,680,27/02/2019,1,0,0,0,0,0,0,0
681,681,681,01/03/2019,0,1,0,0,0,0,0,0
682,682,682,01/03/2019,1,0,0,0,0,0,0,0
683,683,683,01/03/2019,0,1,0,0,0,0,0,0
684,684,684,02/03/2019,1,0,0,0,0,0,0,0
685,685,685,03/03/2019,1,0,0,0,0,0,0,0
686,686,686,04/03/2019,1,0,0,0,0,0,0,0
687,687,687,05/03/2019,0,1,0,0,0,0,0,0
688,688,688,05/03/2019,0,1,0,0,0,0,0,0
689,689,689,06/03/2019,0,1,0,0,0,0,0,0
690,690,690,08/03/2019,0,2,0,0,0,0,0,0
691,691,691,10/03/2019,1,0,0,0,0,0,0,0
692,692,692,13/03/2019,0,1,0,0,0,0,0,0
693,693,693,16/03/2019,0,1,0,0,0,0,0,0
694,694,694,16/03/2019,0,0,1,0,0,0,0,0
695,695,695,17/03/2019,1,0,0,0,0,0,0,0
696,696,696,17/03/2019,0,1,0,0,0,0,0,0
697,697,697,17/03/2019,0,1,0,0,0,0,0,0
698,698,698,19/03/2019,1,0,0,0,0,0,0,0
699,699,699,19/03/2019,0,1,0,0,0,0,0,0
700,700,700,22/03/2019,0,2,0,0,0,0,0,0
701,701,701,23/03/2019,0,1,0,0,0,0,0,0
702,702,702,24/03/2019,0,1,0,0,0,0,0,0
703,703,703,29/03/2019,0,1,0,0,0,0,0,0
704,704,704,30/03/2019,0,1,0,0,0,0,0,0
705,705,705,31/03/2019,0,1,0,0,0,0,0,0
706,706,706,31/03/2019,0,1,0,0,0,0,0,0
707,707,707,05/04/2019,1,0,0,0,0,0,0,0
708,708,708,05/04/2019,0,1,0,0,0,0,0,0
709,709,709,05/04/2019,1,0,0,0,0,0,0,0
710,710,710,06/04/2019,1,0,0,0,0,0,0,0
711,711,711,07/04/2019,1,0,0,0,0,0,0,0
712,712,712,11/04/2019,0,1,0,0,0,0,0,0
713,713,713,11/04/2019,1,0,0,0,0,0,0,0
714,714,714,16/04/2019,0,0,0,1,0,0,0,0
715,715,715,16/04/2019,0,1,0,0,0,0,0,0
716,716,716,17/04/2019,0,1,0,0,0,0,0,0
717,717,717,18/04/2019,0,1,0,0,0,0,0,0
718,718,718,18/04/2019,1,0,0,0,0,0,0,0
719,719,719,20/04/2019,0,1,0,0,0,0,0,0
720,720,720,20/04/2019,0,1,0,0,0,0,0,0
721,721,721,23/04/2019,0,2,0,0,0,0,0,0
722,722,722,23/04/2019,0,1,0,0,0,0,0,0
723,723,723,26/04/2019,0,0,1,0,0,0,0,0
724,724,724,26/04/2019,0,1,0,0,0,0,0,0
725,725,725,26/04/2019,0,1,0,0,0,0,0,0
726,726,726,26/04/2019,0,1,0,0,0,0,0,0
727,727,727,27/04/2019,0,1,0,0,0,0,0,0
728,728,728,27/04/2019,0,1,0,0,0,0,0,0
729,729,729,30/04/2019,0,0,0,1,0,0,0,0
730,730,730,30/04/2019,0,1,0,0,0,0,0,0
731,731,731,01/05/2019,0,1,0,0,0,0,0,0
732,732,732,01/05/2019,0,1,0,0,0,0,0,0
733,733,733,03/05/2019,1,0,0,0,0,0,0,0
734,734,734,16/05/2019,0,1,0,0,0,0,0,0
735,735,735,17/05/2019,0,1,0,0,0,0,0,0
736,736,736,20/05/2019,0,0,0,1,0,0,0,0
737,737,737,20/05/2019,0,1,0,0,0,0,0,0
738,738,738,27/05/2019,0,1,0,0,0,0,0,0
739,739,739,27/05/2019,0,1,0,0,0,0,0,0
740,740,740,28/05/2019,0,0,0,1,0,0,0,0
741,741,741,01/06/2019,0,1,0,0,0,0,0,0
742,742,742,01/06/2019,0,2,0,0,0,0,0,0
743,743,743,02/06/2019,0,0,1,0,0,0,0,0
744,744,744,03/06/2019,0,1,0,0,0,0,0,0
745,745,745,04/06/2019,0,1,0,0,0,0,0,0
746,746,746,10/06/2019,0,1,0,0,0,0,0,0
747,747,747,10/06/2019,0,1,0,0,0,0,0,0
748,748,748,12/06/2019,0,1,0,0,0,0,0,0
749,749,749,12/06/2019,0,1,0,0,0,0,0,0
750,750,750,13/06/2019,0,1,0,0,0,0,0,0
751,751,751,14/06/2019,0,1,0,0,0,0,0,0
752,752,752,14/06/2019,0,1,0,0,0,0,0,0
753,753,753,18/06/2019,0,1,0,0,0,0,0,0
754,754,754,19/06/2019,0,1,0,0,0,0,0,0
755,755,755,20/06/2019,0,3,0,0,0,0,0,0
756,756,756,22/06/2019,0,1,0,0,0,0,0,0
757,757,757,28/06/2019,0,1,0,0,0,0,0,0
758,758,758,28/06/2019,0,1,0,0,0,0,0,0
759,759,759,29/06/2019,0,0,1,0,0,0,0,0
760,760,760,29/06/2019,0,0,1,0,0,0,0,0
761,761,761,01/07/2019,0,1,0,0,0,0,0,0
762,762,762,01/07/2019,0,1,0,0,0,0,0,0
763,763,763,02/07/2019,0,1,0,0,0,0,0,0
764,764,764,03/07/2019,0,1,0,0,0,0,0,0
765,765,765,07/07/2019,0,1,0,0,0,0,0,0
766,766,766,10/07/2019,0,0,0,1,0,0,0,0
767,767,767,13/07/2019,0,1,0,0,0,0,0,0
768,768,768,13/07/2019,0,2,0,0,0,0,0,0
769,769,769,15/07/2019,0,1,0,0,0,0,0,0
770,770,770,17/07/2019,0,1,0,0,0,0,0,0
771,771,771,20/07/2019,0,0,1,0,0,0,0,0
772,772,772,23/07/2019,0,0,0,2,0,0,0,0
773,773,773,29/07/2019,0,1,0,0,0,0,0,0
774,774,774,29/07/2019,0,1,0,0,0,0,0,0
775,775,775,01/08/2019,0,1,0,0,0,0,0,0
776,776,776,02/08/2019,0,1,0,0,0,0,0,0
777,777,777,04/08/2019,0,1,0,0,0,0,0,0
778,778,778,08/08/2019,0,1,0,0,0,0,0,0
779,779,779,09/08/2019,0,0,1,0,0,0,0,0
780,780,780,10/08/2019,0,1,0,0,0,0,0,0
781,781,781,12/08/2019,1,0,0,0,0,0,0,0
782,782,782,14/08/2019,0,1,0,0,0,0,0,0
783,783,783,16/08/2019,0,0,1,0,0,0,0,0
784,784,784,16/08/2019,1,0,0,0,0,0,0,0
785,785,785,17/08/2019,1,0,0,0,0,0,0,0
786,786,786,19/08/2019,0,1,0,0,0,0,0,0
787,787,787,20/08/2019,0,2,0,0,0,0,0,0
788,788,788,23/08/2019,0,1,0,0,0,0,0,0
789,789,789,24/08/2019,1,0,0,0,0,0,0,0
790,790,790,24/08/2019,0,1,0,0,0,0,0,0
791,791,791,24/08/2019,1,0,0,0,0,0,0,0
792,792,792,25/08/2019,1,0,0,0,0,0,0,0
793,793,793,29/08/2019,0,1,0,0,0,0,0,0
794,794,794,01/09/2019,0,1,0,0,0,0,0,0
795,795,795,01/09/2019,0,1,0,0,0,0,0,0
796,796,796,01/09/2019,0,2,0,0,0,0,0,0
797,797,797,01/09/2019,0,1,0,0,0,0,0,0
798,798,798,03/09/2019,1,0,0,0,0,0,0,0
799,799,799,07/09/2019,1,0,0,0,0,0,0,0
800,800,800,08/09/2019,1,0,0,0,0,0,0,0
801,801,801,11/09/2019,2,0,0,0,0,0,0,0
802,802,802,11/09/2019,0,1,0,0,0,0,0,0
803,803,803,15/09/2019,0,2,0,0,0,0,0,0
804,804,804,15/09/2019,1,0,0,0,0,0,0,0
805,805,805,18/09/2019,0,1,0,0,0,0,0,0
806,806,806,22/09/2019,0,1,0,0,0,0,0,0
807,807,807,22/09/2019,0,1,0,0,0,0,0,0
808,808,808,22/09/2019,0,1,0,0,0,0,0,0
809,809,809,26/09/2019,0,1,0,0,0,0,0,0
810,810,810,27/09/2019,0,2,0,0,0,0,0,0
811,811,811,28/09/2019,0,1,0,0,0,0,0,0
812,812,812,28/09/2019,0,1,0,0,0,0,0,0
813,813,813,29/09/2019,0,1,0,0,0,0,0,0
814,814,814,04/10/2019,0,1,0,0,0,0,0,0
815,815,815,13/10/2019,0,1,0,0,0,0,0,0
816,816,816,19/10/2019,0,1,0,0,0,0,0,0
817,817,817,24/10/2019,0,0,0,1,0,0,0,0
818,818,818,25/10/2019,0,1,0,0,0,0,0,0
819,819,819,30/10/2019,0,1,0,0,0,0,0,0
820,820,820,31/10/2019,0,1,0,0,0,0,0,0
821,821,821,31/10/2019,0,1,0,0,0,0,0,0
822,822,822,02/11/2019,0,1,0,0,0,0,0,0
823,823,823,05/11/2019,0,2,0,0,0,0,0,0
824,824,824,06/11/2019,0,1,0,0,0,0,0,0
825,825,825,08/11/2019,0,1,0,0,0,0,0,0
826,826,826,09/11/2019,0,1,0,0,0,0,0,0
827,827,827,11/11/2019,0,1,0,0,0,0,0,0
828,828,828,11/11/2019,0,1,0,0,0,0,0,0
829,829,829,11/11/2019,0,1,0,0,0,0,0,0
830,830,830,14/11/2019,0,1,0,0,0,0,0,0
831,831,831,17/11/2019,0,1,0,0,0,0,0,0
832,832,832,18/11/2019,0,1,0,0,0,0,0,0
833,833,833,21/11/2019,0,1,0,0,0,0,0,0
834,834,834,24/11/2019,0,1,0,0,0,0,0,0
835,835,835,26/11/2019,0,1,0,0,0,0,0,0
836,836,836,27/11/2019,0,2,0,0,0,0,0,0
837,837,837,27/11/2019,0,0,0,0,1,0,0,0
838,838,838,29/11/2019,0,1,0,0,0,0,0,0
839,839,839,01/12/2019,0,0,0,0,1,0,0,0
840,840,840,02/12/2019,0,1,0,0,0,0,0,0
841,841,841,03/12/2019,0,1,0,0,0,0,0,0
842,842,842,04/12/2019,0,1,0,0,0,0,0,0
843,843,843,07/12/2019,0,0,0,0,1,0,0,0
844,844,844,10/12/2019,0,0,0,0,1,0,0,0
845,845,845,13/12/2019,0,1,0,0,0,0,0,0
846,846,846,14/12/2019,0,0,0,0,1,0,0,0
847,847,847,16/12/2019,0,0,0,0,2,0,0,0
848,848,848,16/12/2019,0,0,0,0,1,0,0,0
849,849,849,16/12/2019,0,0,0,0,1,0,0,0
850,850,850,18/12/2019,0,2,0,0,0,0,0,0
851,851,851,18/12/2019,0,0,0,0,1,0,0,0
852,852,852,18/12/2019,0,1,0,0,0,0,0,0
853,853,853,18/12/2019,0,0,0,0,1,0,0,0
854,854,854,21/12/2019,0,1,0,0,0,0,0,0
855,855,855,22/12/2019,0,1,0,0,0,0,0,0
856,856,856,22/12/2019,0,1,0,0,0,0,0,0
857,857,857,22/12/2019,0,1,0,0,0,0,0,0
858,858,858,25/12/2019,0,1,0,0,0,0,0,0
859,859,859,29/12/2019,0,0,0,0,1,0,0,0
860,860,860,30/12/2019,0,1,0,0,0,0,0,0
861,861,861,30/12/2019,0,1,0,0,0,0,0,0
862,862,862,01/01/2020,0,1,0,0,0,0,0,0
863,863,863,03/01/2020,0,2,0,0,0,0,0,0
864,864,864,03/01/2020,0,1,0,0,0,0,0,0
865,865,865,06/01/2020,0,1,0,0,0,0,0,0
866,866,866,07/01/2020,0,1,0,0,0,0,0,0
867,867,867,07/01/2020,0,1,0,0,0,0,0,0
868,868,868,08/01/2020,0,1,0,0,0,0,0,0
869,869,869,09/01/2020,0,1,0,0,0,0,0,0
870,870,870,10/01/2020,0,1,0,0,0,0,0,0
871,871,871,11/01/2020,0,1,0,0,0,0,0,0
872,872,872,15/01/2020,0,1,0,0,0,0,0,0
873,873,873,17/01/2020,0,1,0,0,0,0,0,0
874,874,874,17/01/2020,0,0,0,0,1,0,0,0
875,875,875,19/01/2020,0,2,0,0,0,0,0,0
876,876,876,19/01/2020,0,1,0,0,0,0,0,0
877,877,877,19/01/2020,0,1,0,0,0,0,0,0
878,878,878,20/01/2020,0,2,0,0,0,0,0,0
879,879,879,20/01/2020,0,1,0,0,0,0,0,0
880,880,880,21/01/2020,0,1,0,0,0,0,0,0
881,881,881,22/01/2020,0,0,0,0,1,0,0,0
882,882,882,25/01/2020,0,0,0,0,1,0,0,0
883,883,883,27/01/2020,0,1,0,0,0,0,0,0
884,884,884,28/01/2020,0,1,0,0,0,0,0,0
885,885,885,31/01/2020,0,0,0,0,1,0,0,0
886,886,886,01/02/2020,0,1,0,0,0,0,0,0
887,887,887,02/02/2020,0,1,0,0,0,0,0,0
888,888,888,03/02/2020,0,1,0,0,0,0,0,0
889,889,889,04/02/2020,0,0,0,0,1,0,0,0
890,890,890,10/02/2020,0,1,0,0,0,0,0,0
891,891,891,13/02/2020,0,1,0,0,0,0,0,0
892,892,892,16/02/2020,0,1,0,0,0,0,0,0
893,893,893,17/02/2020,0,1,0,0,0,0,0,0
894,894,894,18/02/2020,0,1,0,0,0,0,0,0
895,895,895,20/02/2020,0,1,0,0,0,0,0,0
896,896,896,22/02/2020,0,1,0,0,0,0,0,0
897,897,897,27/02/2020,0,0,1,0,0,0,0,0
898,898,898,28/02/2020,0,2,0,0,0,0,0,0
899,899,899,05/03/2020,0,2,0,0,0,0,0,0
900,900,900,05/03/2020,0,1,0,0,0,0,0,0
901,901,901,10/03/2020,0,1,0,0,0,0,0,0
902,902,902,17/03/2020,0,1,0,0,0,0,0,0
903,903,903,20/03/2020,0,1,0,0,0,0,0,0
904,904,904,01/05/2020,0,1,0,0,0,0,0,0
905,905,905,19/05/2020,0,1,0,0,0,0,0,0
906,906,906,21/05/2020,0,2,0,0,0,0,0,0
907,907,907,23/05/2020,0,2,0,0,0,0,0,0
908,908,908,27/05/2020,0,1,0,0,0,0,0,0
909,909,909,28/05/2020,0,1,0,0,0,0,0,0
910,910,910,06/07/2020,0,1,0,0,0,0,0,0
911,911,911,07/07/2020,0,1,0,0,0,0,0,0
912,912,912,07/07/2020,0,1,0,0,0,0,0,0
913,913,913,14/07/2020,0,1,0,0,0,0,0,0
914,914,914,20/07/2020,0,1,0,0,0,0,0,0
915,915,915,20/07/2020,0,1,0,0,0,0,0,0
916,916,916,20/07/2020,0,1,0,0,0,0,0,0
917,917,917,24/07/2020,0,1,0,0,0,0,0,0
918,918,918,24/07/2020,0,1,0,0,0,0,0,0
919,919,919,27/07/2020,0,1,0,0,0,0,0,0
920,920,920,03/08/2020,0,0,0,0,1,0,0,0
921,921,921,05/08/2020,0,1,0,0,0,0,0,0
922,922,922,10/08/2020,0,1,0,0,0,0,0,0
923,923,923,12/08/2020,0,1,0,0,0,0,0,0
924,924,924,13/08/2020,0,1,0,0,0,0,0,0
925,925,925,15/08/2020,0,1,0,0,0,0,0,0
926,926,926,17/08/2020,0,0,0,0,1,0,0,0
927,927,927,17/08/2020,0,0,0,0,1,0,0,0
928,928,928,01/09/2020,0,1,0,0,0,0,0,0
929,929,929,02/09/2020,0,1,0,0,0,0,0,0
930,930,930,02/09/2020,0,1,0,0,0,0,0,0
931,931,931,02/09/2020,0,1,0,0,0,0,0,0
932,932,932,04/09/2020,0,1,0,0,0,0,0,0
933,933,933,07/09/2020,0,3,0,0,0,0,0,0
934,934,934,07/09/2020,0,1,0,0,0,0,0,0
935,935,935,08/09/2020,0,1,0,0,0,0,0,0
936,936,936,11/09/2020,0,0,0,0,1,0,0,0
937,937,937,12/09/2020,0,1,0,0,0,0,0,0
938,938,938,12/09/2020,0,2,0,0,0,0,0,0
939,939,939,12/09/2020,0,0,0,0,2,0,0,0
940,940,940,14/09/2020,0,0,0,0,1,0,0,0
941,941,941,20/09/2020,0,1,0,0,0,0,0,0
942,942,942,22/09/2020,0,0,0,0,1,0,0,0
943,943,943,22/09/2020,0,1,0,0,0,0,0,0
944,944,944,22/09/2020,0,0,0,0,2,0,0,0
945,945,945,25/09/2020,0,1,0,0,0,0,0,0
946,946,946,26/09/2020,0,1,0,0,0,0,0,0
947,947,947,28/09/2020,0,1,0,0,0,0,0,0
948,948,948,29/09/2020,0,1,0,0,0,0,0,0
949,949,949,29/09/2020,0,1,0,0,0,0,0,0
950,950,950,01/10/2020,0,1,0,0,0,0,0,0
951,951,951,03/10/2020,0,1,0,0,0,0,0,0
952,952,952,03/10/2020,0,0,0,0,1,0,0,0
953,953,953,03/10/2020,0,1,0,0,0,0,0,0
954,954,954,03/10/2020,0,0,0,0,1,0,0,0
955,955,955,04/10/2020,0,0,0,0,1,0,0,0
956,956,956,06/10/2020,0,1,0,0,0,0,0,0
957,957,957,07/10/2020,0,1,0,0,0,0,0,0
958,958,958,08/10/2020,0,1,0,0,0,0,0,0
959,959,959,08/10/2020,0,1,0,0,0,0,0,0
960,960,960,09/10/2020,0,1,0,0,0,0,0,0
961,961,961,10/10/2020,0,1,0,0,0,0,0,0
962,962,962,10/10/2020,0,1,0,0,0,0,0,0
963,963,963,15/10/2020,0,1,0,0,0,0,0,0
964,964,964,16/10/2020,0,1,0,0,0,0,0,0
965,965,965,16/10/2020,0,1,0,0,0,0,0,0
966,966,966,16/10/2020,0,1,0,0,0,0,0,0
967,967,967,17/10/2020,0,1,0,0,0,0,0,0
968,968,968,17/10/2020,0,1,0,0,0,0,0,0
969,969,969,19/10/2020,0,1,0,0,0,0,0,0
970,970,970,19/10/2020,0,1,0,0,0,0,0,0
971,971,971,21/10/2020,0,0,0,0,1,0,0,0
972,972,972,23/10/2020,0,1,0,0,0,0,0,0
973,973,973,24/10/2020,0,1,0,0,0,0,0,0
974,974,974,24/10/2020,0,0,0,0,1,0,0,0
975,975,975,25/10/2020,0,1,0,0,0,0,0,0
976,976,976,10/11/2020,0,0,0,0,1,0,0,0
977,977,977,11/11/2020,0,0,0,0,1,0,0,0
978,978,978,12/11/2020,0,1,0,0,0,0,0,0
979,979,979,13/11/2020,0,0,0,0,1,0,0,0
980,980,980,13/11/2020,0,1,0,0,0,0,0,0
981,981,981,21/11/2020,0,2,0,0,0,0,0,0
982,982,982,25/11/2020,0,0,0,0,0,1,0,0
983,983,983,25/11/2020,0,1,0,0,0,0,0,0
984,984,984,26/11/2020,0,0,0,0,1,0,0,0
985,985,985,01/12/2020,0,2,0,0,0,0,0,0
986,986,986,04/12/2020,0,2,0,0,0,0,0,0
987,987,987,06/12/2020,0,0,0,0,0,1,0,0
988,988,988,07/12/2020,0,1,0,0,0,0,0,0
989,989,989,11/12/2020,0,0,0,0,0,1,0,0
990,990,990,12/12/2020,0,2,0,0,0,0,0,0
991,991,991,13/12/2020,0,2,0,0,0,0,0,0
992,992,992,14/12/2020,0,0,0,0,0,1,0,0
993,993,993,18/12/2020,0,0,0,0,0,0,1,0
994,994,994,19/12/2020,0,0,0,0,0,0,1,0
995,995,995,21/12/2020,0,0,0,0,0,0,0,1
996,996,996,23/12/2020,0,0,0,0,0,0,1,0
997,997,997,24/12/2020,0,0,0,0,0,0,1,0
998,998,998,26/12/2020,0,1,0,0,0,0,0,0
999,999,999,26/12/2020,0,0,0,0,0,0,1,0
1000,1000,1000,27/12/2020,0,0,0,0,0,1,0,0
1001,1001,1001,29/12/2020,0,0,0,0,0,1,0,0
1002,1002,1002,30/12/2020,0,3,0,0,0,0,0,0
1003,1003,1003,31/12/2020,0,0,0,0,0,0,1,0
1004,1004,1004,02/01/2021,0,0,0,0,0,1,0,0
1005,1005,1005,03/01/2021,0,-1,0,0,0,0,0,0
1006,1006,1006,03/01/2021,0,12,0,0,0,0,0,0
1007,1007,1007,03/01/2021,13,0,0,0,0,0,0,0
1008,1008,1008,03/01/2021,0,0,0,4,0,0,0,0
1009,1009,1009,03/01/2021,0,0,0,0,0,0,0,1
1010,1010,1010,03/01/2021,0,1,0,0,0,0,0,0
1011,1011,1011,03/01/2021,0,0,0,0,0,0,1,0
1012,1012,1012,04/01/2021,0,0,0,0,0,0,1,0
1013,1013,1013,04/01/2021,0,0,0,0,0,0,1,0
1014,1014,1014,07/01/2021,0,0,0,0,0,0,1,0
1015,1015,1015,07/01/2021,0,0,0,0,0,0,1,0
1016,1016,1016,09/01/2021,0,0,0,0,0,1,0,0
1017,1017,1017,11/01/2021,0,0,0,0,0,0,1,0
1018,1018,1018,12/01/2021,0,0,0,0,0,0,0,1
1019,1019,1019,12/01/2021,0,1,0,0,0,0,0,0
1020,1020,1020,14/01/2021,0,0,0,0,0,1,0,0
1021,1021,1021,15/01/2021,0,0,0,0,0,0,1,0
1022,1022,1022,15/01/2021,0,1,0,0,0,0,0,0
1023,1023,1023,16/01/2021,0,0,0,0,0,0,1,0
1024,1024,1024,16/01/2021,0,0,0,0,0,0,1,0
1025,1025,1025,18/01/2021,0,0,0,0,0,0,1,0
1026,1026,1026,19/01/2021,0,0,0,0,0,0,1,0
1027,1027,1027,19/01/2021,0,2,0,0,0,0,0,0
1028,1028,1028,22/01/2021,0,0,0,0,0,0,0,1
1029,1029,1029,23/01/2021,0,2,0,0,0,0,0,0
1030,1030,1030,25/01/2021,0,1,0,0,0,0,0,0
1031,1031,1031,28/01/2021,0,0,0,0,0,0,2,0
1032,1032,1032,29/01/2021,0,1,0,0,0,0,0,0
1033,1033,1033,31/01/2021,0,0,0,0,0,0,1,0
1034,1034,1034,31/01/2021,0,0,0,0,0,1,0,0
1035,1035,1035,31/01/2021,0,1,0,0,0,0,0,0
1036,1036,1036,01/02/2021,0,0,0,0,0,1,0,0
1037,1037,1037,02/02/2021,0,1,0,0,0,0,0,0
1038,1038,1038,04/02/2021,0,0,0,0,0,0,1,0
1039,1039,1039,05/02/2021,0,0,0,0,0,0,0,1
1040,1040,1040,05/02/2021,0,0,0,0,0,0,2,0
1041,1041,1041,06/02/2021,0,0,0,0,0,0,1,0
1042,1042,1042,06/02/2021,0,0,0,0,0,0,1,0
1043,1043,1043,08/02/2021,0,0,0,0,0,0,1,0
1044,1044,1044,08/02/2021,0,0,0,0,0,0,1,0
1045,1045,1045,09/02/2021,0,0,0,0,0,0,1,0
1046,1046,1046,10/02/2021,0,0,0,0,0,1,0,0
1047,1047,1047,13/02/2021,0,1,0,0,0,0,0,0
1048,1048,1048,13/02/2021,0,1,0,0,0,0,0,0
1049,1049,1049,14/02/2021,0,0,0,0,0,0,0,1
1050,1050,1050,15/02/2021,0,1,0,0,0,0,0,0
1051,1051,1051,20/02/2021,0,0,0,0,0,0,0,1
1052,1052,1052,27/02/2021,0,0,0,0,0,0,1,0
1053,1053,1053,28/02/2021,0,0,0,0,0,0,1,0
1054,1054,1054,01/03/2021,0,0,0,0,0,0,1,0
1055,1055,1055,03/03/2021,0,0,0,0,0,0,0,1
1056,1056,1056,09/03/2021,0,1,0,0,0,0,0,0
1057,1057,1057,11/03/2021,0,0,0,0,0,0,1,0
1058,1058,1058,26/03/2021,0,0,0,0,0,0,0,1
1059,1059,1059,26/03/2021,0,0,0,0,0,0,2,0
1060,1060,1060,29/03/2021,0,0,0,0,0,0,1,0
1061,1061,1061,31/03/2021,0,3,0,0,0,0,0,0
1062,1062,1062,31/03/2021,0,0,0,0,0,0,1,0
1063,1063,1063,31/03/2021,0,-3,0,0,0,0,0,0
1064,1064,1064,31/03/2021,0,0,0,0,0,0,-1,0
1065,1065,1065,31/03/2021,0,3,0,0,0,0,0,0
1066,1066,1066,31/03/2021,0,0,0,0,0,0,1,0
1067,1067,1067,01/04/2021,0,0,0,0,0,0,2,0
1068,1068,1068,05/04/2021,0,1,0,0,0,0,0,0
1069,1069,1069,06/04/2021,0,0,0,0,0,0,1,0
1070,1070,1070,09/04/2021,0,1,0,0,0,0,0,0
1071,1071,1071,12/04/2021,0,0,0,0,0,0,1,0
1072,1072,1072,29/04/2021,0,2,0,0,0,0,0,0
1073,1073,1073,05/05/2021,0,0,0,0,0,0,1,0
1074,1074,1074,05/05/2021,0,0,0,0,0,0,1,0
1075,1075,1075,07/05/2021,0,2,0,0,0,0,0,0
1076,1076,1076,21/05/2021,0,0,0,0,0,0,2,0
1077,1077,1077,25/05/2021,0,1,0,0,0,0,0,0
1078,1078,1078,31/05/2021,0,1,0,0,0,0,0,0
1079,1079,1079,31/05/2021,0,1,0,0,0,0,0,0
1080,1080,1080,31/05/2021,0,0,0,0,0,0,1,0
1081,1081,1081,01/06/2021,0,0,0,0,0,0,1,0
1082,1082,1082,01/06/2021,0,0,0,0,0,0,1,0
1083,1083,1083,02/06/2021,0,1,0,0,0,0,0,0
1084,1084,1084,02/06/2021,0,0,0,0,0,0,1,0
1085,1085,1085,03/06/2021,0,0,0,0,0,0,1,0
1086,1086,1086,04/06/2021,0,4,0,0,0,0,0,0
1087,1087,1087,08/06/2021,0,0,0,0,0,0,1,0
1088,1088,1088,11/06/2021,0,1,0,0,0,0,0,0
1089,1089,1089,14/06/2021,0,0,0,0,0,0,1,0
1090,1090,1090,16/06/2021,0,1,0,0,0,0,0,0
1091,1091,1091,16/06/2021,0,1,0,0,0,0,0,0
1092,1092,1092,16/06/2021,0,0,0,0,0,0,1,0
1093,1093,1093,18/06/2021,0,1,0,0,0,0,0,0
1094,1094,1094,18/06/2021,0,1,0,0,0,0,0,0
1095,1095,1095,18/06/2021,0,0,0,0,0,0,1,0
1096,1096,1096,19/06/2021,0,0,0,0,0,0,1,0
1097,1097,1097,21/06/2021,0,1,0,0,0,0,0,0
1098,1098,1098,21/06/2021,0,0,0,0,0,0,4,0
1099,1099,1099,22/06/2021,0,0,0,0,0,0,1,0
1100,1100,1100,22/06/2021,0,1,0,0,0,0,0,0
1101,1101,1101,25/06/2021,0,0,0,0,0,0,1,0
1102,1102,1102,29/06/2021,0,0,0,0,0,0,3,0
1103,1103,1103,30/06/2021,0,2,0,0,0,0,0,0
1104,1104,1104,03/07/2021,0,1,0,0,0,0,0,0
1105,1105,1105,03/07/2021,0,1,0,0,0,0,0,0
1106,1106,1106,03/07/2021,0,1,0,0,0,0,0,0
1107,1107,1107,06/07/2021,0,1,0,0,0,0,0,0
1108,1108,1108,07/07/2021,0,1,0,0,0,0,0,0
1109,1109,1109,07/07/2021,0,0,0,0,0,0,1,0
1110,1110,1110,10/07/2021,0,2,0,0,0,0,0,0
1111,1111,1111,10/07/2021,0,1,0,0,0,0,0,0
1112,1112,1112,12/07/2021,0,0,0,0,0,0,1,0
1113,1113,1113,12/07/2021,0,0,0,0,0,0,1,0
1114,1114,1114,12/07/2021,0,1,0,0,0,0,0,0
1115,1115,1115,12/07/2021,0,1,0,0,0,0,0,0
1116,1116,1116,13/07/2021,0,1,0,0,0,0,0,0
1117,1117,1117,14/07/2021,0,0,0,0,0,0,1,0
1118,1118,1118,15/07/2021,0,2,0,0,0,0,0,0
1119,1119,1119,19/07/2021,0,0,0,0,0,0,1,0
1120,1120,1120,19/07/2021,0,0,0,0,0,0,1,0
1121,1121,1121,20/07/2021,0,0,0,0,0,0,2,0
1122,1122,1122,27/07/2021,0,0,0,0,0,0,1,0
1123,1123,1123,27/07/2021,0,0,0,0,0,0,1,0
1124,1124,1124,28/07/2021,0,1,0,0,0,0,0,0
1125,1125,1125,30/07/2021,0,0,0,0,0,0,1,0
1126,1126,1126,03/08/2021,0,2,0,0,0,0,0,0
1127,1127,1127,04/08/2021,0,1,0,0,0,0,0,0
1128,1128,1128,05/08/2021,0,0,0,0,0,0,1,0
1129,1129,1129,06/08/2021,0,1,0,0,0,0,0,0
1130,1130,1130,17/08/2021,0,0,0,0,0,0,1,0
1131,1131,1131,17/08/2021,0,0,0,1,0,0,0,0
1132,1132,1132,20/08/2021,0,0,0,0,0,0,1,0
1133,1133,1133,20/08/2021,0,0,0,0,0,0,1,0
1134,1134,1134,24/08/2021,0,0,0,0,0,0,1,0
1135,1135,1135,26/08/2021,0,0,0,1,0,0,0,0
1136,1136,1136,30/08/2021,0,1,0,0,0,0,0,0
1137,1137,1137,30/08/2021,0,0,0,0,0,0,1,0
1138,1138,1138,02/09/2021,0,0,0,0,0,0,1,0
1139,1139,1139,03/09/2021,0,0,0,0,0,0,1,0
1140,1140,1140,06/09/2021,0,1,0,0,0,0,0,0
1141,1141,1141,07/09/2021,0,0,0,0,0,0,1,0
1142,1142,1142,07/09/2021,0,1,0,0,0,0,0,0
1143,1143,1143,07/09/2021,0,0,0,0,0,0,1,0
1144,1144,1144,08/09/2021,0,0,0,0,0,0,1,0
1145,1145,1145,09/09/2021,0,0,0,0,0,0,1,0
1146,1146,1146,09/09/2021,0,0,0,0,0,0,1,0
1147,1147,1147,09/09/2021,0,1,0,0,0,0,0,0
1148,1148,1148,10/09/2021,0,0,0,0,0,0,1,0
1149,1149,1149,10/09/2021,0,1,0,0,0,0,0,0
1150,1150,1150,10/09/2021,0,1,0,0,0,0,0,0
1151,1151,1151,13/09/2021,0,0,0,0,0,0,1,0
1152,1152,1152,13/09/2021,0,0,0,0,0,0,1,0
1153,1153,1153,14/09/2021,0,0,0,0,0,0,1,0
1154,1154,1154,14/09/2021,0,1,0,0,0,0,0,0
1155,1155,1155,15/09/2021,0,1,0,0,0,0,0,0
1156,1156,1156,15/09/2021,0,1,0,0,0,0,0,0
1157,1157,1157,16/09/2021,0,0,0,1,0,0,0,0
1158,1158,1158,17/09/2021,0,2,0,0,0,0,0,0
1159,1159,1159,20/09/2021,0,0,0,1,0,0,0,0
1160,1160,1160,21/09/2021,0,2,0,0,0,0,0,0
1161,1161,1161,23/09/2021,0,1,0,0,0,0,0,0
1162,1162,1162,23/09/2021,0,1,0,0,0,0,0,0
1163,1163,1163,23/09/2021,0,1,0,0,0,0,0,0
1164,1164,1164,25/09/2021,0,1,0,0,0,0,0,0
1165,1165,1165,25/09/2021,0,1,0,0,0,0,0,0
1166,1166,1166,30/09/2021,0,1,0,0,0,0,0,0
1167,1167,1167,30/09/2021,0,1,0,0,0,0,0,0
1168,1168,1168,01/10/2021,0,1,0,0,0,0,0,0
1169,1169,1169,02/10/2021,0,1,0,0,0,0,0,0
1170,1170,1170,02/10/2021,0,1,0,0,0,0,0,0
1171,1171,1171,05/10/2021,0,1,0,0,0,0,0,0
1172,1172,1172,09/10/2021,0,1,0,0,0,0,0,0
1173,1173,1173,11/10/2021,0,0,0,0,0,0,0,1
1174,1174,1174,12/10/2021,0,0,0,1,0,0,0,0
1175,1175,1175,12/10/2021,0,0,0,1,0,0,0,0
1176,1176,1176,22/10/2021,0,0,0,0,0,0,1,0
1177,1177,1177,23/10/2021,0,0,0,1,0,0,0,0
1178,1178,1178,25/10/2021,0,1,0,0,0,0,0,0
1179,1179,1179,25/10/2021,0,1,0,0,0,0,0,0
1180,1180,1180,26/10/2021,0,1,0,0,0,0,0,0
1181,1181,1181,26/10/2021,0,1,0,0,0,0,0,0
1182,1182,1182,30/10/2021,0,1,0,0,0,0,0,0
1183,1183,1183,01/11/2021,0,0,0,0,0,0,0,1
1184,1184,1184,01/11/2021,0,2,0,0,0,0,0,0
1185,1185,1185,01/11/2021,0,1,0,0,0,0,0,0
1186,1186,1186,04/11/2021,0,1,0,0,0,0,0,0
1187,1187,1187,06/11/2021,0,1,0,0,0,0,0,0
1188,1188,1188,09/11/2021,0,0,0,0,0,0,1,0
1189,1189,1189,11/11/2021,0,0,0,1,0,0,0,0
1190,1190,1190,13/11/2021,0,1,0,0,0,0,0,0
1191,1191,1191,14/11/2021,0,2,0,0,0,0,0,0
1192,1192,1192,16/11/2021,0,0,0,0,0,0,1,0
1193,1193,1193,16/11/2021,0,1,0,0,0,0,0,0
1194,1194,1194,19/11/2021,0,1,0,0,0,0,0,0
1195,1195,1195,20/11/2021,0,1,0,0,0,0,0,0
1196,1196,1196,20/11/2021,0,0,0,1,0,0,0,0
1197,1197,1197,21/11/2021,0,1,0,0,0,0,0,0
1198,1198,1198,23/11/2021,0,1,0,0,0,0,0,0
1199,1199,1199,23/11/2021,0,0,0,0,0,0,0,1
1200,1200,1200,24/11/2021,0,1,0,0,0,0,0,0
