,Unnamed: 0,Unnamed: 0.1,Date,brand J148v,PENCIL E/L,brand Z76b,brand G217u,brand O72y,brand K128P,brand z38s,brand q202Y,brand g155t,brand Y12k,brand A162z,brand l244I,brand T73v,brand c108X,brand q44b,brand y180c
0,0,0,28/11/2019,0,0,0,0,0,0,0,0,0,0,1,0,0,0,0,0
1,1,1,29/11/2019,0,0,0,0,0,0,1,0,0,0,0,0,0,0,0,0
2,2,2,29/11/2019,0,0,1,0,0,0,0,0,0,0,0,0,0,0,0,0
3,3,3,29/11/2019,0,0,1,0,0,0,0,0,0,0,0,0,0,0,0,0
4,4,4,29/11/2019,0,0,2,0,0,0,0,0,0,0,0,0,0,0,0,0
5,5,5,29/11/2019,0,0,3,0,0,0,0,0,0,0,0,0,0,0,0,0
6,6,6,29/11/2019,0,3,0,0,0,0,0,0,0,0,0,0,0,0,0,0
7,7,7,29/11/2019,0,0,0,0,0,0,2,0,0,0,0,0,0,0,0,0
8,8,8,29/11/2019,0,3,0,0,0,0,0,0,0,0,0,0,0,0,0,0
9,9,9,29/11/2019,0,0,0,0,0,0,1,0,0,0,0,0,0,0,0,0
10,10,10,30/11/2019,0,2,0,0,0,0,0,0,0,0,0,0,0,0,0,0
11,11,11,30/11/2019,0,0,0,0,0,1,0,0,0,0,0,0,0,0,0,0
12,12,12,30/11/2019,0,0,0,0,0,0,0,0,0,1,0,0,0,0,0,0
13,13,13,30/11/2019,0,0,0,0,0,0,0,0,0,1,0,0,0,0,0,0
14,14,14,30/11/2019,0,1,0,0,0,0,0,0,0,0,0,0,0,0,0,0
15,15,15,30/11/2019,0,0,0,0,0,0,0,0,0,0,1,0,0,0,0,0
16,16,16,30/11/2019,0,0,1,0,0,0,0,0,0,0,0,0,0,0,0,0
17,17,17,30/11/2019,0,0,0,0,0,0,1,0,0,0,0,0,0,0,0,0
18,18,18,30/11/2019,0,3,0,0,0,0,0,0,0,0,0,0,0,0,0,0
19,19,19,30/11/2019,0,0,0,0,0,0,1,0,0,0,0,0,0,0,0,0
20,20,20,30/11/2019,0,0,1,0,0,0,0,0,0,0,0,0,0,0,0,0
21,21,21,01/12/2019,0,0,1,0,0,0,0,0,0,0,0,0,0,0,0,0
22,22,22,03/12/2019,0,0,0,0,0,0,0,0,0,0,0,0,0,2,0,0
23,23,23,04/12/2019,0,1,0,0,0,0,0,0,0,0,0,0,0,0,0,0
24,24,24,07/12/2019,0,0,1,0,0,0,0,0,0,0,0,0,0,0,0,0
25,25,25,07/12/2019,0,2,0,0,0,0,0,0,0,0,0,0,0,0,0,0
26,26,26,09/12/2019,0,0,0,0,0,0,0,0,0,0,0,0,0,1,0,0
27,27,27,14/12/2019,0,0,0,0,0,0,1,0,0,0,0,0,0,0,0,0
28,28,28,16/12/2019,0,0,0,0,0,0,0,0,0,0,1,0,0,0,0,0
29,29,29,16/12/2019,0,0,0,0,0,0,0,0,1,0,0,0,0,0,0,0
30,30,30,16/12/2019,0,0,0,0,0,0,0,0,0,0,0,1,0,0,0,0
31,31,31,16/12/2019,0,0,0,0,0,0,0,0,1,0,0,0,0,0,0,0
32,32,32,19/12/2019,0,0,2,0,0,0,0,0,0,0,0,0,0,0,0,0
33,33,33,19/12/2019,0,1,0,0,0,0,0,0,0,0,0,0,0,0,0,0
34,34,34,19/12/2019,0,0,1,0,0,0,0,0,0,0,0,0,0,0,0,0
35,35,35,19/12/2019,0,1,0,0,0,0,0,0,0,0,0,0,0,0,0,0
36,36,36,21/12/2019,0,0,0,0,0,0,0,0,0,0,1,0,0,0,0,0
37,37,37,23/12/2019,0,0,0,0,0,0,0,0,0,1,0,0,0,0,0,0
38,38,38,23/12/2019,0,0,0,0,0,0,0,0,0,0,0,0,0,0,2,0
39,39,39,23/12/2019,0,0,0,1,0,0,0,0,0,0,0,0,0,0,0,0
40,40,40,28/12/2019,0,0,1,0,0,0,0,0,0,0,0,0,0,0,0,0
41,41,41,01/01/2020,0,0,0,0,0,0,0,0,1,0,0,0,0,0,0,0
42,42,42,01/01/2020,0,0,0,0,0,0,0,0,0,0,0,0,1,0,0,0
43,43,43,01/01/2020,0,0,0,0,0,0,1,0,0,0,0,0,0,0,0,0
44,44,44,01/01/2020,0,1,0,0,0,0,0,0,0,0,0,0,0,0,0,0
45,45,45,07/01/2020,0,0,1,0,0,0,0,0,0,0,0,0,0,0,0,0
46,46,46,07/01/2020,0,1,0,0,0,0,0,0,0,0,0,0,0,0,0,0
47,47,47,09/01/2020,0,0,0,0,0,1,0,0,0,0,0,0,0,0,0,0
48,48,48,10/01/2020,0,0,1,0,0,0,0,0,0,0,0,0,0,0,0,0
49,49,49,14/01/2020,0,2,0,0,0,0,0,0,0,0,0,0,0,0,0,0
50,50,50,15/01/2020,0,0,0,0,0,0,0,0,0,0,0,0,0,1,0,0
51,51,51,17/01/2020,0,0,0,0,0,0,0,0,0,0,0,0,0,1,0,0
52,52,52,18/01/2020,0,0,0,0,0,0,0,0,0,0,0,0,0,1,0,0
53,53,53,19/01/2020,0,0,0,2,0,0,0,0,0,0,0,0,0,0,0,0
54,54,54,19/01/2020,0,0,1,0,0,0,0,0,0,0,0,0,0,0,0,0
55,55,55,19/01/2020,0,0,0,0,0,0,0,1,0,0,0,0,0,0,0,0
56,56,56,21/01/2020,0,0,0,0,0,0,0,0,0,0,0,0,1,0,0,0
57,57,57,21/01/2020,0,3,0,0,0,0,0,0,0,0,0,0,0,0,0,0
58,58,58,22/01/2020,0,1,0,0,0,0,0,0,0,0,0,0,0,0,0,0
59,59,59,22/01/2020,0,2,0,0,0,0,0,0,0,0,0,0,0,0,0,0
60,60,60,22/01/2020,0,0,0,1,0,0,0,0,0,0,0,0,0,0,0,0
61,61,61,22/01/2020,0,0,0,0,0,0,0,0,1,0,0,0,0,0,0,0
62,62,62,24/01/2020,0,0,0,0,0,0,0,0,0,0,0,0,0,1,0,0
63,63,63,25/01/2020,0,1,0,0,0,0,0,0,0,0,0,0,0,0,0,0
64,64,64,28/01/2020,0,0,0,0,0,0,0,0,1,0,0,0,0,0,0,0
65,65,65,29/01/2020,0,0,1,0,0,0,0,0,0,0,0,0,0,0,0,0
66,66,66,31/01/2020,0,0,1,0,0,0,0,0,0,0,0,0,0,0,0,0
67,67,67,01/02/2020,0,1,0,0,0,0,0,0,0,0,0,0,0,0,0,0
68,68,68,03/02/2020,0,0,0,0,0,0,1,0,0,0,0,0,0,0,0,0
69,69,69,04/02/2020,0,0,0,0,0,0,0,0,1,0,0,0,0,0,0,0
70,70,70,05/02/2020,0,0,0,0,0,0,0,0,0,0,0,0,0,2,0,0
71,71,71,05/02/2020,0,0,0,1,0,0,0,0,0,0,0,0,0,0,0,0
72,72,72,06/02/2020,0,0,0,0,0,0,0,0,0,0,1,0,0,0,0,0
73,73,73,06/02/2020,0,0,0,0,0,0,0,0,0,0,0,0,0,0,1,0
74,74,74,06/02/2020,0,1,0,0,0,0,0,0,0,0,0,0,0,0,0,0
75,75,75,07/02/2020,0,0,0,0,0,0,0,0,0,1,0,0,0,0,0,0
76,76,76,07/02/2020,0,0,0,0,1,0,0,0,0,0,0,0,0,0,0,0
77,77,77,09/02/2020,0,0,0,0,0,0,0,0,0,0,1,0,0,0,0,0
78,78,78,10/02/2020,0,0,0,0,0,0,0,0,1,0,0,0,0,0,0,0
79,79,79,10/02/2020,0,0,0,0,0,0,0,0,0,1,0,0,0,0,0,0
80,80,80,10/02/2020,0,0,0,0,0,0,1,0,0,0,0,0,0,0,0,0
81,81,81,10/02/2020,0,1,0,0,0,0,0,0,0,0,0,0,0,0,0,0
82,82,82,13/02/2020,0,0,0,0,0,0,1,0,0,0,0,0,0,0,0,0
83,83,83,15/02/2020,0,0,0,0,0,0,0,0,0,0,1,0,0,0,0,0
84,84,84,18/02/2020,0,0,1,0,0,0,0,0,0,0,0,0,0,0,0,0
85,85,85,18/02/2020,0,0,0,0,0,0,0,0,0,0,1,0,0,0,0,0
86,86,86,21/02/2020,0,0,0,0,0,0,0,0,0,0,1,0,0,0,0,0
87,87,87,23/02/2020,0,2,0,0,0,0,0,0,0,0,0,0,0,0,0,0
88,88,88,23/02/2020,0,0,0,0,0,0,0,0,0,1,0,0,0,0,0,0
89,89,89,23/02/2020,0,0,0,0,0,0,0,0,1,0,0,0,0,0,0,0
90,90,90,23/02/2020,0,3,0,0,0,0,0,0,0,0,0,0,0,0,0,0
91,91,91,24/02/2020,0,1,0,0,0,0,0,0,0,0,0,0,0,0,0,0
92,92,92,29/02/2020,0,5,0,0,0,0,0,0,0,0,0,0,0,0,0,0
93,93,93,02/03/2020,0,0,0,0,0,0,0,0,0,0,0,1,0,0,0,0
94,94,94,04/03/2020,0,1,0,0,0,0,0,0,0,0,0,0,0,0,0,0
95,95,95,09/03/2020,0,1,0,0,0,0,0,0,0,0,0,0,0,0,0,0
96,96,96,09/03/2020,0,1,0,0,0,0,0,0,0,0,0,0,0,0,0,0
97,97,97,12/03/2020,0,3,0,0,0,0,0,0,0,0,0,0,0,0,0,0
98,98,98,14/03/2020,0,1,0,0,0,0,0,0,0,0,0,0,0,0,0,0
99,99,99,14/03/2020,0,0,1,0,0,0,0,0,0,0,0,0,0,0,0,0
100,100,100,14/03/2020,0,0,1,0,0,0,0,0,0,0,0,0,0,0,0,0
101,101,101,14/03/2020,0,1,0,0,0,0,0,0,0,0,0,0,0,0,0,0
102,102,102,14/03/2020,0,1,0,0,0,0,0,0,0,0,0,0,0,0,0,0
103,103,103,15/03/2020,0,1,0,0,0,0,0,0,0,0,0,0,0,0,0,0
104,104,104,15/03/2020,0,0,0,0,0,0,0,0,0,0,0,0,0,0,0,1
105,105,105,16/03/2020,0,0,0,0,0,0,0,0,0,0,0,0,0,0,0,2
106,106,106,18/03/2020,0,0,0,0,0,0,0,0,0,0,1,0,0,0,0,0
107,107,107,18/03/2020,0,0,0,0,0,0,0,0,0,1,0,0,0,0,0,0
108,108,108,19/03/2020,0,0,0,0,0,0,1,0,0,0,0,0,0,0,0,0
109,109,109,01/05/2020,0,0,2,0,0,0,0,0,0,0,0,0,0,0,0,0
110,110,110,18/05/2020,0,1,0,0,0,0,0,0,0,0,0,0,0,0,0,0
111,111,111,18/05/2020,0,0,0,0,0,0,0,0,0,0,0,0,0,0,0,1
112,112,112,18/05/2020,0,0,0,0,0,0,0,0,0,0,0,0,0,0,0,1
113,113,113,18/05/2020,0,0,0,0,0,0,0,0,0,0,0,0,0,0,0,1
114,114,114,19/05/2020,0,0,0,0,0,0,0,0,0,0,0,0,0,0,0,2
115,115,115,20/05/2020,0,0,0,0,0,0,0,0,0,0,0,0,0,0,0,2
116,116,116,21/05/2020,0,0,0,0,0,0,0,0,0,0,0,0,0,0,0,1
117,117,117,22/05/2020,0,0,0,0,0,0,0,0,0,0,0,0,0,0,0,1
118,118,118,23/05/2020,0,0,0,1,0,0,0,0,0,0,0,0,0,0,0,0
119,119,119,23/05/2020,0,0,1,0,0,0,0,0,0,0,0,0,0,0,0,0
120,120,120,23/05/2020,0,0,0,0,0,0,0,0,0,0,0,0,0,0,0,1
121,121,121,04/06/2020,0,0,0,0,0,0,0,0,0,0,0,0,0,0,0,1
122,122,122,04/06/2020,0,0,0,0,0,0,0,0,0,0,0,0,0,0,0,3
123,123,123,09/06/2020,0,1,0,0,0,0,0,0,0,0,0,0,0,0,0,0
124,124,124,11/06/2020,0,0,0,0,0,0,0,0,0,0,1,0,0,0,0,0
125,125,125,11/06/2020,0,0,0,0,0,0,0,0,0,0,0,0,0,0,0,2
126,126,126,11/06/2020,0,0,0,0,0,0,0,0,0,0,0,0,0,0,0,1
127,127,127,11/06/2020,0,0,0,0,0,0,0,0,1,0,0,0,0,0,0,0
128,128,128,24/06/2020,1,0,0,0,0,0,0,0,0,0,0,0,0,0,0,0
129,129,129,24/06/2020,0,0,0,0,0,0,0,0,0,0,1,0,0,0,0,0
130,130,130,24/06/2020,0,1,0,0,0,0,0,0,0,0,0,0,0,0,0,0
131,131,131,09/07/2020,0,0,0,0,0,0,0,0,0,0,0,0,0,0,0,2
132,132,132,09/07/2020,0,0,0,0,0,0,1,0,0,0,0,0,0,0,0,0
133,133,133,15/07/2020,0,0,0,0,0,0,0,0,0,0,0,0,0,0,0,1
134,134,134,17/07/2020,0,0,0,0,0,0,0,0,0,0,0,0,0,0,0,1
135,135,135,21/07/2020,0,0,0,0,0,0,0,0,0,0,0,0,0,0,0,1
136,136,136,23/07/2020,0,0,0,0,0,0,0,0,0,0,0,0,0,0,0,3
137,137,137,24/07/2020,0,0,0,0,0,0,0,0,0,0,0,0,0,0,0,2
138,138,138,27/07/2020,0,1,0,0,0,0,0,0,0,0,0,0,0,0,0,0
139,139,139,03/08/2020,0,0,0,0,0,0,0,0,0,0,0,0,0,0,0,1
140,140,140,05/08/2020,0,0,0,0,0,0,0,0,0,0,0,0,0,0,0,2
141,141,141,05/08/2020,0,0,0,0,0,0,0,0,0,0,0,0,0,0,0,2
142,142,142,07/08/2020,0,0,0,0,0,0,0,0,0,0,0,0,0,0,0,2
143,143,143,10/08/2020,0,0,0,0,0,0,0,0,0,0,0,0,0,0,0,1
144,144,144,11/08/2020,0,0,0,0,0,0,0,0,0,0,0,0,0,0,0,1
145,145,145,11/08/2020,0,0,0,0,0,0,0,0,0,0,0,0,0,0,0,1
146,146,146,12/08/2020,0,0,0,0,0,0,0,0,0,0,0,0,0,0,0,1
147,147,147,12/08/2020,0,0,0,0,0,0,0,0,0,0,0,1,0,0,0,0
148,148,148,12/08/2020,0,0,0,0,0,0,0,1,0,0,0,0,0,0,0,0
149,149,149,13/08/2020,0,0,0,0,0,0,0,0,0,0,0,0,0,0,0,1
150,150,150,18/08/2020,0,0,0,0,0,0,1,0,0,0,0,0,0,0,0,0
151,151,151,19/08/2020,0,0,0,0,0,0,0,0,0,0,0,0,0,0,0,2
152,152,152,21/08/2020,0,0,0,0,0,0,0,0,0,0,0,0,0,1,0,0
153,153,153,24/08/2020,0,0,0,0,0,0,0,0,0,0,0,0,0,0,0,5
154,154,154,24/08/2020,0,0,0,0,0,0,0,0,0,0,0,0,0,0,0,1
155,155,155,24/08/2020,0,0,0,0,0,0,0,0,0,0,0,0,0,0,0,1
156,156,156,26/08/2020,0,0,0,0,0,0,0,0,0,0,0,0,0,0,0,1
157,157,157,27/08/2020,0,2,0,0,0,0,0,0,0,0,0,0,0,0,0,0
158,158,158,27/08/2020,0,1,0,0,0,0,0,0,0,0,0,0,0,0,0,0
159,159,159,31/08/2020,0,0,1,0,0,0,0,0,0,0,0,0,0,0,0,0
160,160,160,01/09/2020,0,0,0,0,0,0,0,0,0,0,0,0,0,0,0,1
161,161,161,02/09/2020,0,0,0,0,0,0,0,0,0,0,0,0,0,0,0,1
162,162,162,03/09/2020,0,0,0,0,0,0,0,0,0,0,0,0,0,0,0,2
163,163,163,05/09/2020,0,0,0,0,0,0,0,0,0,0,0,0,0,0,0,3
164,164,164,05/09/2020,0,0,0,0,0,0,0,0,0,0,0,0,0,0,0,1
165,165,165,05/09/2020,0,0,0,0,0,0,0,0,0,0,0,0,0,0,0,1
166,166,166,06/09/2020,0,0,3,0,0,0,0,0,0,0,0,0,0,0,0,0
167,167,167,09/09/2020,0,0,0,0,0,0,0,0,0,0,0,0,0,0,0,2
168,168,168,12/09/2020,0,0,0,0,0,0,0,1,0,0,0,0,0,0,0,0
169,169,169,12/09/2020,0,0,0,0,0,0,0,0,0,0,0,0,0,0,0,5
170,170,170,14/09/2020,0,0,0,0,0,0,0,0,0,1,0,0,0,0,0,0
171,171,171,14/09/2020,0,0,0,1,0,0,0,0,0,0,0,0,0,0,0,0
172,172,172,14/09/2020,0,0,0,0,0,0,1,0,0,0,0,0,0,0,0,0
173,173,173,16/09/2020,0,0,1,0,0,0,0,0,0,0,0,0,0,0,0,0
174,174,174,19/09/2020,0,0,0,0,0,0,0,0,0,0,0,0,0,0,0,1
175,175,175,19/09/2020,0,0,0,0,0,0,0,0,0,0,0,0,0,0,0,2
176,176,176,20/09/2020,0,0,0,0,0,0,0,0,1,0,0,0,0,0,0,0
177,177,177,20/09/2020,0,0,0,0,0,0,0,0,0,0,0,0,0,0,0,1
178,178,178,22/09/2020,0,0,0,0,0,0,0,0,0,0,1,0,0,0,0,0
179,179,179,22/09/2020,0,0,0,0,0,0,0,0,2,0,0,0,0,0,0,0
180,180,180,22/09/2020,0,0,0,0,0,0,1,0,0,0,0,0,0,0,0,0
181,181,181,23/09/2020,0,0,0,0,0,0,0,0,0,0,0,0,0,0,0,1
182,182,182,23/09/2020,0,0,0,0,0,0,0,0,0,0,0,0,0,0,0,1
183,183,183,24/09/2020,0,0,0,0,0,0,0,0,0,0,0,0,0,0,0,1
184,184,184,26/09/2020,0,0,0,0,0,0,0,0,0,0,0,0,0,1,0,0
185,185,185,26/09/2020,0,0,0,0,0,0,0,0,0,0,0,0,1,0,0,0
186,186,186,30/09/2020,0,0,0,0,0,0,0,0,0,0,0,0,0,0,0,1
187,187,187,30/09/2020,0,1,0,0,0,0,0,0,0,0,0,0,0,0,0,0
188,188,188,04/10/2020,0,0,0,0,0,0,0,0,0,0,0,0,0,0,0,1
189,189,189,04/10/2020,0,1,0,0,0,0,0,0,0,0,0,0,0,0,0,0
190,190,190,04/10/2020,0,0,0,0,0,0,0,0,0,0,0,0,0,0,0,1
191,191,191,04/10/2020,0,0,1,0,0,0,0,0,0,0,0,0,0,0,0,0
192,192,192,04/10/2020,0,0,0,0,0,0,2,0,0,0,0,0,0,0,0,0
193,193,193,10/10/2020,0,0,0,0,0,0,0,0,0,0,0,0,0,0,0,1
194,194,194,11/10/2020,0,0,0,0,0,0,0,0,0,0,0,0,0,0,0,1
195,195,195,12/10/2020,0,0,0,0,0,0,0,0,0,0,0,0,0,0,0,1
196,196,196,17/10/2020,0,0,0,0,0,0,0,0,0,0,0,0,0,0,0,2
197,197,197,18/10/2020,0,0,0,0,0,0,0,0,0,0,0,0,0,0,0,2
198,198,198,20/10/2020,0,0,0,0,0,0,0,0,0,0,0,0,0,1,0,0
199,199,199,22/10/2020,0,0,0,0,0,0,0,0,0,0,0,0,0,0,0,1
200,200,200,22/10/2020,0,1,0,0,0,0,0,0,0,0,0,0,0,0,0,0
201,201,201,22/10/2020,0,0,0,0,0,0,0,0,0,0,0,0,0,0,0,1
202,202,202,23/10/2020,0,0,0,0,0,0,0,0,0,0,0,0,0,0,0,3
203,203,203,24/10/2020,0,0,0,0,0,0,0,0,1,0,0,0,0,0,0,0
204,204,204,24/10/2020,0,0,1,0,0,0,0,0,0,0,0,0,0,0,0,0
205,205,205,24/10/2020,0,0,0,0,0,0,0,0,0,0,1,0,0,0,0,0
206,206,206,19/11/2020,0,1,0,0,0,0,0,0,0,0,0,0,0,0,0,0
207,207,207,05/04/2021,0,0,1,0,0,0,0,0,0,0,0,0,0,0,0,0
208,208,208,06/04/2021,0,0,1,0,0,0,0,0,0,0,0,0,0,0,0,0
209,209,209,16/04/2021,0,0,1,0,0,0,0,0,0,0,0,0,0,0,0,0
210,210,210,19/04/2021,0,0,0,0,0,0,0,0,0,0,0,0,0,0,0,1
211,211,211,19/04/2021,0,0,0,0,0,0,0,0,0,0,0,0,0,0,0,1
212,212,212,19/04/2021,0,2,0,0,0,0,0,0,0,0,0,0,0,0,0,0
213,213,213,19/04/2021,0,0,1,0,0,0,0,0,0,0,0,0,0,0,0,0
214,214,214,29/04/2021,0,0,0,0,0,0,0,0,0,0,0,0,0,0,0,1
215,215,215,30/04/2021,0,1,0,0,0,0,0,0,0,0,0,0,0,0,0,0
216,216,216,03/05/2021,0,1,0,0,0,0,0,0,0,0,0,0,0,0,0,0
217,217,217,07/05/2021,0,0,0,0,0,0,0,0,0,0,0,0,0,0,0,2
218,218,218,07/05/2021,0,0,1,0,0,0,0,0,0,0,0,0,0,0,0,0
219,219,219,18/05/2021,0,0,0,0,0,0,0,0,0,0,0,0,0,0,0,1
220,220,220,18/05/2021,0,2,0,0,0,0,0,0,0,0,0,0,0,0,0,0
221,221,221,19/05/2021,0,0,0,0,0,0,0,0,0,0,0,0,0,0,0,1
222,222,222,24/05/2021,0,1,0,0,0,0,0,0,0,0,0,0,0,0,0,0
223,223,223,25/05/2021,0,1,0,0,0,0,0,0,0,0,0,0,0,0,0,0
224,224,224,26/05/2021,0,0,0,0,0,0,0,0,1,0,0,0,0,0,0,0
225,225,225,26/05/2021,0,0,1,0,0,0,0,0,0,0,0,0,0,0,0,0
226,226,226,28/05/2021,0,0,0,0,0,0,0,0,0,0,0,0,0,0,0,1
227,227,227,31/05/2021,0,0,0,0,0,0,0,0,0,1,0,0,0,0,0,0
228,228,228,31/05/2021,0,0,1,0,0,0,0,0,0,0,0,0,0,0,0,0
229,229,229,31/05/2021,0,1,0,0,0,0,0,0,0,0,0,0,0,0,0,0
230,230,230,02/06/2021,0,0,0,0,0,0,0,0,1,0,0,0,0,0,0,0
231,231,231,09/06/2021,0,0,0,0,0,0,0,0,0,0,0,0,0,0,0,1
232,232,232,09/06/2021,0,1,0,0,0,0,0,0,0,0,0,0,0,0,0,0
233,233,233,14/06/2021,0,0,1,0,0,0,0,0,0,0,0,0,0,0,0,0
234,234,234,14/06/2021,0,1,0,0,0,0,0,0,0,0,0,0,0,0,0,0
235,235,235,15/06/2021,0,1,0,0,0,0,0,0,0,0,0,0,0,0,0,0
236,236,236,15/06/2021,0,1,0,0,0,0,0,0,0,0,0,0,0,0,0,0
237,237,237,16/06/2021,0,0,0,0,0,0,0,0,0,0,0,0,0,0,0,1
238,238,238,16/06/2021,0,0,1,0,0,0,0,0,0,0,0,0,0,0,0,0
239,239,239,18/06/2021,0,0,0,0,0,0,1,0,0,0,0,0,0,0,0,0
240,240,240,18/06/2021,0,0,1,0,0,0,0,0,0,0,0,0,0,0,0,0
241,241,241,19/06/2021,0,0,0,0,0,0,0,0,1,0,0,0,0,0,0,0
242,242,242,19/06/2021,0,0,1,0,0,0,0,0,0,0,0,0,0,0,0,0
243,243,243,19/06/2021,0,1,0,0,0,0,0,0,0,0,0,0,0,0,0,0
244,244,244,21/06/2021,0,0,0,0,0,0,1,0,0,0,0,0,0,0,0,0
245,245,245,21/06/2021,0,2,0,0,0,0,0,0,0,0,0,0,0,0,0,0
246,246,246,21/06/2021,0,2,0,0,0,0,0,0,0,0,0,0,0,0,0,0
247,247,247,22/06/2021,0,2,0,0,0,0,0,0,0,0,0,0,0,0,0,0
248,248,248,23/06/2021,0,0,0,0,0,0,0,0,-1,0,0,0,0,0,0,0
249,249,249,23/06/2021,0,0,-1,0,0,0,0,0,0,0,0,0,0,0,0,0
250,250,250,23/06/2021,0,-1,0,0,0,0,0,0,0,0,0,0,0,0,0,0
251,251,251,24/06/2021,0,0,0,0,0,0,0,0,0,0,0,0,0,0,0,1
252,252,252,26/06/2021,0,1,0,0,0,0,0,0,0,0,0,0,0,0,0,0
253,253,253,26/06/2021,0,0,0,0,0,0,1,0,0,0,0,0,0,0,0,0
254,254,254,30/06/2021,0,2,0,0,0,0,0,0,0,0,0,0,0,0,0,0
255,255,255,01/07/2021,0,0,0,0,0,0,0,0,0,0,1,0,0,0,0,0
256,256,256,01/07/2021,0,0,0,0,0,0,0,0,0,1,0,0,0,0,0,0
257,257,257,01/07/2021,0,2,0,0,0,0,0,0,0,0,0,0,0,0,0,0
258,258,258,03/07/2021,0,0,0,0,0,0,1,0,0,0,0,0,0,0,0,0
259,259,259,06/07/2021,0,0,1,0,0,0,0,0,0,0,0,0,0,0,0,0
260,260,260,06/07/2021,0,1,0,0,0,0,0,0,0,0,0,0,0,0,0,0
261,261,261,06/07/2021,0,1,0,0,0,0,0,0,0,0,0,0,0,0,0,0
262,262,262,07/07/2021,0,2,0,0,0,0,0,0,0,0,0,0,0,0,0,0
263,263,263,10/07/2021,0,0,1,0,0,0,0,0,0,0,0,0,0,0,0,0
264,264,264,10/07/2021,0,0,0,0,0,0,0,0,0,1,0,0,0,0,0,0
265,265,265,10/07/2021,0,0,1,0,0,0,0,0,0,0,0,0,0,0,0,0
266,266,266,12/07/2021,0,0,0,0,0,0,0,0,0,0,0,0,0,0,0,1
267,267,267,13/07/2021,0,2,0,0,0,0,0,0,0,0,0,0,0,0,0,0
268,268,268,13/07/2021,0,0,0,0,0,0,1,0,0,0,0,0,0,0,0,0
269,269,269,13/07/2021,0,2,0,0,0,0,0,0,0,0,0,0,0,0,0,0
270,270,270,15/07/2021,0,2,0,0,0,0,0,0,0,0,0,0,0,0,0,0
271,271,271,15/07/2021,0,2,0,0,0,0,0,0,0,0,0,0,0,0,0,0
272,272,272,17/07/2021,0,1,0,0,0,0,0,0,0,0,0,0,0,0,0,0
273,273,273,19/07/2021,0,1,0,0,0,0,0,0,0,0,0,0,0,0,0,0
274,274,274,19/07/2021,0,2,0,0,0,0,0,0,0,0,0,0,0,0,0,0
275,275,275,20/07/2021,0,2,0,0,0,0,0,0,0,0,0,0,0,0,0,0
276,276,276,20/07/2021,0,2,0,0,0,0,0,0,0,0,0,0,0,0,0,0
277,277,277,20/07/2021,0,0,0,0,0,0,1,0,0,0,0,0,0,0,0,0
278,278,278,20/07/2021,0,0,1,0,0,0,0,0,0,0,0,0,0,0,0,0
279,279,279,20/07/2021,0,1,0,0,0,0,0,0,0,0,0,0,0,0,0,0
280,280,280,27/07/2021,0,0,1,0,0,0,0,0,0,0,0,0,0,0,0,0
281,281,281,29/07/2021,0,0,0,0,0,0,2,0,0,0,0,0,0,0,0,0
282,282,282,30/07/2021,0,0,0,0,0,0,0,0,0,0,3,0,0,0,0,0
283,283,283,31/07/2021,0,0,1,0,0,0,0,0,0,0,0,0,0,0,0,0
284,284,284,03/08/2021,0,1,0,0,0,0,0,0,0,0,0,0,0,0,0,0
285,285,285,03/08/2021,0,2,0,0,0,0,0,0,0,0,0,0,0,0,0,0
286,286,286,04/08/2021,0,1,0,0,0,0,0,0,0,0,0,0,0,0,0,0
287,287,287,05/08/2021,0,0,0,0,0,0,0,0,0,0,0,0,0,0,0,1
288,288,288,05/08/2021,0,2,0,0,0,0,0,0,0,0,0,0,0,0,0,0
289,289,289,05/08/2021,0,0,0,0,0,0,0,0,0,0,0,0,0,0,0,2
290,290,290,05/08/2021,0,0,1,0,0,0,0,0,0,0,0,0,0,0,0,0
291,291,291,05/08/2021,0,0,0,0,0,0,0,0,0,0,0,0,0,0,0,1
292,292,292,06/08/2021,0,1,0,0,0,0,0,0,0,0,0,0,0,0,0,0
293,293,293,06/08/2021,0,1,0,0,0,0,0,0,0,0,0,0,0,0,0,0
294,294,294,09/08/2021,0,0,0,0,1,0,0,0,0,0,0,0,0,0,0,0
295,295,295,09/08/2021,0,0,0,0,0,0,0,0,0,0,0,0,0,0,0,1
296,296,296,09/08/2021,0,1,0,0,0,0,0,0,0,0,0,0,0,0,0,0
297,297,297,09/08/2021,0,0,0,0,0,0,0,0,0,0,0,0,0,0,0,1
298,298,298,09/08/2021,0,1,0,0,0,0,0,0,0,0,0,0,0,0,0,0
299,299,299,10/08/2021,0,0,0,0,0,0,0,0,0,0,0,0,0,0,0,1
300,300,300,10/08/2021,0,1,0,0,0,0,0,0,0,0,0,0,0,0,0,0
301,301,301,10/08/2021,0,0,0,0,0,0,0,0,0,0,0,0,0,0,0,1
302,302,302,10/08/2021,0,0,0,0,1,0,0,0,0,0,0,0,0,0,0,0
303,303,303,11/08/2021,0,0,0,0,0,0,0,0,0,0,0,0,0,0,0,1
304,304,304,11/08/2021,0,-2,0,0,0,0,0,0,0,0,0,0,0,0,0,0
305,305,305,11/08/2021,0,2,0,0,0,0,0,0,0,0,0,0,0,0,0,0
306,306,306,11/08/2021,0,2,0,0,0,0,0,0,0,0,0,0,0,0,0,0
307,307,307,12/08/2021,0,0,0,0,0,0,0,0,0,0,0,0,0,0,0,1
308,308,308,13/08/2021,0,0,0,0,0,0,0,0,0,0,0,0,0,0,0,1
309,309,309,13/08/2021,0,1,0,0,0,0,0,0,0,0,0,0,0,0,0,0
310,310,310,13/08/2021,0,0,0,0,0,0,0,0,0,0,0,0,0,0,0,1
311,311,311,13/08/2021,0,0,0,0,0,0,0,0,0,0,0,0,0,0,0,-1
312,312,312,16/08/2021,0,0,0,0,0,0,0,0,0,0,0,0,0,0,0,1
313,313,313,16/08/2021,0,0,0,0,0,0,0,0,0,0,0,0,0,0,0,1
314,314,314,17/08/2021,0,0,0,0,0,0,0,0,0,0,0,0,0,0,0,1
315,315,315,20/08/2021,0,0,0,0,0,1,0,0,0,0,0,0,0,0,0,0
316,316,316,20/08/2021,0,1,0,0,0,0,0,0,0,0,0,0,0,0,0,0
317,317,317,20/08/2021,0,0,1,0,0,0,0,0,0,0,0,0,0,0,0,0
318,318,318,20/08/2021,0,0,0,0,0,0,0,0,0,0,0,0,0,0,0,1
319,319,319,20/08/2021,0,0,1,0,0,0,0,0,0,0,0,0,0,0,0,0
320,320,320,24/08/2021,0,0,0,0,0,0,2,0,0,0,0,0,0,0,0,0
321,321,321,24/08/2021,0,0,1,0,0,0,0,0,0,0,0,0,0,0,0,0
322,322,322,24/08/2021,0,0,0,0,0,0,0,0,0,1,0,0,0,0,0,0
323,323,323,24/08/2021,0,0,0,0,0,0,0,0,0,0,0,0,0,0,0,1
324,324,324,24/08/2021,0,0,0,0,0,0,0,0,0,0,1,0,0,0,0,0
325,325,325,24/08/2021,0,0,0,0,0,0,0,0,0,0,0,0,0,0,0,1
326,326,326,24/08/2021,0,0,0,0,0,0,0,0,0,0,0,0,0,0,0,1
327,327,327,24/08/2021,0,0,0,0,0,0,0,0,0,0,0,0,0,0,0,1
328,328,328,25/08/2021,0,1,0,0,0,0,0,0,0,0,0,0,0,0,0,0
329,329,329,26/08/2021,0,0,0,0,0,0,0,0,0,0,0,0,0,0,0,2
330,330,330,27/08/2021,0,0,0,0,0,0,0,0,0,0,0,0,0,0,0,1
331,331,331,30/08/2021,0,0,0,0,0,0,0,0,0,0,0,0,0,0,0,1
332,332,332,30/08/2021,0,0,0,0,0,0,0,0,0,0,0,0,0,0,0,1
333,333,333,30/08/2021,0,0,0,0,0,0,0,0,0,1,0,0,0,0,0,0
334,334,334,31/08/2021,0,1,0,0,0,0,0,0,0,0,0,0,0,0,0,0
335,335,335,31/08/2021,0,0,0,0,0,0,0,0,0,0,0,0,0,0,0,1
336,336,336,31/08/2021,0,1,0,0,0,0,0,0,0,0,0,0,0,0,0,0
337,337,337,31/08/2021,0,1,0,0,0,0,0,0,0,0,0,0,0,0,0,0
338,338,338,01/09/2021,0,1,0,0,0,0,0,0,0,0,0,0,0,0,0,0
339,339,339,02/09/2021,0,0,0,0,0,0,0,0,0,0,0,0,0,0,0,-1
340,340,340,02/09/2021,0,0,0,0,0,0,0,0,0,0,0,0,0,0,0,1
341,341,341,02/09/2021,0,0,1,0,0,0,0,0,0,0,0,0,0,0,0,0
342,342,342,02/09/2021,0,0,0,0,0,0,0,0,0,0,0,0,0,0,0,1
343,343,343,03/09/2021,0,0,0,0,0,0,0,0,0,0,0,0,0,0,0,1
344,344,344,03/09/2021,0,1,0,0,0,0,0,0,0,0,0,0,0,0,0,0
345,345,345,03/09/2021,0,0,0,0,0,0,0,0,0,0,0,0,0,0,0,1
346,346,346,03/09/2021,0,0,0,0,0,0,0,0,0,0,0,0,0,0,0,1
347,347,347,03/09/2021,0,0,0,0,0,0,0,0,0,0,0,0,0,0,0,1
348,348,348,06/09/2021,0,1,0,0,0,0,0,0,0,0,0,0,0,0,0,0
349,349,349,07/09/2021,0,0,1,0,0,0,0,0,0,0,0,0,0,0,0,0
350,350,350,07/09/2021,0,0,0,0,0,0,0,0,0,0,0,0,0,0,0,1
351,351,351,07/09/2021,0,0,0,0,0,0,0,0,0,0,0,0,0,0,0,1
352,352,352,07/09/2021,0,0,0,0,0,0,0,0,0,0,0,0,0,0,0,1
353,353,353,07/09/2021,0,1,0,0,0,0,0,0,0,0,0,0,0,0,0,0
354,354,354,07/09/2021,0,1,0,0,0,0,0,0,0,0,0,0,0,0,0,0
355,355,355,08/09/2021,0,0,0,0,0,0,0,0,0,0,0,0,0,0,0,1
356,356,356,08/09/2021,0,0,0,0,0,0,0,0,0,0,0,0,0,0,0,1
357,357,357,08/09/2021,0,0,0,0,0,0,1,0,0,0,0,0,0,0,0,0
358,358,358,08/09/2021,0,0,1,0,0,0,0,0,0,0,0,0,0,0,0,0
359,359,359,08/09/2021,0,0,1,0,0,0,0,0,0,0,0,0,0,0,0,0
360,360,360,08/09/2021,0,0,0,0,0,0,0,0,0,0,0,0,0,0,0,1
361,361,361,09/09/2021,0,1,0,0,0,0,0,0,0,0,0,0,0,0,0,0
362,362,362,09/09/2021,0,0,0,0,0,0,0,0,0,0,0,0,0,0,0,1
363,363,363,09/09/2021,0,1,0,0,0,0,0,0,0,0,0,0,0,0,0,0
364,364,364,09/09/2021,0,0,0,0,0,0,0,0,0,0,0,0,0,0,0,1
365,365,365,09/09/2021,0,0,0,0,0,0,0,0,0,0,0,0,0,0,0,1
366,366,366,10/09/2021,0,0,0,0,0,0,0,0,0,0,0,0,0,0,0,1
367,367,367,13/09/2021,0,0,0,0,0,0,0,0,0,0,0,0,0,0,0,1
368,368,368,13/09/2021,0,0,0,0,0,0,0,0,0,0,0,0,0,0,0,1
369,369,369,14/09/2021,0,1,0,0,0,0,0,0,0,0,0,0,0,0,0,0
370,370,370,14/09/2021,0,0,0,0,0,0,0,0,0,0,0,0,0,0,0,1
371,371,371,14/09/2021,0,0,0,0,0,0,0,0,0,1,0,0,0,0,0,0
372,372,372,15/09/2021,0,1,0,0,0,0,0,0,0,0,0,0,0,0,0,0
373,373,373,16/09/2021,0,1,0,0,0,0,0,0,0,0,0,0,0,0,0,0
374,374,374,17/09/2021,0,0,0,0,0,0,0,0,0,0,0,0,0,0,0,1
375,375,375,17/09/2021,0,0,0,0,0,0,0,0,0,0,0,0,0,0,0,1
376,376,376,17/09/2021,0,1,0,0,0,0,0,0,0,0,0,0,0,0,0,0
377,377,377,17/09/2021,0,1,0,0,0,0,0,0,0,0,0,0,0,0,0,0
378,378,378,17/09/2021,0,0,0,0,0,0,0,0,0,0,0,0,0,0,0,1
379,379,379,17/09/2021,0,0,0,0,0,0,0,0,0,0,0,0,0,0,0,1
380,380,380,17/09/2021,0,1,0,0,0,0,0,0,0,0,0,0,0,0,0,0
381,381,381,20/09/2021,0,0,0,0,0,0,0,0,0,0,0,0,0,0,0,1
382,382,382,21/09/2021,0,0,0,0,0,0,0,0,0,0,0,0,0,0,0,1
383,383,383,21/09/2021,0,0,0,0,0,0,1,0,0,0,0,0,0,0,0,0
384,384,384,21/09/2021,0,0,0,0,0,0,0,0,0,0,0,0,0,0,0,1
385,385,385,21/09/2021,0,0,0,0,0,0,0,0,0,0,0,0,0,0,0,1
386,386,386,22/09/2021,0,1,0,0,0,0,0,0,0,0,0,0,0,0,0,0
387,387,387,22/09/2021,0,1,0,0,0,0,0,0,0,0,0,0,0,0,0,0
388,388,388,22/09/2021,0,0,0,0,0,0,0,0,0,0,0,0,0,0,0,1
389,389,389,23/09/2021,0,0,0,0,0,0,0,0,0,0,0,0,0,0,0,1
390,390,390,23/09/2021,0,0,0,0,0,0,0,0,0,0,0,0,0,0,0,1
391,391,391,24/09/2021,0,0,0,0,0,0,0,0,0,0,0,0,0,0,0,1
392,392,392,25/09/2021,0,1,0,0,0,0,0,0,0,0,0,0,0,0,0,0
393,393,393,25/09/2021,0,0,0,0,0,0,0,0,0,0,0,0,0,0,0,1
394,394,394,25/09/2021,0,0,0,0,0,0,0,0,0,0,0,0,0,0,0,4
395,395,395,25/09/2021,0,1,0,0,0,0,0,0,0,0,0,0,0,0,0,0
396,396,396,28/09/2021,0,0,0,0,0,0,0,0,0,0,0,0,0,0,0,1
397,397,397,28/09/2021,0,0,0,0,0,1,0,0,0,0,0,0,0,0,0,0
398,398,398,28/09/2021,0,0,0,0,0,0,0,0,0,0,0,0,0,0,0,1
399,399,399,28/09/2021,0,1,0,0,0,0,0,0,0,0,0,0,0,0,0,0
400,400,400,29/09/2021,0,0,0,0,0,0,0,0,0,0,0,0,0,0,0,1
401,401,401,29/09/2021,0,0,0,0,0,0,0,0,0,0,0,0,0,0,0,1
402,402,402,29/09/2021,0,0,0,0,0,0,0,0,0,1,0,0,0,0,0,0
403,403,403,30/09/2021,0,0,0,0,0,0,0,0,0,0,0,0,0,0,0,1
404,404,404,30/09/2021,0,0,0,0,0,0,0,0,0,0,0,0,0,0,0,1
405,405,405,30/09/2021,0,1,0,0,0,0,0,0,0,0,0,0,0,0,0,0
406,406,406,30/09/2021,0,0,0,0,0,0,1,0,0,0,0,0,0,0,0,0
407,407,407,01/10/2021,0,0,0,0,0,0,0,0,0,0,0,0,0,0,0,1
408,408,408,01/10/2021,0,1,0,0,0,0,0,0,0,0,0,0,0,0,0,0
409,409,409,02/10/2021,0,0,0,0,0,0,0,0,0,0,0,0,0,0,0,1
410,410,410,02/10/2021,0,0,0,0,0,0,0,0,0,0,0,0,0,0,0,1
411,411,411,04/10/2021,0,0,0,0,0,0,0,0,0,0,0,0,0,0,0,1
412,412,412,04/10/2021,0,0,0,0,0,0,0,0,0,0,0,0,0,0,0,1
413,413,413,04/10/2021,0,0,0,0,0,0,0,0,0,0,0,0,0,0,0,1
414,414,414,05/10/2021,0,0,0,0,0,0,0,0,2,0,0,0,0,0,0,0
415,415,415,05/10/2021,0,0,0,0,0,0,0,0,1,0,0,0,0,0,0,0
416,416,416,06/10/2021,0,0,0,0,0,0,0,0,0,0,0,0,0,0,0,1
417,417,417,06/10/2021,0,1,0,0,0,0,0,0,0,0,0,0,0,0,0,0
418,418,418,07/10/2021,0,0,0,0,0,0,0,0,0,0,0,0,0,0,0,1
419,419,419,07/10/2021,0,0,0,0,0,0,0,0,0,0,0,0,0,0,0,1
420,420,420,07/10/2021,0,0,0,0,0,0,0,0,0,0,0,0,0,0,0,1
421,421,421,09/10/2021,0,0,0,0,0,0,0,0,0,0,0,0,0,0,0,1
422,422,422,09/10/2021,0,0,0,0,0,0,0,0,0,0,0,0,0,0,0,1
423,423,423,09/10/2021,0,1,0,0,0,0,0,0,0,0,0,0,0,0,0,0
424,424,424,11/10/2021,0,0,0,0,0,0,0,0,0,0,0,0,0,0,0,1
425,425,425,11/10/2021,0,0,0,0,0,0,0,0,0,0,0,0,0,0,0,1
426,426,426,12/10/2021,0,0,0,0,0,0,0,0,0,0,0,0,0,0,0,1
427,427,427,13/10/2021,0,0,0,0,0,0,1,0,0,0,0,0,0,0,0,0
428,428,428,13/10/2021,0,0,0,0,0,0,0,0,0,0,0,0,0,0,0,1
429,429,429,13/10/2021,0,0,0,0,0,0,0,0,0,0,0,0,0,0,0,1
430,430,430,13/10/2021,0,0,0,0,0,0,0,0,0,0,0,0,0,0,0,1
431,431,431,14/10/2021,0,0,0,0,0,0,1,0,0,0,0,0,0,0,0,0
432,432,432,14/10/2021,0,0,0,0,0,0,1,0,0,0,0,0,0,0,0,0
433,433,433,15/10/2021,0,0,0,0,0,0,0,0,0,0,0,0,0,0,0,1
434,434,434,15/10/2021,0,0,0,0,0,0,0,0,0,0,0,0,0,0,0,1
435,435,435,16/10/2021,0,0,1,0,0,0,0,0,0,0,0,0,0,0,0,0
436,436,436,17/10/2021,0,0,0,0,0,0,0,0,0,0,0,0,0,0,0,1
437,437,437,17/10/2021,0,0,0,0,0,0,0,0,0,0,0,0,0,0,0,1
438,438,438,18/10/2021,0,0,0,0,0,0,0,0,0,0,0,0,0,0,0,1
439,439,439,19/10/2021,0,0,0,0,0,0,0,0,0,0,0,0,0,0,0,1
440,440,440,20/10/2021,0,0,0,0,0,0,0,0,0,0,0,0,0,0,0,1
441,441,441,21/10/2021,0,0,0,0,0,0,0,0,0,0,0,0,0,0,0,1
442,442,442,21/10/2021,0,0,0,0,0,0,0,0,1,0,0,0,0,0,0,0
443,443,443,22/10/2021,0,0,0,0,0,0,0,0,0,0,0,0,0,0,0,1
444,444,444,22/10/2021,0,0,0,0,0,0,0,0,0,0,0,0,0,0,0,1
445,445,445,23/10/2021,0,0,0,0,0,0,0,0,1,0,0,0,0,0,0,0
446,446,446,28/10/2021,0,0,0,0,0,0,0,0,0,0,0,0,0,0,0,1
447,447,447,28/10/2021,0,0,0,1,0,0,0,0,0,0,0,0,0,0,0,0
448,448,448,29/10/2021,0,0,0,0,0,0,0,0,0,0,0,0,0,0,0,1
449,449,449,30/10/2021,0,1,0,0,0,0,0,0,0,0,0,0,0,0,0,0
450,450,450,30/10/2021,0,1,0,0,0,0,0,0,0,0,0,0,0,0,0,0
451,451,451,01/11/2021,0,0,0,0,0,0,0,0,0,0,0,0,0,0,0,1
452,452,452,04/11/2021,0,0,0,0,1,0,0,0,0,0,0,0,0,0,0,0
453,453,453,05/11/2021,0,1,0,0,0,0,0,0,0,0,0,0,0,0,0,0
454,454,454,06/11/2021,0,0,0,0,0,0,0,0,0,0,1,0,0,0,0,0
455,455,455,06/11/2021,0,0,0,0,1,0,0,0,0,0,0,0,0,0,0,0
456,456,456,06/11/2021,0,0,0,0,0,0,0,0,0,0,0,0,0,0,0,1
457,457,457,06/11/2021,0,0,0,0,0,0,0,0,0,0,0,0,0,0,0,1
458,458,458,07/11/2021,0,1,0,0,0,0,0,0,0,0,0,0,0,0,0,0
459,459,459,07/11/2021,0,0,0,0,0,0,1,0,0,0,0,0,0,0,0,0
460,460,460,09/11/2021,0,0,0,0,0,0,0,0,0,0,0,0,0,0,0,1
461,461,461,10/11/2021,0,0,0,0,0,0,0,0,0,0,0,0,0,0,0,1
462,462,462,10/11/2021,0,0,1,0,0,0,0,0,0,0,0,0,0,0,0,0
463,463,463,10/11/2021,0,1,0,0,0,0,0,0,0,0,0,0,0,0,0,0
464,464,464,11/11/2021,0,1,0,0,0,0,0,0,0,0,0,0,0,0,0,0
465,465,465,12/11/2021,0,1,0,0,0,0,0,0,0,0,0,0,0,0,0,0
466,466,466,12/11/2021,0,1,0,0,0,0,0,0,0,0,0,0,0,0,0,0
467,467,467,13/11/2021,0,0,1,0,0,0,0,0,0,0,0,0,0,0,0,0
468,468,468,13/11/2021,0,1,0,0,0,0,0,0,0,0,0,0,0,0,0,0
469,469,469,13/11/2021,0,0,0,0,0,0,0,0,0,0,0,0,0,0,0,1
470,470,470,13/11/2021,0,0,0,0,0,0,0,0,0,0,0,0,0,0,0,1
471,471,471,14/11/2021,0,0,0,0,0,0,0,0,0,0,0,0,0,0,0,1
472,472,472,14/11/2021,0,0,0,0,0,0,0,0,0,0,0,0,0,0,0,1
473,473,473,15/11/2021,0,0,0,0,0,0,1,0,0,0,0,0,0,0,0,0
474,474,474,16/11/2021,0,0,1,0,0,0,0,0,0,0,0,0,0,0,0,0
475,475,475,16/11/2021,0,0,0,0,0,0,0,0,0,0,0,0,0,0,0,1
476,476,476,16/11/2021,0,1,0,0,0,0,0,0,0,0,0,0,0,0,0,0
477,477,477,16/11/2021,0,0,0,0,0,0,0,0,0,0,0,0,0,0,0,1
478,478,478,17/11/2021,0,0,0,0,0,0,0,0,0,0,0,0,0,0,0,1
479,479,479,17/11/2021,0,0,0,0,0,0,0,0,0,0,0,0,0,0,0,1
480,480,480,18/11/2021,0,0,0,0,0,0,0,0,0,0,0,0,0,0,0,1
481,481,481,18/11/2021,0,1,0,0,0,0,0,0,0,0,0,0,0,0,0,0
482,482,482,20/11/2021,0,0,0,0,0,0,0,0,0,0,0,0,0,0,0,-1
483,483,483,21/11/2021,0,1,0,0,0,0,0,0,0,0,0,0,0,0,0,0
484,484,484,22/11/2021,0,0,1,0,0,0,0,0,0,0,0,0,0,0,0,0
485,485,485,22/11/2021,0,0,0,0,0,0,0,0,0,0,0,0,0,0,0,1
486,486,486,24/11/2021,0,0,0,0,0,0,0,0,0,0,0,0,0,0,0,1
487,487,487,24/11/2021,0,0,0,0,0,0,0,0,0,0,0,0,0,0,0,1
488,488,488,24/11/2021,0,0,0,0,0,0,0,0,0,0,0,0,0,0,0,1
489,489,489,26/11/2021,0,0,0,0,0,0,0,0,0,0,0,0,0,0,0,1
490,490,490,26/11/2021,0,0,0,0,0,0,0,0,0,0,0,0,0,0,0,1
491,491,491,26/11/2021,0,0,1,0,0,0,0,0,0,0,0,0,0,0,0,0
492,492,492,27/11/2021,0,0,0,0,0,0,0,0,0,0,0,0,0,0,0,1
493,493,493,27/11/2021,0,0,0,0,0,0,0,0,0,0,0,0,0,0,0,1
494,494,494,29/11/2021,0,0,0,0,0,0,0,0,0,0,0,0,0,0,0,1
495,495,495,30/11/2021,0,0,0,0,0,0,0,0,0,0,0,0,0,-8,0,0
496,496,496,30/11/2021,0,0,0,0,0,0,0,0,0,0,0,0,0,0,-1,0
497,497,497,30/11/2021,0,0,0,0,0,0,-9,0,0,0,0,0,0,0,0,0
498,498,498,30/11/2021,0,0,-8,0,0,0,0,0,0,0,0,0,0,0,0,0
499,499,499,30/11/2021,0,0,0,0,0,2,0,0,0,0,0,0,0,0,0,0
500,500,500,30/11/2021,0,0,0,4,0,0,0,0,0,0,0,0,0,0,0,0
501,501,501,30/11/2021,0,0,0,0,1,0,0,0,0,0,0,0,0,0,0,0
502,502,502,30/11/2021,0,-32,0,0,0,0,0,0,0,0,0,0,0,0,0,0
