,Unnamed: 0,Unnamed: 0.1,Date,brand r18p,brand v177j,brand I232M,brand V209V,brand P144q,brand j12s,brand Y213j,brand D203E,brand N239O,brand N97e,brand B197q,brand e250p,brand R124D,brand x20y,brand H165f,brand T75q
0,0,0,24/04/2017,0,0,1,0,0,0,0,0,0,0,0,0,0,0,0,0
1,1,1,03/05/2017,1,0,0,0,0,0,0,0,0,0,0,0,0,0,0,0
2,2,2,11/05/2017,1,0,0,0,0,0,0,0,0,0,0,0,0,0,0,0
3,3,3,13/05/2017,2,0,0,0,0,0,0,0,0,0,0,0,0,0,0,0
4,4,4,17/05/2017,1,0,0,0,0,0,0,0,0,0,0,0,0,0,0,0
5,5,5,18/05/2017,0,0,0,1,0,0,0,0,0,0,0,0,0,0,0,0
6,6,6,25/05/2017,0,1,0,0,0,0,0,0,0,0,0,0,0,0,0,0
7,7,7,25/05/2017,1,0,0,0,0,0,0,0,0,0,0,0,0,0,0,0
8,8,8,25/05/2017,1,0,0,0,0,0,0,0,0,0,0,0,0,0,0,0
9,9,9,22/06/2017,1,0,0,0,0,0,0,0,0,0,0,0,0,0,0,0
10,10,10,23/06/2017,0,0,0,1,0,0,0,0,0,0,0,0,0,0,0,0
11,11,11,13/07/2017,1,0,0,0,0,0,0,0,0,0,0,0,0,0,0,0
12,12,12,20/07/2017,1,0,0,0,0,0,0,0,0,0,0,0,0,0,0,0
13,13,13,03/08/2017,0,1,0,0,0,0,0,0,0,0,0,0,0,0,0,0
14,14,14,08/08/2017,1,0,0,0,0,0,0,0,0,0,0,0,0,0,0,0
15,15,15,18/08/2017,0,0,1,0,0,0,0,0,0,0,0,0,0,0,0,0
16,16,16,22/08/2017,1,0,0,0,0,0,0,0,0,0,0,0,0,0,0,0
17,17,17,28/08/2017,0,0,1,0,0,0,0,0,0,0,0,0,0,0,0,0
18,18,18,01/09/2017,1,0,0,0,0,0,0,0,0,0,0,0,0,0,0,0
19,19,19,04/09/2017,1,0,0,0,0,0,0,0,0,0,0,0,0,0,0,0
20,20,20,07/09/2017,1,0,0,0,0,0,0,0,0,0,0,0,0,0,0,0
21,21,21,07/09/2017,1,0,0,0,0,0,0,0,0,0,0,0,0,0,0,0
22,22,22,07/09/2017,0,0,0,1,0,0,0,0,0,0,0,0,0,0,0,0
23,23,23,07/09/2017,0,1,0,0,0,0,0,0,0,0,0,0,0,0,0,0
24,24,24,07/09/2017,1,0,0,0,0,0,0,0,0,0,0,0,0,0,0,0
25,25,25,14/09/2017,0,1,0,0,0,0,0,0,0,0,0,0,0,0,0,0
26,26,26,14/09/2017,1,0,0,0,0,0,0,0,0,0,0,0,0,0,0,0
27,27,27,15/09/2017,0,0,0,1,0,0,0,0,0,0,0,0,0,0,0,0
28,28,28,23/09/2017,1,0,0,0,0,0,0,0,0,0,0,0,0,0,0,0
29,29,29,15/10/2017,0,0,0,1,0,0,0,0,0,0,0,0,0,0,0,0
30,30,30,16/10/2017,0,1,0,0,0,0,0,0,0,0,0,0,0,0,0,0
31,31,31,22/10/2017,0,1,0,0,0,0,0,0,0,0,0,0,0,0,0,0
32,32,32,23/10/2017,0,0,0,1,0,0,0,0,0,0,0,0,0,0,0,0
33,33,33,23/10/2017,0,1,0,0,0,0,0,0,0,0,0,0,0,0,0,0
34,34,34,26/10/2017,1,0,0,0,0,0,0,0,0,0,0,0,0,0,0,0
35,35,35,29/10/2017,0,0,0,1,0,0,0,0,0,0,0,0,0,0,0,0
36,36,36,30/10/2017,0,1,0,0,0,0,0,0,0,0,0,0,0,0,0,0
37,37,37,30/10/2017,1,0,0,0,0,0,0,0,0,0,0,0,0,0,0,0
38,38,38,04/11/2017,0,1,0,0,0,0,0,0,0,0,0,0,0,0,0,0
39,39,39,04/11/2017,0,1,0,0,0,0,0,0,0,0,0,0,0,0,0,0
40,40,40,05/11/2017,0,1,0,0,0,0,0,0,0,0,0,0,0,0,0,0
41,41,41,10/11/2017,1,0,0,0,0,0,0,0,0,0,0,0,0,0,0,0
42,42,42,11/11/2017,1,0,0,0,0,0,0,0,0,0,0,0,0,0,0,0
43,43,43,11/11/2017,1,0,0,0,0,0,0,0,0,0,0,0,0,0,0,0
44,44,44,17/11/2017,0,0,1,0,0,0,0,0,0,0,0,0,0,0,0,0
45,45,45,18/11/2017,0,0,0,1,0,0,0,0,0,0,0,0,0,0,0,0
46,46,46,22/11/2017,1,0,0,0,0,0,0,0,0,0,0,0,0,0,0,0
47,47,47,23/11/2017,1,0,0,0,0,0,0,0,0,0,0,0,0,0,0,0
48,48,48,26/11/2017,0,0,0,1,0,0,0,0,0,0,0,0,0,0,0,0
49,49,49,29/11/2017,0,0,0,0,1,0,0,0,0,0,0,0,0,0,0,0
50,50,50,30/11/2017,1,0,0,0,0,0,0,0,0,0,0,0,0,0,0,0
51,51,51,01/12/2017,1,0,0,0,0,0,0,0,0,0,0,0,0,0,0,0
52,52,52,10/12/2017,0,0,0,0,1,0,0,0,0,0,0,0,0,0,0,0
53,53,53,10/12/2017,0,1,0,0,0,0,0,0,0,0,0,0,0,0,0,0
54,54,54,10/12/2017,1,0,0,0,0,0,0,0,0,0,0,0,0,0,0,0
55,55,55,16/12/2017,1,0,0,0,0,0,0,0,0,0,0,0,0,0,0,0
56,56,56,18/12/2017,1,0,0,0,0,0,0,0,0,0,0,0,0,0,0,0
57,57,57,26/12/2017,1,0,0,0,0,0,0,0,0,0,0,0,0,0,0,0
58,58,58,27/12/2017,0,0,0,1,0,0,0,0,0,0,0,0,0,0,0,0
59,59,59,28/12/2017,0,1,0,0,0,0,0,0,0,0,0,0,0,0,0,0
60,60,60,28/12/2017,0,0,0,1,0,0,0,0,0,0,0,0,0,0,0,0
61,61,61,29/12/2017,0,0,0,1,0,0,0,0,0,0,0,0,0,0,0,0
62,62,62,09/01/2018,1,0,0,0,0,0,0,0,0,0,0,0,0,0,0,0
63,63,63,09/01/2018,2,0,0,0,0,0,0,0,0,0,0,0,0,0,0,0
64,64,64,10/01/2018,1,0,0,0,0,0,0,0,0,0,0,0,0,0,0,0
65,65,65,13/01/2018,0,1,0,0,0,0,0,0,0,0,0,0,0,0,0,0
66,66,66,16/01/2018,0,0,0,0,1,0,0,0,0,0,0,0,0,0,0,0
67,67,67,26/01/2018,1,0,0,0,0,0,0,0,0,0,0,0,0,0,0,0
68,68,68,27/01/2018,0,0,0,1,0,0,0,0,0,0,0,0,0,0,0,0
69,69,69,31/01/2018,0,0,1,0,0,0,0,0,0,0,0,0,0,0,0,0
70,70,70,04/02/2018,1,0,0,0,0,0,0,0,0,0,0,0,0,0,0,0
71,71,71,05/02/2018,0,0,0,1,0,0,0,0,0,0,0,0,0,0,0,0
72,72,72,05/02/2018,0,0,0,1,0,0,0,0,0,0,0,0,0,0,0,0
73,73,73,05/02/2018,0,0,0,0,1,0,0,0,0,0,0,0,0,0,0,0
74,74,74,06/02/2018,0,0,0,1,0,0,0,0,0,0,0,0,0,0,0,0
75,75,75,10/02/2018,0,0,0,0,3,0,0,0,0,0,0,0,0,0,0,0
76,76,76,10/02/2018,0,0,0,0,1,0,0,0,0,0,0,0,0,0,0,0
77,77,77,12/02/2018,0,0,0,0,1,0,0,0,0,0,0,0,0,0,0,0
78,78,78,13/02/2018,1,0,0,0,0,0,0,0,0,0,0,0,0,0,0,0
79,79,79,16/02/2018,1,0,0,0,0,0,0,0,0,0,0,0,0,0,0,0
80,80,80,18/02/2018,1,0,0,0,0,0,0,0,0,0,0,0,0,0,0,0
81,81,81,19/02/2018,0,0,1,0,0,0,0,0,0,0,0,0,0,0,0,0
82,82,82,21/02/2018,1,0,0,0,0,0,0,0,0,0,0,0,0,0,0,0
83,83,83,21/02/2018,0,0,0,0,0,1,0,0,0,0,0,0,0,0,0,0
84,84,84,21/02/2018,1,0,0,0,0,0,0,0,0,0,0,0,0,0,0,0
85,85,85,22/02/2018,0,0,0,1,0,0,0,0,0,0,0,0,0,0,0,0
86,86,86,27/02/2018,0,0,0,0,2,0,0,0,0,0,0,0,0,0,0,0
87,87,87,01/03/2018,1,0,0,0,0,0,0,0,0,0,0,0,0,0,0,0
88,88,88,06/03/2018,0,0,0,0,0,1,0,0,0,0,0,0,0,0,0,0
89,89,89,08/03/2018,0,0,0,0,1,0,0,0,0,0,0,0,0,0,0,0
90,90,90,08/03/2018,0,0,0,0,0,1,0,0,0,0,0,0,0,0,0,0
91,91,91,20/03/2018,0,0,1,0,0,0,0,0,0,0,0,0,0,0,0,0
92,92,92,21/03/2018,1,0,0,0,0,0,0,0,0,0,0,0,0,0,0,0
93,93,93,30/03/2018,1,0,0,0,0,0,0,0,0,0,0,0,0,0,0,0
94,94,94,30/03/2018,1,0,0,0,0,0,0,0,0,0,0,0,0,0,0,0
95,95,95,09/04/2018,0,0,0,0,1,0,0,0,0,0,0,0,0,0,0,0
96,96,96,14/04/2018,0,0,0,0,1,0,0,0,0,0,0,0,0,0,0,0
97,97,97,23/04/2018,1,0,0,0,0,0,0,0,0,0,0,0,0,0,0,0
98,98,98,29/04/2018,1,0,0,0,0,0,0,0,0,0,0,0,0,0,0,0
99,99,99,29/04/2018,1,0,0,0,0,0,0,0,0,0,0,0,0,0,0,0
100,100,100,29/04/2018,0,0,0,0,0,0,1,0,0,0,0,0,0,0,0,0
101,101,101,03/05/2018,1,0,0,0,0,0,0,0,0,0,0,0,0,0,0,0
102,102,102,05/05/2018,1,0,0,0,0,0,0,0,0,0,0,0,0,0,0,0
103,103,103,05/05/2018,0,0,0,1,0,0,0,0,0,0,0,0,0,0,0,0
104,104,104,07/05/2018,0,0,0,0,0,0,0,1,0,0,0,0,0,0,0,0
105,105,105,16/05/2018,0,0,0,0,0,1,0,0,0,0,0,0,0,0,0,0
106,106,106,16/05/2018,1,0,0,0,0,0,0,0,0,0,0,0,0,0,0,0
107,107,107,21/05/2018,1,0,0,0,0,0,0,0,0,0,0,0,0,0,0,0
108,108,108,08/06/2018,0,0,0,0,1,0,0,0,0,0,0,0,0,0,0,0
109,109,109,15/06/2018,1,0,0,0,0,0,0,0,0,0,0,0,0,0,0,0
110,110,110,19/06/2018,0,0,0,1,0,0,0,0,0,0,0,0,0,0,0,0
111,111,111,19/06/2018,0,0,0,0,0,1,0,0,0,0,0,0,0,0,0,0
112,112,112,19/06/2018,0,0,0,0,0,0,0,1,0,0,0,0,0,0,0,0
113,113,113,19/06/2018,1,0,0,0,0,0,0,0,0,0,0,0,0,0,0,0
114,114,114,30/06/2018,0,0,0,0,0,1,0,0,0,0,0,0,0,0,0,0
115,115,115,30/06/2018,1,0,0,0,0,0,0,0,0,0,0,0,0,0,0,0
116,116,116,08/07/2018,0,0,0,0,0,0,0,1,0,0,0,0,0,0,0,0
117,117,117,14/07/2018,1,0,0,0,0,0,0,0,0,0,0,0,0,0,0,0
118,118,118,14/07/2018,1,0,0,0,0,0,0,0,0,0,0,0,0,0,0,0
119,119,119,20/07/2018,0,0,0,0,0,0,1,0,0,0,0,0,0,0,0,0
120,120,120,20/07/2018,0,0,0,1,0,0,0,0,0,0,0,0,0,0,0,0
121,121,121,22/07/2018,0,0,0,0,0,1,0,0,0,0,0,0,0,0,0,0
122,122,122,22/07/2018,-1,0,0,0,0,0,0,0,0,0,0,0,0,0,0,0
123,123,123,30/07/2018,1,0,0,0,0,0,0,0,0,0,0,0,0,0,0,0
124,124,124,30/07/2018,1,0,0,0,0,0,0,0,0,0,0,0,0,0,0,0
125,125,125,03/08/2018,1,0,0,0,0,0,0,0,0,0,0,0,0,0,0,0
126,126,126,03/08/2018,1,0,0,0,0,0,0,0,0,0,0,0,0,0,0,0
127,127,127,29/08/2018,0,0,0,0,0,1,0,0,0,0,0,0,0,0,0,0
128,128,128,04/09/2018,0,0,1,0,0,0,0,0,0,0,0,0,0,0,0,0
129,129,129,23/09/2018,1,0,0,0,0,0,0,0,0,0,0,0,0,0,0,0
130,130,130,23/09/2018,1,0,0,0,0,0,0,0,0,0,0,0,0,0,0,0
131,131,131,27/09/2018,0,0,0,1,0,0,0,0,0,0,0,0,0,0,0,0
132,132,132,27/09/2018,0,0,0,0,0,0,0,1,0,0,0,0,0,0,0,0
133,133,133,27/09/2018,1,0,0,0,0,0,0,0,0,0,0,0,0,0,0,0
134,134,134,06/10/2018,1,0,0,0,0,0,0,0,0,0,0,0,0,0,0,0
135,135,135,12/10/2018,0,0,0,0,0,1,0,0,0,0,0,0,0,0,0,0
136,136,136,16/10/2018,0,0,0,0,0,0,1,0,0,0,0,0,0,0,0,0
137,137,137,20/10/2018,0,0,0,0,0,0,0,0,0,1,0,0,0,0,0,0
138,138,138,31/10/2018,0,0,0,0,0,0,0,0,1,0,0,0,0,0,0,0
139,139,139,01/11/2018,0,0,0,1,0,0,0,0,0,0,0,0,0,0,0,0
140,140,140,03/11/2018,0,0,0,0,1,0,0,0,0,0,0,0,0,0,0,0
141,141,141,05/11/2018,1,0,0,0,0,0,0,0,0,0,0,0,0,0,0,0
142,142,142,08/11/2018,0,0,0,0,0,1,0,0,0,0,0,0,0,0,0,0
143,143,143,08/11/2018,1,0,0,0,0,0,0,0,0,0,0,0,0,0,0,0
144,144,144,08/11/2018,0,0,0,0,0,0,0,0,0,1,0,0,0,0,0,0
145,145,145,11/11/2018,1,0,0,0,0,0,0,0,0,0,0,0,0,0,0,0
146,146,146,12/11/2018,1,0,0,0,0,0,0,0,0,0,0,0,0,0,0,0
147,147,147,17/11/2018,0,0,0,0,0,0,0,1,0,0,0,0,0,0,0,0
148,148,148,22/11/2018,1,0,0,0,0,0,0,0,0,0,0,0,0,0,0,0
149,149,149,23/11/2018,0,0,0,1,0,0,0,0,0,0,0,0,0,0,0,0
150,150,150,24/11/2018,1,0,0,0,0,0,0,0,0,0,0,0,0,0,0,0
151,151,151,26/11/2018,0,0,0,0,1,0,0,0,0,0,0,0,0,0,0,0
152,152,152,08/12/2018,0,0,0,0,0,1,0,0,0,0,0,0,0,0,0,0
153,153,153,11/12/2018,0,0,0,0,1,0,0,0,0,0,0,0,0,0,0,0
154,154,154,13/12/2018,0,0,0,1,0,0,0,0,0,0,0,0,0,0,0,0
155,155,155,13/12/2018,1,0,0,0,0,0,0,0,0,0,0,0,0,0,0,0
156,156,156,15/12/2018,1,0,0,0,0,0,0,0,0,0,0,0,0,0,0,0
157,157,157,23/12/2018,0,0,0,0,1,0,0,0,0,0,0,0,0,0,0,0
158,158,158,01/01/2019,1,0,0,0,0,0,0,0,0,0,0,0,0,0,0,0
159,159,159,01/01/2019,1,0,0,0,0,0,0,0,0,0,0,0,0,0,0,0
160,160,160,01/01/2019,0,0,1,0,0,0,0,0,0,0,0,0,0,0,0,0
161,161,161,07/01/2019,0,0,0,0,0,1,0,0,0,0,0,0,0,0,0,0
162,162,162,08/01/2019,1,0,0,0,0,0,0,0,0,0,0,0,0,0,0,0
163,163,163,26/01/2019,1,0,0,0,0,0,0,0,0,0,0,0,0,0,0,0
164,164,164,30/01/2019,1,0,0,0,0,0,0,0,0,0,0,0,0,0,0,0
165,165,165,30/01/2019,1,0,0,0,0,0,0,0,0,0,0,0,0,0,0,0
166,166,166,03/02/2019,1,0,0,0,0,0,0,0,0,0,0,0,0,0,0,0
167,167,167,03/02/2019,0,0,0,0,0,1,0,0,0,0,0,0,0,0,0,0
168,168,168,17/02/2019,1,0,0,0,0,0,0,0,0,0,0,0,0,0,0,0
169,169,169,19/02/2019,1,0,0,0,0,0,0,0,0,0,0,0,0,0,0,0
170,170,170,23/02/2019,1,0,0,0,0,0,0,0,0,0,0,0,0,0,0,0
171,171,171,24/02/2019,0,0,0,0,0,1,0,0,0,0,0,0,0,0,0,0
172,172,172,03/03/2019,0,0,0,0,1,0,0,0,0,0,0,0,0,0,0,0
173,173,173,05/03/2019,0,0,0,0,1,0,0,0,0,0,0,0,0,0,0,0
174,174,174,09/03/2019,0,0,0,0,1,0,0,0,0,0,0,0,0,0,0,0
175,175,175,13/03/2019,0,0,0,0,0,0,0,0,0,1,0,0,0,0,0,0
176,176,176,17/03/2019,0,0,0,1,0,0,0,0,0,0,0,0,0,0,0,0
177,177,177,21/03/2019,1,0,0,0,0,0,0,0,0,0,0,0,0,0,0,0
178,178,178,23/03/2019,0,0,0,0,1,0,0,0,0,0,0,0,0,0,0,0
179,179,179,28/03/2019,1,0,0,0,0,0,0,0,0,0,0,0,0,0,0,0
180,180,180,05/04/2019,0,1,0,0,0,0,0,0,0,0,0,0,0,0,0,0
181,181,181,11/04/2019,0,0,0,0,1,0,0,0,0,0,0,0,0,0,0,0
182,182,182,11/04/2019,0,0,0,0,1,0,0,0,0,0,0,0,0,0,0,0
183,183,183,16/04/2019,0,0,0,0,1,0,0,0,0,0,0,0,0,0,0,0
184,184,184,24/04/2019,0,0,0,0,1,0,0,0,0,0,0,0,0,0,0,0
185,185,185,28/04/2019,0,0,0,0,0,2,0,0,0,0,0,0,0,0,0,0
186,186,186,28/04/2019,0,0,0,0,1,0,0,0,0,0,0,0,0,0,0,0
187,187,187,07/06/2019,0,0,0,0,1,0,0,0,0,0,0,0,0,0,0,0
188,188,188,12/06/2019,0,0,0,0,1,0,0,0,0,0,0,0,0,0,0,0
189,189,189,22/06/2019,0,0,0,0,1,0,0,0,0,0,0,0,0,0,0,0
190,190,190,28/06/2019,1,0,0,0,0,0,0,0,0,0,0,0,0,0,0,0
191,191,191,28/06/2019,0,0,0,0,1,0,0,0,0,0,0,0,0,0,0,0
192,192,192,06/07/2019,0,0,0,0,0,1,0,0,0,0,0,0,0,0,0,0
193,193,193,07/07/2019,0,0,0,0,1,0,0,0,0,0,0,0,0,0,0,0
194,194,194,07/07/2019,0,0,0,0,1,0,0,0,0,0,0,0,0,0,0,0
195,195,195,19/07/2019,0,0,0,0,1,0,0,0,0,0,0,0,0,0,0,0
196,196,196,20/07/2019,0,0,0,1,0,0,0,0,0,0,0,0,0,0,0,0
197,197,197,20/07/2019,0,0,0,0,0,1,0,0,0,0,0,0,0,0,0,0
198,198,198,21/07/2019,1,0,0,0,0,0,0,0,0,0,0,0,0,0,0,0
199,199,199,21/07/2019,0,0,0,0,1,0,0,0,0,0,0,0,0,0,0,0
200,200,200,23/07/2019,0,0,0,0,1,0,0,0,0,0,0,0,0,0,0,0
201,201,201,28/07/2019,0,0,0,0,0,1,0,0,0,0,0,0,0,0,0,0
202,202,202,01/08/2019,0,0,0,0,0,1,0,0,0,0,0,0,0,0,0,0
203,203,203,02/08/2019,0,0,0,0,0,1,0,0,0,0,0,0,0,0,0,0
204,204,204,03/08/2019,0,0,0,0,1,0,0,0,0,0,0,0,0,0,0,0
205,205,205,16/08/2019,0,0,0,0,3,0,0,0,0,0,0,0,0,0,0,0
206,206,206,18/08/2019,0,0,0,0,1,0,0,0,0,0,0,0,0,0,0,0
207,207,207,24/08/2019,0,0,0,0,0,1,0,0,0,0,0,0,0,0,0,0
208,208,208,24/08/2019,1,0,0,0,0,0,0,0,0,0,0,0,0,0,0,0
209,209,209,28/08/2019,0,0,0,0,0,1,0,0,0,0,0,0,0,0,0,0
210,210,210,04/09/2019,1,0,0,0,0,0,0,0,0,0,0,0,0,0,0,0
211,211,211,07/09/2019,1,0,0,0,0,0,0,0,0,0,0,0,0,0,0,0
212,212,212,11/09/2019,0,0,0,0,0,1,0,0,0,0,0,0,0,0,0,0
213,213,213,13/09/2019,0,0,0,0,0,1,0,0,0,0,0,0,0,0,0,0
214,214,214,15/09/2019,0,0,0,0,1,0,0,0,0,0,0,0,0,0,0,0
215,215,215,15/09/2019,0,0,0,0,1,0,0,0,0,0,0,0,0,0,0,0
216,216,216,21/09/2019,0,0,0,0,0,1,0,0,0,0,0,0,0,0,0,0
217,217,217,27/09/2019,0,0,0,0,1,0,0,0,0,0,0,0,0,0,0,0
218,218,218,03/10/2019,0,0,0,0,0,1,0,0,0,0,0,0,0,0,0,0
219,219,219,15/10/2019,0,0,0,0,1,0,0,0,0,0,0,0,0,0,0,0
220,220,220,15/10/2019,0,0,0,0,1,0,0,0,0,0,0,0,0,0,0,0
221,221,221,25/10/2019,0,0,0,0,1,0,0,0,0,0,0,0,0,0,0,0
222,222,222,02/11/2019,0,0,0,0,1,0,0,0,0,0,0,0,0,0,0,0
223,223,223,03/11/2019,0,0,0,0,0,1,0,0,0,0,0,0,0,0,0,0
224,224,224,06/11/2019,0,0,0,0,0,1,0,0,0,0,0,0,0,0,0,0
225,225,225,10/11/2019,0,0,-1,0,0,0,0,0,0,0,0,0,0,0,0,0
226,226,226,10/11/2019,0,0,1,0,0,0,0,0,0,0,0,0,0,0,0,0
227,227,227,10/11/2019,0,0,1,0,0,0,0,0,0,0,0,0,0,0,0,0
228,228,228,10/11/2019,0,0,0,0,0,1,0,0,0,0,0,0,0,0,0,0
229,229,229,10/11/2019,0,0,0,-2,0,0,0,0,0,0,0,0,0,0,0,0
230,230,230,10/11/2019,0,0,0,0,0,0,0,0,0,0,1,0,0,0,0,0
231,231,231,10/11/2019,0,0,0,0,1,0,0,0,0,0,0,0,0,0,0,0
232,232,232,11/11/2019,0,0,0,0,0,0,1,0,0,0,0,0,0,0,0,0
233,233,233,11/11/2019,0,0,0,0,1,0,0,0,0,0,0,0,0,0,0,0
234,234,234,16/11/2019,0,0,0,0,1,0,0,0,0,0,0,0,0,0,0,0
235,235,235,16/11/2019,0,0,0,0,1,0,0,0,0,0,0,0,0,0,0,0
236,236,236,21/11/2019,0,0,1,0,0,0,0,0,0,0,0,0,0,0,0,0
237,237,237,21/11/2019,0,0,0,0,0,0,0,0,0,0,1,0,0,0,0,0
238,238,238,23/11/2019,0,0,1,0,0,0,0,0,0,0,0,0,0,0,0,0
239,239,239,24/11/2019,0,0,0,0,1,0,0,0,0,0,0,0,0,0,0,0
240,240,240,25/11/2019,0,0,0,0,1,0,0,0,0,0,0,0,0,0,0,0
241,241,241,30/11/2019,0,0,0,0,1,0,0,0,0,0,0,0,0,0,0,0
242,242,242,03/12/2019,0,0,0,0,1,0,0,0,0,0,0,0,0,0,0,0
243,243,243,06/12/2019,0,0,0,0,1,0,0,0,0,0,0,0,0,0,0,0
244,244,244,08/12/2019,0,0,1,0,0,0,0,0,0,0,0,0,0,0,0,0
245,245,245,10/12/2019,0,0,0,0,1,0,0,0,0,0,0,0,0,0,0,0
246,246,246,15/12/2019,0,0,0,0,0,1,0,0,0,0,0,0,0,0,0,0
247,247,247,15/12/2019,0,0,0,0,0,0,0,0,0,0,0,1,0,0,0,0
248,248,248,19/12/2019,0,0,0,0,1,0,0,0,0,0,0,0,0,0,0,0
249,249,249,21/12/2019,0,0,0,0,0,1,0,0,0,0,0,0,0,0,0,0
250,250,250,21/12/2019,0,0,0,0,0,1,0,0,0,0,0,0,0,0,0,0
251,251,251,22/12/2019,0,0,0,0,0,0,0,0,0,0,0,1,0,0,0,0
252,252,252,22/12/2019,0,0,0,0,1,0,0,0,0,0,0,0,0,0,0,0
253,253,253,27/12/2019,0,0,0,0,1,0,0,0,0,0,0,0,0,0,0,0
254,254,254,10/01/2020,0,0,0,1,0,0,0,0,0,0,0,0,0,0,0,0
255,255,255,11/01/2020,0,0,0,0,1,0,0,0,0,0,0,0,0,0,0,0
256,256,256,17/01/2020,1,0,0,0,0,0,0,0,0,0,0,0,0,0,0,0
257,257,257,17/01/2020,0,0,0,0,1,0,0,0,0,0,0,0,0,0,0,0
258,258,258,24/01/2020,0,0,0,0,1,0,0,0,0,0,0,0,0,0,0,0
259,259,259,02/02/2020,0,1,0,0,0,0,0,0,0,0,0,0,0,0,0,0
260,260,260,06/02/2020,0,0,0,0,1,0,0,0,0,0,0,0,0,0,0,0
261,261,261,14/02/2020,0,0,0,0,0,1,0,0,0,0,0,0,0,0,0,0
262,262,262,14/02/2020,0,0,0,0,0,1,0,0,0,0,0,0,0,0,0,0
263,263,263,14/02/2020,0,0,0,0,1,0,0,0,0,0,0,0,0,0,0,0
264,264,264,19/02/2020,0,0,0,0,1,0,0,0,0,0,0,0,0,0,0,0
265,265,265,20/02/2020,0,0,0,0,1,0,0,0,0,0,0,0,0,0,0,0
266,266,266,20/02/2020,0,0,0,0,1,0,0,0,0,0,0,0,0,0,0,0
267,267,267,27/02/2020,0,0,1,0,0,0,0,0,0,0,0,0,0,0,0,0
268,268,268,28/02/2020,0,0,0,0,0,1,0,0,0,0,0,0,0,0,0,0
269,269,269,28/02/2020,0,0,0,0,0,1,0,0,0,0,0,0,0,0,0,0
270,270,270,28/02/2020,0,0,0,0,0,1,0,0,0,0,0,0,0,0,0,0
271,271,271,29/02/2020,0,0,1,0,0,0,0,0,0,0,0,0,0,0,0,0
272,272,272,04/03/2020,0,0,0,0,1,0,0,0,0,0,0,0,0,0,0,0
273,273,273,04/03/2020,0,0,0,0,1,0,0,0,0,0,0,0,0,0,0,0
274,274,274,16/03/2020,0,0,0,0,0,1,0,0,0,0,0,0,0,0,0,0
275,275,275,22/05/2020,0,0,0,0,1,0,0,0,0,0,0,0,0,0,0,0
276,276,276,23/05/2020,0,0,0,0,0,1,0,0,0,0,0,0,0,0,0,0
277,277,277,30/05/2020,0,0,0,0,-1,0,0,0,0,0,0,0,0,0,0,0
278,278,278,30/05/2020,0,0,0,0,1,0,0,0,0,0,0,0,0,0,0,0
279,279,279,13/07/2020,0,0,0,0,0,1,0,0,0,0,0,0,0,0,0,0
280,280,280,07/08/2020,0,0,0,0,1,0,0,0,0,0,0,0,0,0,0,0
281,281,281,10/08/2020,0,0,0,0,1,0,0,0,0,0,0,0,0,0,0,0
282,282,282,12/08/2020,0,0,0,0,1,0,0,0,0,0,0,0,0,0,0,0
283,283,283,16/08/2020,0,0,0,0,1,0,0,0,0,0,0,0,0,0,0,0
284,284,284,07/09/2020,0,0,0,0,1,0,0,0,0,0,0,0,0,0,0,0
285,285,285,07/09/2020,0,0,0,0,1,0,0,0,0,0,0,0,0,0,0,0
286,286,286,07/09/2020,0,0,0,0,1,0,0,0,0,0,0,0,0,0,0,0
287,287,287,07/09/2020,0,0,0,0,0,1,0,0,0,0,0,0,0,0,0,0
288,288,288,16/09/2020,0,0,0,0,1,0,0,0,0,0,0,0,0,0,0,0
289,289,289,22/09/2020,0,0,0,0,0,1,0,0,0,0,0,0,0,0,0,0
290,290,290,24/09/2020,0,0,0,0,1,0,0,0,0,0,0,0,0,0,0,0
291,291,291,25/09/2020,0,0,0,0,1,0,0,0,0,0,0,0,0,0,0,0
292,292,292,30/09/2020,0,0,0,0,1,0,0,0,0,0,0,0,0,0,0,0
293,293,293,30/09/2020,0,0,0,0,1,0,0,0,0,0,0,0,0,0,0,0
294,294,294,03/10/2020,0,0,0,0,0,1,0,0,0,0,0,0,0,0,0,0
295,295,295,07/10/2020,1,0,0,0,0,0,0,0,0,0,0,0,0,0,0,0
296,296,296,19/10/2020,0,0,0,0,0,0,0,0,0,1,0,0,0,0,0,0
297,297,297,19/10/2020,0,0,0,0,1,0,0,0,0,0,0,0,0,0,0,0
298,298,298,29/10/2020,0,0,0,1,0,0,0,0,0,0,0,0,0,0,0,0
299,299,299,29/10/2020,0,0,0,0,2,0,0,0,0,0,0,0,0,0,0,0
300,300,300,29/10/2020,0,0,0,0,6,0,0,0,0,0,0,0,0,0,0,0
301,301,301,29/10/2020,0,0,0,0,3,0,0,0,0,0,0,0,0,0,0,0
302,302,302,29/10/2020,0,0,0,0,1,0,0,0,0,0,0,0,0,0,0,0
303,303,303,29/10/2020,0,0,0,0,2,0,0,0,0,0,0,0,0,0,0,0
304,304,304,29/10/2020,0,0,0,0,10,0,0,0,0,0,0,0,0,0,0,0
305,305,305,29/10/2020,2,0,0,0,0,0,0,0,0,0,0,0,0,0,0,0
306,306,306,29/10/2020,1,0,0,0,0,0,0,0,0,0,0,0,0,0,0,0
307,307,307,29/10/2020,9,0,0,0,0,0,0,0,0,0,0,0,0,0,0,0
308,308,308,29/10/2020,0,0,0,0,0,0,0,0,8,0,0,0,0,0,0,0
309,309,309,29/10/2020,0,0,0,0,0,0,0,0,2,0,0,0,0,0,0,0
310,310,310,29/10/2020,3,0,0,0,0,0,0,0,0,0,0,0,0,0,0,0
311,311,311,29/10/2020,3,0,0,0,0,0,0,0,0,0,0,0,0,0,0,0
312,312,312,29/10/2020,3,0,0,0,0,0,0,0,0,0,0,0,0,0,0,0
313,313,313,08/11/2020,0,0,0,0,1,0,0,0,0,0,0,0,0,0,0,0
314,314,314,11/11/2020,0,0,0,0,1,0,0,0,0,0,0,0,0,0,0,0
315,315,315,13/11/2020,0,0,0,0,1,0,0,0,0,0,0,0,0,0,0,0
316,316,316,26/11/2020,0,0,0,0,1,0,0,0,0,0,0,0,0,0,0,0
317,317,317,26/11/2020,0,0,0,0,1,0,0,0,0,0,0,0,0,0,0,0
318,318,318,27/11/2020,0,0,0,0,0,0,1,0,0,0,0,0,0,0,0,0
319,319,319,05/12/2020,0,0,0,0,1,0,0,0,0,0,0,0,0,0,0,0
320,320,320,05/12/2020,0,0,0,0,1,0,0,0,0,0,0,0,0,0,0,0
321,321,321,09/12/2020,0,0,0,0,1,0,0,0,0,0,0,0,0,0,0,0
322,322,322,14/12/2020,1,0,0,0,0,0,0,0,0,0,0,0,0,0,0,0
323,323,323,30/12/2020,0,0,0,0,0,1,0,0,0,0,0,0,0,0,0,0
324,324,324,31/12/2020,0,0,0,0,0,1,0,0,0,0,0,0,0,0,0,0
325,325,325,03/01/2021,0,0,0,0,0,-3,0,0,0,0,0,0,0,0,0,0
326,326,326,03/01/2021,0,0,0,0,0,3,0,0,0,0,0,0,0,0,0,0
327,327,327,03/01/2021,0,0,1,0,0,0,0,0,0,0,0,0,0,0,0,0
328,328,328,03/01/2021,0,0,0,0,0,0,1,0,0,0,0,0,0,0,0,0
329,329,329,03/01/2021,0,0,0,0,-1,0,0,0,0,0,0,0,0,0,0,0
330,330,330,03/01/2021,0,0,0,0,-2,0,0,0,0,0,0,0,0,0,0,0
331,331,331,03/01/2021,0,0,0,0,2,0,0,0,0,0,0,0,0,0,0,0
332,332,332,03/01/2021,0,0,0,0,-2,0,0,0,0,0,0,0,0,0,0,0
333,333,333,03/01/2021,0,0,0,0,-1,0,0,0,0,0,0,0,0,0,0,0
334,334,334,03/01/2021,0,0,0,0,-1,0,0,0,0,0,0,0,0,0,0,0
335,335,335,03/01/2021,0,0,0,0,-4,0,0,0,0,0,0,0,0,0,0,0
336,336,336,03/01/2021,0,0,0,0,3,0,0,0,0,0,0,0,0,0,0,0
337,337,337,03/01/2021,0,0,0,0,-1,0,0,0,0,0,0,0,0,0,0,0
338,338,338,03/01/2021,0,0,0,0,-1,0,0,0,0,0,0,0,0,0,0,0
339,339,339,03/01/2021,0,0,0,0,1,0,0,0,0,0,0,0,0,0,0,0
340,340,340,03/01/2021,2,0,0,0,0,0,0,0,0,0,0,0,0,0,0,0
341,341,341,03/01/2021,1,0,0,0,0,0,0,0,0,0,0,0,0,0,0,0
342,342,342,03/01/2021,1,0,0,0,0,0,0,0,0,0,0,0,0,0,0,0
343,343,343,08/01/2021,0,0,0,0,1,0,0,0,0,0,0,0,0,0,0,0
344,344,344,09/01/2021,0,0,0,0,1,0,0,0,0,0,0,0,0,0,0,0
345,345,345,23/01/2021,0,0,0,0,1,0,0,0,0,0,0,0,0,0,0,0
346,346,346,30/01/2021,0,0,1,0,0,0,0,0,0,0,0,0,0,0,0,0
347,347,347,13/02/2021,0,0,0,0,0,1,0,0,0,0,0,0,0,0,0,0
348,348,348,13/02/2021,0,0,1,0,0,0,0,0,0,0,0,0,0,0,0,0
349,349,349,13/02/2021,0,0,0,0,0,1,0,0,0,0,0,0,0,0,0,0
350,350,350,19/02/2021,0,1,0,0,0,0,0,0,0,0,0,0,0,0,0,0
351,351,351,28/02/2021,0,0,0,0,1,0,0,0,0,0,0,0,0,0,0,0
352,352,352,28/02/2021,0,0,0,0,0,1,0,0,0,0,0,0,0,0,0,0
353,353,353,04/03/2021,0,0,0,0,1,0,0,0,0,0,0,0,0,0,0,0
354,354,354,08/03/2021,0,0,0,0,1,0,0,0,0,0,0,0,0,0,0,0
355,355,355,12/03/2021,0,0,0,0,1,0,0,0,0,0,0,0,0,0,0,0
356,356,356,17/03/2021,0,0,0,0,1,0,0,0,0,0,0,0,0,0,0,0
357,357,357,22/03/2021,0,0,0,0,1,0,0,0,0,0,0,0,0,0,0,0
358,358,358,26/03/2021,0,0,0,0,1,0,0,0,0,0,0,0,0,0,0,0
359,359,359,29/03/2021,0,0,0,0,1,0,0,0,0,0,0,0,0,0,0,0
360,360,360,06/04/2021,0,0,0,0,0,1,0,0,0,0,0,0,0,0,0,0
361,361,361,08/04/2021,0,0,0,0,1,0,0,0,0,0,0,0,0,0,0,0
362,362,362,09/04/2021,0,0,0,0,1,0,0,0,0,0,0,0,0,0,0,0
363,363,363,21/04/2021,0,0,0,0,1,0,0,0,0,0,0,0,0,0,0,0
364,364,364,17/06/2021,0,0,0,0,0,0,0,0,0,0,0,1,0,0,0,0
365,365,365,19/06/2021,0,0,0,0,0,1,0,0,0,0,0,0,0,0,0,0
366,366,366,21/06/2021,0,0,0,0,1,0,0,0,0,0,0,0,0,0,0,0
367,367,367,06/07/2021,0,0,0,0,0,0,0,0,0,0,0,0,1,0,0,0
368,368,368,07/07/2021,0,0,0,0,1,0,0,0,0,0,0,0,0,0,0,0
369,369,369,12/07/2021,0,0,0,0,1,0,0,0,0,0,0,0,0,0,0,0
370,370,370,16/07/2021,0,0,0,0,1,0,0,0,0,0,0,0,0,0,0,0
371,371,371,26/07/2021,0,0,1,0,0,0,0,0,0,0,0,0,0,0,0,0
372,372,372,05/08/2021,0,0,0,0,1,0,0,0,0,0,0,0,0,0,0,0
373,373,373,06/08/2021,0,0,0,0,0,1,0,0,0,0,0,0,0,0,0,0
374,374,374,06/08/2021,0,0,1,0,0,0,0,0,0,0,0,0,0,0,0,0
375,375,375,09/08/2021,0,0,0,0,1,0,0,0,0,0,0,0,0,0,0,0
376,376,376,10/08/2021,0,0,0,0,1,0,0,0,0,0,0,0,0,0,0,0
377,377,377,12/08/2021,0,0,0,0,1,0,0,0,0,0,0,0,0,0,0,0
378,378,378,16/08/2021,0,0,0,0,0,0,0,0,0,0,0,0,0,1,0,0
379,379,379,16/08/2021,0,0,0,0,1,0,0,0,0,0,0,0,0,0,0,0
380,380,380,02/09/2021,0,0,0,0,1,0,0,0,0,0,0,0,0,0,0,0
381,381,381,08/09/2021,0,0,0,0,1,0,0,0,0,0,0,0,0,0,0,0
382,382,382,09/09/2021,0,0,0,0,1,0,0,0,0,0,0,0,0,0,0,0
383,383,383,14/09/2021,0,0,0,0,0,0,0,0,0,0,0,1,0,0,0,0
384,384,384,16/09/2021,0,0,0,0,0,0,0,0,0,0,0,-1,0,0,0,0
385,385,385,30/09/2021,0,0,0,0,1,0,0,0,0,0,0,0,0,0,0,0
386,386,386,02/10/2021,0,0,0,0,0,1,0,0,0,0,0,0,0,0,0,0
387,387,387,04/10/2021,0,0,0,0,1,0,0,0,0,0,0,0,0,0,0,0
388,388,388,04/10/2021,0,0,0,0,1,0,0,0,0,0,0,0,0,0,0,0
389,389,389,07/10/2021,0,0,0,0,0,0,0,0,0,0,0,0,0,1,0,0
390,390,390,14/10/2021,0,0,0,0,1,0,0,0,0,0,0,0,0,0,0,0
391,391,391,15/10/2021,0,0,0,0,0,0,0,0,0,0,0,0,1,0,0,0
392,392,392,19/10/2021,0,0,0,0,0,0,0,0,0,0,0,0,0,0,1,0
393,393,393,20/10/2021,0,0,0,0,0,0,0,0,0,0,0,0,0,0,1,0
394,394,394,20/10/2021,0,0,0,0,0,2,0,0,0,0,0,0,0,0,0,0
395,395,395,20/10/2021,0,0,0,0,0,0,0,0,0,0,0,0,0,0,0,1
396,396,396,28/10/2021,0,0,0,0,1,0,0,0,0,0,0,0,0,0,0,0
397,397,397,28/10/2021,0,0,0,0,1,0,0,0,0,0,0,0,0,0,0,0
398,398,398,15/11/2021,0,0,0,0,1,0,0,0,0,0,0,0,0,0,0,0
399,399,399,16/11/2021,0,0,0,0,1,0,0,0,0,0,0,0,0,0,0,0
400,400,400,17/11/2021,0,0,0,0,0,1,0,0,0,0,0,0,0,0,0,0
401,401,401,19/11/2021,0,0,0,0,1,0,0,0,0,0,0,0,0,0,0,0
402,402,402,22/11/2021,0,0,0,0,1,0,0,0,0,0,0,0,0,0,0,0
403,403,403,29/11/2021,0,0,0,0,1,0,0,0,0,0,0,0,0,0,0,0
