,Unnamed: 0,Unnamed: 0.1,Date,brand r165D,brand d194w,brand T75q,brand A96O,brand b184Z,brand N97e,brand P144q,brand y250R,brand g168h,brand B52k,brand F26r,brand K229H,brand w86C,brand t43I,brand t194u,brand N118F,brand b165J,brand l192e,brand f41N,brand z44A,brand S115T
0,0,0,14/05/2017,0,0,1,0,0,0,0,0,0,0,0,0,0,0,0,0,0,0,0,0,0
1,1,1,16/06/2017,1,0,0,0,0,0,0,0,0,0,0,0,0,0,0,0,0,0,0,0,0
2,2,2,21/06/2017,0,0,0,2,0,0,0,0,0,0,0,0,0,0,0,0,0,0,0,0,0
3,3,3,21/06/2017,0,0,0,0,1,0,0,0,0,0,0,0,0,0,0,0,0,0,0,0,0
4,4,4,17/07/2017,0,0,1,0,0,0,0,0,0,0,0,0,0,0,0,0,0,0,0,0,0
5,5,5,17/07/2017,0,0,1,0,0,0,0,0,0,0,0,0,0,0,0,0,0,0,0,0,0
6,6,6,19/07/2017,0,0,1,0,0,0,0,0,0,0,0,0,0,0,0,0,0,0,0,0,0
7,7,7,02/08/2017,0,0,1,0,0,0,0,0,0,0,0,0,0,0,0,0,0,0,0,0,0
8,8,8,12/08/2017,1,0,0,0,0,0,0,0,0,0,0,0,0,0,0,0,0,0,0,0,0
9,9,9,16/08/2017,0,0,1,0,0,0,0,0,0,0,0,0,0,0,0,0,0,0,0,0,0
10,10,10,23/08/2017,1,0,0,0,0,0,0,0,0,0,0,0,0,0,0,0,0,0,0,0,0
11,11,11,23/08/2017,1,0,0,0,0,0,0,0,0,0,0,0,0,0,0,0,0,0,0,0,0
12,12,12,23/08/2017,0,2,0,0,0,0,0,0,0,0,0,0,0,0,0,0,0,0,0,0,0
13,13,13,25/08/2017,2,0,0,0,0,0,0,0,0,0,0,0,0,0,0,0,0,0,0,0,0
14,14,14,06/09/2017,1,0,0,0,0,0,0,0,0,0,0,0,0,0,0,0,0,0,0,0,0
15,15,15,06/09/2017,1,0,0,0,0,0,0,0,0,0,0,0,0,0,0,0,0,0,0,0,0
16,16,16,07/09/2017,0,0,0,1,0,0,0,0,0,0,0,0,0,0,0,0,0,0,0,0,0
17,17,17,10/09/2017,0,0,1,0,0,0,0,0,0,0,0,0,0,0,0,0,0,0,0,0,0
18,18,18,11/09/2017,0,0,0,0,1,0,0,0,0,0,0,0,0,0,0,0,0,0,0,0,0
19,19,19,23/09/2017,1,0,0,0,0,0,0,0,0,0,0,0,0,0,0,0,0,0,0,0,0
20,20,20,27/09/2017,0,0,1,0,0,0,0,0,0,0,0,0,0,0,0,0,0,0,0,0,0
21,21,21,29/09/2017,0,0,0,0,1,0,0,0,0,0,0,0,0,0,0,0,0,0,0,0,0
22,22,22,05/10/2017,0,0,0,0,1,0,0,0,0,0,0,0,0,0,0,0,0,0,0,0,0
23,23,23,05/10/2017,0,0,0,0,-1,0,0,0,0,0,0,0,0,0,0,0,0,0,0,0,0
24,24,24,05/10/2017,0,0,0,0,1,0,0,0,0,0,0,0,0,0,0,0,0,0,0,0,0
25,25,25,22/10/2017,1,0,0,0,0,0,0,0,0,0,0,0,0,0,0,0,0,0,0,0,0
26,26,26,28/10/2017,0,0,0,0,0,1,0,0,0,0,0,0,0,0,0,0,0,0,0,0,0
27,27,27,02/11/2017,0,0,0,2,0,0,0,0,0,0,0,0,0,0,0,0,0,0,0,0,0
28,28,28,02/11/2017,0,0,0,0,0,1,0,0,0,0,0,0,0,0,0,0,0,0,0,0,0
29,29,29,04/11/2017,0,0,0,0,1,0,0,0,0,0,0,0,0,0,0,0,0,0,0,0,0
30,30,30,18/11/2017,0,0,1,0,0,0,0,0,0,0,0,0,0,0,0,0,0,0,0,0,0
31,31,31,23/11/2017,0,1,0,0,0,0,0,0,0,0,0,0,0,0,0,0,0,0,0,0,0
32,32,32,27/12/2017,1,0,0,0,0,0,0,0,0,0,0,0,0,0,0,0,0,0,0,0,0
33,33,33,02/01/2018,0,1,0,0,0,0,0,0,0,0,0,0,0,0,0,0,0,0,0,0,0
34,34,34,03/01/2018,0,0,0,0,0,2,0,0,0,0,0,0,0,0,0,0,0,0,0,0,0
35,35,35,03/01/2018,0,0,0,0,0,-2,0,0,0,0,0,0,0,0,0,0,0,0,0,0,0
36,36,36,03/01/2018,0,0,0,0,0,2,0,0,0,0,0,0,0,0,0,0,0,0,0,0,0
37,37,37,20/01/2018,0,0,1,0,0,0,0,0,0,0,0,0,0,0,0,0,0,0,0,0,0
38,38,38,21/01/2018,1,0,0,0,0,0,0,0,0,0,0,0,0,0,0,0,0,0,0,0,0
39,39,39,26/01/2018,1,0,0,0,0,0,0,0,0,0,0,0,0,0,0,0,0,0,0,0,0
40,40,40,27/01/2018,0,0,0,8,0,0,0,0,0,0,0,0,0,0,0,0,0,0,0,0,0
41,41,41,09/02/2018,1,0,0,0,0,0,0,0,0,0,0,0,0,0,0,0,0,0,0,0,0
42,42,42,11/02/2018,0,0,0,0,1,0,0,0,0,0,0,0,0,0,0,0,0,0,0,0,0
43,43,43,11/02/2018,0,0,0,0,0,1,0,0,0,0,0,0,0,0,0,0,0,0,0,0,0
44,44,44,11/02/2018,0,0,0,0,0,0,1,0,0,0,0,0,0,0,0,0,0,0,0,0,0
45,45,45,18/02/2018,0,0,0,0,0,0,1,0,0,0,0,0,0,0,0,0,0,0,0,0,0
46,46,46,03/03/2018,0,0,0,0,0,0,1,0,0,0,0,0,0,0,0,0,0,0,0,0,0
47,47,47,17/03/2018,0,0,1,0,0,0,0,0,0,0,0,0,0,0,0,0,0,0,0,0,0
48,48,48,23/03/2018,0,1,0,0,0,0,0,0,0,0,0,0,0,0,0,0,0,0,0,0,0
49,49,49,31/03/2018,0,0,0,0,0,0,1,0,0,0,0,0,0,0,0,0,0,0,0,0,0
50,50,50,03/04/2018,0,1,0,0,0,0,0,0,0,0,0,0,0,0,0,0,0,0,0,0,0
51,51,51,15/04/2018,0,0,0,0,1,0,0,0,0,0,0,0,0,0,0,0,0,0,0,0,0
52,52,52,21/04/2018,0,0,0,0,1,0,0,0,0,0,0,0,0,0,0,0,0,0,0,0,0
53,53,53,29/04/2018,1,0,0,0,0,0,0,0,0,0,0,0,0,0,0,0,0,0,0,0,0
54,54,54,11/05/2018,0,0,0,0,1,0,0,0,0,0,0,0,0,0,0,0,0,0,0,0,0
55,55,55,12/05/2018,0,0,0,0,0,0,1,0,0,0,0,0,0,0,0,0,0,0,0,0,0
56,56,56,14/05/2018,0,0,0,0,0,0,1,0,0,0,0,0,0,0,0,0,0,0,0,0,0
57,57,57,17/05/2018,0,0,1,0,0,0,0,0,0,0,0,0,0,0,0,0,0,0,0,0,0
58,58,58,17/05/2018,1,0,0,0,0,0,0,0,0,0,0,0,0,0,0,0,0,0,0,0,0
59,59,59,18/05/2018,0,1,0,0,0,0,0,0,0,0,0,0,0,0,0,0,0,0,0,0,0
60,60,60,04/06/2018,0,0,0,0,0,0,1,0,0,0,0,0,0,0,0,0,0,0,0,0,0
61,61,61,06/06/2018,0,0,0,0,0,0,1,0,0,0,0,0,0,0,0,0,0,0,0,0,0
62,62,62,08/06/2018,0,0,0,0,0,0,1,0,0,0,0,0,0,0,0,0,0,0,0,0,0
63,63,63,08/06/2018,0,0,0,0,1,0,0,0,0,0,0,0,0,0,0,0,0,0,0,0,0
64,64,64,08/06/2018,0,0,0,0,0,0,1,0,0,0,0,0,0,0,0,0,0,0,0,0,0
65,65,65,10/06/2018,0,0,1,0,0,0,0,0,0,0,0,0,0,0,0,0,0,0,0,0,0
66,66,66,10/06/2018,1,0,0,0,0,0,0,0,0,0,0,0,0,0,0,0,0,0,0,0,0
67,67,67,19/06/2018,0,0,0,0,0,0,1,0,0,0,0,0,0,0,0,0,0,0,0,0,0
68,68,68,22/06/2018,0,1,0,0,0,0,0,0,0,0,0,0,0,0,0,0,0,0,0,0,0
69,69,69,29/06/2018,0,0,0,0,2,0,0,0,0,0,0,0,0,0,0,0,0,0,0,0,0
70,70,70,11/07/2018,0,0,0,0,0,0,0,1,0,0,0,0,0,0,0,0,0,0,0,0,0
71,71,71,11/07/2018,0,0,0,0,0,0,1,0,0,0,0,0,0,0,0,0,0,0,0,0,0
72,72,72,12/07/2018,0,0,0,0,1,0,0,0,0,0,0,0,0,0,0,0,0,0,0,0,0
73,73,73,15/07/2018,0,0,0,0,1,0,0,0,0,0,0,0,0,0,0,0,0,0,0,0,0
74,74,74,17/07/2018,0,1,0,0,0,0,0,0,0,0,0,0,0,0,0,0,0,0,0,0,0
75,75,75,19/07/2018,0,0,0,0,0,0,0,1,0,0,0,0,0,0,0,0,0,0,0,0,0
76,76,76,20/07/2018,1,0,0,0,0,0,0,0,0,0,0,0,0,0,0,0,0,0,0,0,0
77,77,77,28/07/2018,1,0,0,0,0,0,0,0,0,0,0,0,0,0,0,0,0,0,0,0,0
78,78,78,29/07/2018,0,0,0,0,0,0,1,0,0,0,0,0,0,0,0,0,0,0,0,0,0
79,79,79,31/07/2018,0,0,0,0,0,0,0,1,0,0,0,0,0,0,0,0,0,0,0,0,0
80,80,80,02/08/2018,0,0,0,0,0,0,1,0,0,0,0,0,0,0,0,0,0,0,0,0,0
81,81,81,06/08/2018,1,0,0,0,0,0,0,0,0,0,0,0,0,0,0,0,0,0,0,0,0
82,82,82,13/08/2018,0,0,0,0,1,0,0,0,0,0,0,0,0,0,0,0,0,0,0,0,0
83,83,83,13/08/2018,0,0,0,0,0,0,0,1,0,0,0,0,0,0,0,0,0,0,0,0,0
84,84,84,17/08/2018,0,0,0,0,0,0,1,0,0,0,0,0,0,0,0,0,0,0,0,0,0
85,85,85,03/09/2018,0,0,0,0,0,0,0,1,0,0,0,0,0,0,0,0,0,0,0,0,0
86,86,86,05/09/2018,1,0,0,0,0,0,0,0,0,0,0,0,0,0,0,0,0,0,0,0,0
87,87,87,05/09/2018,1,0,0,0,0,0,0,0,0,0,0,0,0,0,0,0,0,0,0,0,0
88,88,88,05/09/2018,1,0,0,0,0,0,0,0,0,0,0,0,0,0,0,0,0,0,0,0,0
89,89,89,09/09/2018,1,0,0,0,0,0,0,0,0,0,0,0,0,0,0,0,0,0,0,0,0
90,90,90,24/09/2018,0,0,0,0,0,0,0,0,1,0,0,0,0,0,0,0,0,0,0,0,0
91,91,91,26/09/2018,0,1,0,0,0,0,0,0,0,0,0,0,0,0,0,0,0,0,0,0,0
92,92,92,27/09/2018,1,0,0,0,0,0,0,0,0,0,0,0,0,0,0,0,0,0,0,0,0
93,93,93,05/10/2018,0,0,0,0,1,0,0,0,0,0,0,0,0,0,0,0,0,0,0,0,0
94,94,94,05/10/2018,1,0,0,0,0,0,0,0,0,0,0,0,0,0,0,0,0,0,0,0,0
95,95,95,09/10/2018,0,0,0,0,1,0,0,0,0,0,0,0,0,0,0,0,0,0,0,0,0
96,96,96,21/10/2018,1,0,0,0,0,0,0,0,0,0,0,0,0,0,0,0,0,0,0,0,0
97,97,97,21/10/2018,-1,0,0,0,0,0,0,0,0,0,0,0,0,0,0,0,0,0,0,0,0
98,98,98,25/10/2018,0,0,0,0,0,0,0,1,0,0,0,0,0,0,0,0,0,0,0,0,0
99,99,99,11/11/2018,0,0,0,0,0,1,0,0,0,0,0,0,0,0,0,0,0,0,0,0,0
100,100,100,13/11/2018,0,0,0,0,0,0,1,0,0,0,0,0,0,0,0,0,0,0,0,0,0
101,101,101,21/11/2018,0,0,0,0,0,0,0,1,0,0,0,0,0,0,0,0,0,0,0,0,0
102,102,102,23/11/2018,0,0,0,0,0,0,0,1,0,0,0,0,0,0,0,0,0,0,0,0,0
103,103,103,24/11/2018,0,0,0,0,0,0,0,-1,0,0,0,0,0,0,0,0,0,0,0,0,0
104,104,104,04/12/2018,1,0,0,0,0,0,0,0,0,0,0,0,0,0,0,0,0,0,0,0,0
105,105,105,07/12/2018,1,0,0,0,0,0,0,0,0,0,0,0,0,0,0,0,0,0,0,0,0
106,106,106,07/12/2018,-1,0,0,0,0,0,0,0,0,0,0,0,0,0,0,0,0,0,0,0,0
107,107,107,07/12/2018,1,0,0,0,0,0,0,0,0,0,0,0,0,0,0,0,0,0,0,0,0
108,108,108,08/12/2018,0,0,0,0,0,0,0,1,0,0,0,0,0,0,0,0,0,0,0,0,0
109,109,109,11/12/2018,1,0,0,0,0,0,0,0,0,0,0,0,0,0,0,0,0,0,0,0,0
110,110,110,11/12/2018,1,0,0,0,0,0,0,0,0,0,0,0,0,0,0,0,0,0,0,0,0
111,111,111,18/12/2018,0,0,0,0,0,0,0,1,0,0,0,0,0,0,0,0,0,0,0,0,0
112,112,112,25/12/2018,0,0,0,0,1,0,0,0,0,0,0,0,0,0,0,0,0,0,0,0,0
113,113,113,01/01/2019,0,0,1,0,0,0,0,0,0,0,0,0,0,0,0,0,0,0,0,0,0
114,114,114,14/01/2019,1,0,0,0,0,0,0,0,0,0,0,0,0,0,0,0,0,0,0,0,0
115,115,115,30/01/2019,0,0,0,0,4,0,0,0,0,0,0,0,0,0,0,0,0,0,0,0,0
116,116,116,30/01/2019,0,0,0,0,1,0,0,0,0,0,0,0,0,0,0,0,0,0,0,0,0
117,117,117,01/02/2019,0,0,0,0,1,0,0,0,0,0,0,0,0,0,0,0,0,0,0,0,0
118,118,118,06/02/2019,1,0,0,0,0,0,0,0,0,0,0,0,0,0,0,0,0,0,0,0,0
119,119,119,26/02/2019,0,0,0,0,0,0,0,1,0,0,0,0,0,0,0,0,0,0,0,0,0
120,120,120,27/02/2019,1,0,0,0,0,0,0,0,0,0,0,0,0,0,0,0,0,0,0,0,0
121,121,121,28/02/2019,0,0,0,0,1,0,0,0,0,0,0,0,0,0,0,0,0,0,0,0,0
122,122,122,02/03/2019,0,0,0,0,0,0,2,0,0,0,0,0,0,0,0,0,0,0,0,0,0
123,123,123,04/03/2019,0,0,0,0,0,0,0,1,0,0,0,0,0,0,0,0,0,0,0,0,0
124,124,124,06/03/2019,0,0,0,0,0,0,0,6,0,0,0,0,0,0,0,0,0,0,0,0,0
125,125,125,06/03/2019,0,0,0,0,0,0,0,0,1,0,0,0,0,0,0,0,0,0,0,0,0
126,126,126,06/03/2019,0,0,1,0,0,0,0,0,0,0,0,0,0,0,0,0,0,0,0,0,0
127,127,127,07/03/2019,0,0,0,0,0,0,1,0,0,0,0,0,0,0,0,0,0,0,0,0,0
128,128,128,11/03/2019,0,0,0,0,0,0,0,1,0,0,0,0,0,0,0,0,0,0,0,0,0
129,129,129,14/03/2019,0,0,0,0,0,0,0,1,0,0,0,0,0,0,0,0,0,0,0,0,0
130,130,130,15/03/2019,1,0,0,0,0,0,0,0,0,0,0,0,0,0,0,0,0,0,0,0,0
131,131,131,17/03/2019,1,0,0,0,0,0,0,0,0,0,0,0,0,0,0,0,0,0,0,0,0
132,132,132,26/03/2019,1,0,0,0,0,0,0,0,0,0,0,0,0,0,0,0,0,0,0,0,0
133,133,133,27/03/2019,1,0,0,0,0,0,0,0,0,0,0,0,0,0,0,0,0,0,0,0,0
134,134,134,04/04/2019,1,0,0,0,0,0,0,0,0,0,0,0,0,0,0,0,0,0,0,0,0
135,135,135,13/04/2019,0,0,0,0,0,0,1,0,0,0,0,0,0,0,0,0,0,0,0,0,0
136,136,136,24/04/2019,0,0,0,0,0,0,0,1,0,0,0,0,0,0,0,0,0,0,0,0,0
137,137,137,29/04/2019,1,0,0,0,0,0,0,0,0,0,0,0,0,0,0,0,0,0,0,0,0
138,138,138,18/05/2019,2,0,0,0,0,0,0,0,0,0,0,0,0,0,0,0,0,0,0,0,0
139,139,139,18/05/2019,0,0,1,0,0,0,0,0,0,0,0,0,0,0,0,0,0,0,0,0,0
140,140,140,20/05/2019,1,0,0,0,0,0,0,0,0,0,0,0,0,0,0,0,0,0,0,0,0
141,141,141,22/05/2019,0,0,0,0,0,0,0,0,1,0,0,0,0,0,0,0,0,0,0,0,0
142,142,142,25/05/2019,0,0,0,0,0,0,0,0,0,0,1,0,0,0,0,0,0,0,0,0,0
143,143,143,27/05/2019,1,0,0,0,0,0,0,0,0,0,0,0,0,0,0,0,0,0,0,0,0
144,144,144,29/05/2019,1,0,0,0,0,0,0,0,0,0,0,0,0,0,0,0,0,0,0,0,0
145,145,145,02/06/2019,1,0,0,0,0,0,0,0,0,0,0,0,0,0,0,0,0,0,0,0,0
146,146,146,11/06/2019,0,0,0,0,0,0,0,0,0,0,1,0,0,0,0,0,0,0,0,0,0
147,147,147,14/06/2019,0,0,0,0,0,0,0,1,0,0,0,0,0,0,0,0,0,0,0,0,0
148,148,148,14/06/2019,0,0,0,0,0,0,0,0,0,1,0,0,0,0,0,0,0,0,0,0,0
149,149,149,15/06/2019,0,0,0,0,0,0,0,0,0,0,1,0,0,0,0,0,0,0,0,0,0
150,150,150,25/06/2019,0,0,0,0,0,0,0,1,0,0,0,0,0,0,0,0,0,0,0,0,0
151,151,151,05/07/2019,0,0,0,0,0,0,0,2,0,0,0,0,0,0,0,0,0,0,0,0,0
152,152,152,06/07/2019,1,0,0,0,0,0,0,0,0,0,0,0,0,0,0,0,0,0,0,0,0
153,153,153,06/07/2019,1,0,0,0,0,0,0,0,0,0,0,0,0,0,0,0,0,0,0,0,0
154,154,154,07/07/2019,1,0,0,0,0,0,0,0,0,0,0,0,0,0,0,0,0,0,0,0,0
155,155,155,09/07/2019,0,0,0,0,0,0,1,0,0,0,0,0,0,0,0,0,0,0,0,0,0
156,156,156,09/07/2019,0,0,0,0,0,0,0,1,0,0,0,0,0,0,0,0,0,0,0,0,0
157,157,157,11/07/2019,0,0,0,0,0,0,1,0,0,0,0,0,0,0,0,0,0,0,0,0,0
158,158,158,14/07/2019,0,0,1,0,0,0,0,0,0,0,0,0,0,0,0,0,0,0,0,0,0
159,159,159,15/07/2019,0,0,0,0,0,0,0,1,0,0,0,0,0,0,0,0,0,0,0,0,0
160,160,160,16/07/2019,0,0,0,0,0,0,3,0,0,0,0,0,0,0,0,0,0,0,0,0,0
161,161,161,18/07/2019,0,0,0,0,0,0,0,0,1,0,0,0,0,0,0,0,0,0,0,0,0
162,162,162,21/07/2019,0,0,0,0,0,0,1,0,0,0,0,0,0,0,0,0,0,0,0,0,0
163,163,163,23/07/2019,0,0,0,0,0,0,0,1,0,0,0,0,0,0,0,0,0,0,0,0,0
164,164,164,27/07/2019,0,0,1,0,0,0,0,0,0,0,0,0,0,0,0,0,0,0,0,0,0
165,165,165,27/07/2019,0,0,0,0,0,0,1,0,0,0,0,0,0,0,0,0,0,0,0,0,0
166,166,166,31/07/2019,0,0,1,0,0,0,0,0,0,0,0,0,0,0,0,0,0,0,0,0,0
167,167,167,02/08/2019,0,0,0,0,0,0,0,1,0,0,0,0,0,0,0,0,0,0,0,0,0
168,168,168,02/08/2019,0,0,0,0,0,0,1,0,0,0,0,0,0,0,0,0,0,0,0,0,0
169,169,169,03/08/2019,1,0,0,0,0,0,0,0,0,0,0,0,0,0,0,0,0,0,0,0,0
170,170,170,20/08/2019,0,0,0,0,0,0,2,0,0,0,0,0,0,0,0,0,0,0,0,0,0
171,171,171,22/08/2019,0,0,0,0,0,0,1,0,0,0,0,0,0,0,0,0,0,0,0,0,0
172,172,172,24/08/2019,0,0,0,0,0,0,1,0,0,0,0,0,0,0,0,0,0,0,0,0,0
173,173,173,25/08/2019,0,0,0,0,0,0,1,0,0,0,0,0,0,0,0,0,0,0,0,0,0
174,174,174,29/08/2019,0,0,0,0,0,0,0,0,0,1,0,0,0,0,0,0,0,0,0,0,0
175,175,175,01/09/2019,0,0,0,0,0,0,1,0,0,0,0,0,0,0,0,0,0,0,0,0,0
176,176,176,01/09/2019,2,0,0,0,0,0,0,0,0,0,0,0,0,0,0,0,0,0,0,0,0
177,177,177,01/09/2019,0,0,0,0,0,0,1,0,0,0,0,0,0,0,0,0,0,0,0,0,0
178,178,178,04/09/2019,0,0,0,0,1,0,0,0,0,0,0,0,0,0,0,0,0,0,0,0,0
179,179,179,07/09/2019,0,0,0,0,0,0,0,1,0,0,0,0,0,0,0,0,0,0,0,0,0
180,180,180,08/09/2019,0,0,0,0,0,0,0,1,0,0,0,0,0,0,0,0,0,0,0,0,0
181,181,181,08/09/2019,0,0,0,0,0,0,1,0,0,0,0,0,0,0,0,0,0,0,0,0,0
182,182,182,11/09/2019,0,0,0,0,0,0,1,0,0,0,0,0,0,0,0,0,0,0,0,0,0
183,183,183,14/09/2019,0,0,0,0,0,0,0,1,0,0,0,0,0,0,0,0,0,0,0,0,0
184,184,184,22/09/2019,0,0,0,0,0,0,0,1,0,0,0,0,0,0,0,0,0,0,0,0,0
185,185,185,22/09/2019,0,0,0,0,0,0,0,0,0,1,0,0,0,0,0,0,0,0,0,0,0
186,186,186,22/09/2019,0,0,0,0,0,0,2,0,0,0,0,0,0,0,0,0,0,0,0,0,0
187,187,187,02/10/2019,0,0,0,0,0,0,0,0,0,0,0,1,0,0,0,0,0,0,0,0,0
188,188,188,03/10/2019,0,0,0,0,0,0,0,0,0,0,0,1,0,0,0,0,0,0,0,0,0
189,189,189,13/10/2019,0,0,0,0,0,0,0,0,0,1,0,0,0,0,0,0,0,0,0,0,0
190,190,190,13/10/2019,0,0,1,0,0,0,0,0,0,0,0,0,0,0,0,0,0,0,0,0,0
191,191,191,15/10/2019,0,0,0,0,0,1,0,0,0,0,0,0,0,0,0,0,0,0,0,0,0
192,192,192,19/10/2019,0,0,0,0,0,0,2,0,0,0,0,0,0,0,0,0,0,0,0,0,0
193,193,193,20/10/2019,0,0,0,0,0,0,0,1,0,0,0,0,0,0,0,0,0,0,0,0,0
194,194,194,22/10/2019,0,0,0,0,0,1,0,0,0,0,0,0,0,0,0,0,0,0,0,0,0
195,195,195,22/10/2019,0,0,0,0,0,0,0,1,0,0,0,0,0,0,0,0,0,0,0,0,0
196,196,196,25/10/2019,0,0,0,0,0,0,0,1,0,0,0,0,0,0,0,0,0,0,0,0,0
197,197,197,25/10/2019,0,0,1,0,0,0,0,0,0,0,0,0,0,0,0,0,0,0,0,0,0
198,198,198,27/10/2019,1,0,0,0,0,0,0,0,0,0,0,0,0,0,0,0,0,0,0,0,0
199,199,199,09/11/2019,0,0,0,0,0,0,1,0,0,0,0,0,0,0,0,0,0,0,0,0,0
200,200,200,09/11/2019,0,0,0,0,0,0,1,0,0,0,0,0,0,0,0,0,0,0,0,0,0
201,201,201,10/11/2019,0,0,4,0,0,0,0,0,0,0,0,0,0,0,0,0,0,0,0,0,0
202,202,202,10/11/2019,0,0,-1,0,0,0,0,0,0,0,0,0,0,0,0,0,0,0,0,0,0
203,203,203,10/11/2019,0,0,0,0,-1,0,0,0,0,0,0,0,0,0,0,0,0,0,0,0,0
204,204,204,10/11/2019,0,0,0,0,-6,0,0,0,0,0,0,0,0,0,0,0,0,0,0,0,0
205,205,205,10/11/2019,0,0,0,0,-3,0,0,0,0,0,0,0,0,0,0,0,0,0,0,0,0
206,206,206,10/11/2019,0,0,0,0,-2,0,0,0,0,0,0,0,0,0,0,0,0,0,0,0,0
207,207,207,10/11/2019,0,0,0,0,-1,0,0,0,0,0,0,0,0,0,0,0,0,0,0,0,0
208,208,208,10/11/2019,0,0,0,0,0,0,0,1,0,0,0,0,0,0,0,0,0,0,0,0,0
209,209,209,10/11/2019,0,0,0,0,0,0,0,0,1,0,0,0,0,0,0,0,0,0,0,0,0
210,210,210,11/11/2019,0,0,0,0,0,0,1,0,0,0,0,0,0,0,0,0,0,0,0,0,0
211,211,211,13/11/2019,0,0,0,0,0,0,1,0,0,0,0,0,0,0,0,0,0,0,0,0,0
212,212,212,15/11/2019,0,0,0,0,0,0,1,0,0,0,0,0,0,0,0,0,0,0,0,0,0
213,213,213,15/11/2019,0,0,0,0,0,0,1,0,0,0,0,0,0,0,0,0,0,0,0,0,0
214,214,214,18/11/2019,1,0,0,0,0,0,0,0,0,0,0,0,0,0,0,0,0,0,0,0,0
215,215,215,22/11/2019,0,0,0,0,0,0,1,0,0,0,0,0,0,0,0,0,0,0,0,0,0
216,216,216,22/11/2019,0,0,0,0,0,0,1,0,0,0,0,0,0,0,0,0,0,0,0,0,0
217,217,217,29/11/2019,0,0,1,0,0,0,0,0,0,0,0,0,0,0,0,0,0,0,0,0,0
218,218,218,30/11/2019,0,0,0,0,0,0,0,2,0,0,0,0,0,0,0,0,0,0,0,0,0
219,219,219,01/12/2019,0,0,0,0,0,0,0,1,0,0,0,0,0,0,0,0,0,0,0,0,0
220,220,220,02/12/2019,0,0,0,0,0,0,0,1,0,0,0,0,0,0,0,0,0,0,0,0,0
221,221,221,02/12/2019,0,0,0,0,0,0,1,0,0,0,0,0,0,0,0,0,0,0,0,0,0
222,222,222,09/12/2019,0,0,0,0,0,1,0,0,0,0,0,0,0,0,0,0,0,0,0,0,0
223,223,223,12/12/2019,0,0,1,0,0,0,0,0,0,0,0,0,0,0,0,0,0,0,0,0,0
224,224,224,14/12/2019,0,0,0,0,0,0,1,0,0,0,0,0,0,0,0,0,0,0,0,0,0
225,225,225,15/12/2019,0,0,0,0,0,0,1,0,0,0,0,0,0,0,0,0,0,0,0,0,0
226,226,226,23/12/2019,0,0,0,0,0,0,1,0,0,0,0,0,0,0,0,0,0,0,0,0,0
227,227,227,26/12/2019,0,0,1,0,0,0,0,0,0,0,0,0,0,0,0,0,0,0,0,0,0
228,228,228,26/12/2019,0,0,0,0,0,0,0,0,0,0,0,0,0,1,0,0,0,0,0,0,0
229,229,229,27/12/2019,0,0,0,0,0,0,1,0,0,0,0,0,0,0,0,0,0,0,0,0,0
230,230,230,29/12/2019,0,0,0,0,0,0,0,1,0,0,0,0,0,0,0,0,0,0,0,0,0
231,231,231,30/12/2019,0,0,0,0,0,0,0,0,0,0,0,0,0,1,0,0,0,0,0,0,0
232,232,232,30/12/2019,0,0,0,0,0,0,0,-1,0,0,0,0,0,0,0,0,0,0,0,0,0
233,233,233,07/01/2020,0,0,0,0,0,0,1,0,0,0,0,0,0,0,0,0,0,0,0,0,0
234,234,234,20/01/2020,0,0,0,0,0,0,0,0,3,0,0,0,0,0,0,0,0,0,0,0,0
235,235,235,22/01/2020,0,0,0,0,0,0,1,0,0,0,0,0,0,0,0,0,0,0,0,0,0
236,236,236,22/01/2020,0,0,0,0,0,0,1,0,0,0,0,0,0,0,0,0,0,0,0,0,0
237,237,237,26/01/2020,0,0,0,0,0,1,0,0,0,0,0,0,0,0,0,0,0,0,0,0,0
238,238,238,27/01/2020,0,0,0,0,0,0,1,0,0,0,0,0,0,0,0,0,0,0,0,0,0
239,239,239,29/01/2020,0,0,0,0,0,0,0,1,0,0,0,0,0,0,0,0,0,0,0,0,0
240,240,240,29/01/2020,0,0,0,0,0,0,1,0,0,0,0,0,0,0,0,0,0,0,0,0,0
241,241,241,29/01/2020,1,0,0,0,0,0,0,0,0,0,0,0,0,0,0,0,0,0,0,0,0
242,242,242,29/01/2020,0,0,0,0,0,0,0,1,0,0,0,0,0,0,0,0,0,0,0,0,0
243,243,243,29/01/2020,0,0,0,0,0,0,0,0,1,0,0,0,0,0,0,0,0,0,0,0,0
244,244,244,29/01/2020,0,0,0,0,0,0,0,0,0,0,0,0,0,1,0,0,0,0,0,0,0
245,245,245,11/02/2020,0,0,0,0,0,0,0,1,0,0,0,0,0,0,0,0,0,0,0,0,0
246,246,246,15/02/2020,0,0,0,0,0,0,0,1,0,0,0,0,0,0,0,0,0,0,0,0,0
247,247,247,15/02/2020,0,0,0,0,0,0,0,0,1,0,0,0,0,0,0,0,0,0,0,0,0
248,248,248,15/02/2020,0,0,0,0,0,0,0,1,0,0,0,0,0,0,0,0,0,0,0,0,0
249,249,249,20/02/2020,0,0,0,0,0,0,1,0,0,0,0,0,0,0,0,0,0,0,0,0,0
250,250,250,23/02/2020,0,0,0,0,0,0,1,0,0,0,0,0,0,0,0,0,0,0,0,0,0
251,251,251,28/02/2020,0,0,0,0,0,0,0,0,2,0,0,0,0,0,0,0,0,0,0,0,0
252,252,252,28/02/2020,0,0,0,0,1,0,0,0,0,0,0,0,0,0,0,0,0,0,0,0,0
253,253,253,29/02/2020,0,0,0,0,0,0,1,0,0,0,0,0,0,0,0,0,0,0,0,0,0
254,254,254,04/03/2020,0,0,0,0,0,0,0,0,0,0,0,1,0,0,0,0,0,0,0,0,0
255,255,255,18/03/2020,0,0,0,0,0,0,1,0,0,0,0,0,0,0,0,0,0,0,0,0,0
256,256,256,01/05/2020,0,0,0,0,3,0,0,0,0,0,0,0,0,0,0,0,0,0,0,0,0
257,257,257,18/05/2020,0,0,0,0,0,0,0,0,0,0,0,1,0,0,0,0,0,0,0,0,0
258,258,258,19/05/2020,0,0,0,0,0,0,0,1,0,0,0,0,0,0,0,0,0,0,0,0,0
259,259,259,19/05/2020,0,0,0,0,1,0,0,0,0,0,0,0,0,0,0,0,0,0,0,0,0
260,260,260,21/05/2020,0,0,0,0,0,0,0,0,0,0,0,0,0,1,0,0,0,0,0,0,0
261,261,261,28/05/2020,0,0,0,0,0,0,1,0,0,0,0,0,0,0,0,0,0,0,0,0,0
262,262,262,28/05/2020,0,0,0,0,1,0,0,0,0,0,0,0,0,0,0,0,0,0,0,0,0
263,263,263,09/06/2020,0,0,0,0,2,0,0,0,0,0,0,0,0,0,0,0,0,0,0,0,0
264,264,264,11/06/2020,0,0,0,0,1,0,0,0,0,0,0,0,0,0,0,0,0,0,0,0,0
265,265,265,15/06/2020,0,0,0,0,0,0,2,0,0,0,0,0,0,0,0,0,0,0,0,0,0
266,266,266,08/07/2020,0,0,0,0,0,0,1,0,0,0,0,0,0,0,0,0,0,0,0,0,0
267,267,267,09/07/2020,0,1,0,0,0,0,0,0,0,0,0,0,0,0,0,0,0,0,0,0,0
268,268,268,09/07/2020,0,0,1,0,0,0,0,0,0,0,0,0,0,0,0,0,0,0,0,0,0
269,269,269,10/07/2020,0,0,1,0,0,0,0,0,0,0,0,0,0,0,0,0,0,0,0,0,0
270,270,270,13/07/2020,0,0,0,0,0,0,1,0,0,0,0,0,0,0,0,0,0,0,0,0,0
271,271,271,27/07/2020,0,0,0,0,1,0,0,0,0,0,0,0,0,0,0,0,0,0,0,0,0
272,272,272,03/08/2020,0,0,0,0,0,0,2,0,0,0,0,0,0,0,0,0,0,0,0,0,0
273,273,273,07/08/2020,0,0,0,0,0,0,1,0,0,0,0,0,0,0,0,0,0,0,0,0,0
274,274,274,10/08/2020,0,0,0,0,1,0,0,0,0,0,0,0,0,0,0,0,0,0,0,0,0
275,275,275,12/08/2020,0,0,0,0,0,0,0,0,0,0,0,0,0,0,1,0,0,0,0,0,0
276,276,276,12/08/2020,0,0,0,0,0,0,1,0,0,0,0,0,0,0,0,0,0,0,0,0,0
277,277,277,13/08/2020,0,0,0,0,0,0,1,0,0,0,0,0,0,0,0,0,0,0,0,0,0
278,278,278,15/08/2020,0,0,0,0,0,0,2,0,0,0,0,0,0,0,0,0,0,0,0,0,0
279,279,279,16/08/2020,0,0,0,0,0,0,1,0,0,0,0,0,0,0,0,0,0,0,0,0,0
280,280,280,16/08/2020,0,0,0,0,0,0,-1,0,0,0,0,0,0,0,0,0,0,0,0,0,0
281,281,281,18/08/2020,0,0,0,0,0,0,1,0,0,0,0,0,0,0,0,0,0,0,0,0,0
282,282,282,19/08/2020,0,0,0,0,0,0,1,0,0,0,0,0,0,0,0,0,0,0,0,0,0
283,283,283,01/09/2020,0,0,1,0,0,0,0,0,0,0,0,0,0,0,0,0,0,0,0,0,0
284,284,284,01/09/2020,0,0,0,0,0,0,1,0,0,0,0,0,0,0,0,0,0,0,0,0,0
285,285,285,07/09/2020,0,0,0,0,0,0,1,0,0,0,0,0,0,0,0,0,0,0,0,0,0
286,286,286,09/09/2020,0,0,0,0,0,0,1,0,0,0,0,0,0,0,0,0,0,0,0,0,0
287,287,287,09/09/2020,0,0,0,0,0,0,1,0,0,0,0,0,0,0,0,0,0,0,0,0,0
288,288,288,17/09/2020,0,0,0,0,0,0,1,0,0,0,0,0,0,0,0,0,0,0,0,0,0
289,289,289,19/09/2020,0,0,0,0,0,0,1,0,0,0,0,0,0,0,0,0,0,0,0,0,0
290,290,290,26/09/2020,0,0,0,0,2,0,0,0,0,0,0,0,0,0,0,0,0,0,0,0,0
291,291,291,27/09/2020,0,0,0,0,0,0,1,0,0,0,0,0,0,0,0,0,0,0,0,0,0
292,292,292,27/09/2020,0,0,0,0,0,0,1,0,0,0,0,0,0,0,0,0,0,0,0,0,0
293,293,293,30/09/2020,0,0,0,0,0,0,2,0,0,0,0,0,0,0,0,0,0,0,0,0,0
294,294,294,24/10/2020,0,0,0,0,0,0,0,0,0,0,0,0,0,1,0,0,0,0,0,0,0
295,295,295,19/11/2020,0,0,0,0,0,1,0,0,0,0,0,0,0,0,0,0,0,0,0,0,0
296,296,296,24/11/2020,0,0,0,0,0,0,1,0,0,0,0,0,0,0,0,0,0,0,0,0,0
297,297,297,24/11/2020,0,0,0,0,0,0,0,0,0,0,0,0,0,0,0,0,1,0,0,0,0
298,298,298,27/11/2020,0,0,0,0,0,0,0,0,0,0,0,0,0,0,0,0,1,0,0,0,0
299,299,299,29/11/2020,0,0,0,0,0,0,0,0,0,0,1,0,0,0,0,0,0,0,0,0,0
300,300,300,01/12/2020,0,0,0,0,0,0,0,0,0,0,0,0,0,0,0,0,2,0,0,0,0
301,301,301,01/12/2020,0,0,0,0,0,0,0,0,0,0,0,0,0,0,0,1,0,0,0,0,0
302,302,302,07/12/2020,0,0,0,0,0,0,0,0,0,0,0,0,0,0,0,0,1,0,0,0,0
303,303,303,11/12/2020,0,0,0,0,0,0,0,0,0,0,0,0,0,0,1,0,0,0,0,0,0
304,304,304,11/12/2020,0,0,0,0,0,0,0,0,0,0,0,0,0,1,0,0,0,0,0,0,0
305,305,305,11/12/2020,0,0,0,0,0,0,0,0,0,0,0,0,0,0,0,0,1,0,0,0,0
306,306,306,14/12/2020,0,0,0,0,0,0,0,0,0,0,0,0,0,0,1,0,0,0,0,0,0
307,307,307,14/12/2020,0,0,0,0,0,0,0,0,0,0,0,0,0,0,0,0,1,0,0,0,0
308,308,308,16/12/2020,0,0,0,0,0,0,0,0,0,0,0,0,0,0,0,0,1,0,0,0,0
309,309,309,17/12/2020,0,0,1,0,0,0,0,0,0,0,0,0,0,0,0,0,0,0,0,0,0
310,310,310,18/12/2020,0,0,0,0,0,0,0,0,0,0,0,0,0,0,0,0,0,1,0,0,0
311,311,311,21/12/2020,0,0,0,0,0,0,0,0,0,0,0,0,0,0,0,0,0,1,0,0,0
312,312,312,21/12/2020,0,0,0,0,0,0,0,0,0,0,0,0,0,0,0,0,1,0,0,0,0
313,313,313,23/12/2020,0,0,0,0,0,0,0,0,0,0,0,0,0,1,0,0,0,0,0,0,0
314,314,314,23/12/2020,0,0,0,0,2,0,0,0,0,0,0,0,0,0,0,0,0,0,0,0,0
315,315,315,26/12/2020,0,0,0,0,0,0,1,0,0,0,0,0,0,0,0,0,0,0,0,0,0
316,316,316,27/12/2020,0,0,0,0,0,0,0,0,0,0,0,0,0,0,0,0,1,0,0,0,0
317,317,317,27/12/2020,0,0,0,0,0,0,0,1,0,0,0,0,0,0,0,0,0,0,0,0,0
318,318,318,02/01/2021,0,0,0,0,0,0,0,0,0,0,0,0,0,0,0,0,1,0,0,0,0
319,319,319,03/01/2021,0,0,0,0,0,0,0,0,0,0,0,0,0,0,0,0,-1,0,0,0,0
320,320,320,03/01/2021,0,0,0,0,0,0,0,-2,0,0,0,0,0,0,0,0,0,0,0,0,0
321,321,321,03/01/2021,0,0,0,0,-2,0,0,0,0,0,0,0,0,0,0,0,0,0,0,0,0
322,322,322,03/01/2021,0,0,0,0,-1,0,0,0,0,0,0,0,0,0,0,0,0,0,0,0,0
323,323,323,03/01/2021,0,0,0,0,0,0,0,0,0,0,0,0,0,-1,0,0,0,0,0,0,0
324,324,324,03/01/2021,0,0,0,0,-4,0,0,0,0,0,0,0,0,0,0,0,0,0,0,0,0
325,325,325,03/01/2021,0,0,0,0,2,0,0,0,0,0,0,0,0,0,0,0,0,0,0,0,0
326,326,326,03/01/2021,0,-1,0,0,0,0,0,0,0,0,0,0,0,0,0,0,0,0,0,0,0
327,327,327,03/01/2021,0,0,0,0,0,0,0,5,0,0,0,0,0,0,0,0,0,0,0,0,0
328,328,328,03/01/2021,0,0,0,0,3,0,0,0,0,0,0,0,0,0,0,0,0,0,0,0,0
329,329,329,03/01/2021,0,0,0,0,2,0,0,0,0,0,0,0,0,0,0,0,0,0,0,0,0
330,330,330,03/01/2021,0,0,0,0,12,0,0,0,0,0,0,0,0,0,0,0,0,0,0,0,0
331,331,331,03/01/2021,0,0,0,0,0,0,0,2,0,0,0,0,0,0,0,0,0,0,0,0,0
332,332,332,03/01/2021,0,0,0,0,0,0,0,0,0,0,0,0,0,1,0,0,0,0,0,0,0
333,333,333,03/01/2021,6,0,0,0,0,0,0,0,0,0,0,0,0,0,0,0,0,0,0,0,0
334,334,334,03/01/2021,0,0,0,0,0,0,1,0,0,0,0,0,0,0,0,0,0,0,0,0,0
335,335,335,03/01/2021,0,0,0,0,0,0,2,0,0,0,0,0,0,0,0,0,0,0,0,0,0
336,336,336,03/01/2021,0,0,0,0,0,0,2,0,0,0,0,0,0,0,0,0,0,0,0,0,0
337,337,337,03/01/2021,0,0,0,0,0,0,1,0,0,0,0,0,0,0,0,0,0,0,0,0,0
338,338,338,03/01/2021,0,0,0,0,0,1,0,0,0,0,0,0,0,0,0,0,0,0,0,0,0
339,339,339,09/01/2021,0,0,0,0,0,0,0,0,0,0,0,0,0,0,1,0,0,0,0,0,0
340,340,340,10/01/2021,0,0,0,0,0,0,0,0,0,0,0,0,0,0,1,0,0,0,0,0,0
341,341,341,24/01/2021,0,0,0,0,1,0,0,0,0,0,0,0,0,0,0,0,0,0,0,0,0
342,342,342,25/01/2021,0,0,0,0,1,0,0,0,0,0,0,0,0,0,0,0,0,0,0,0,0
343,343,343,25/01/2021,0,0,0,0,0,0,0,0,0,0,0,0,0,0,1,0,0,0,0,0,0
344,344,344,04/02/2021,0,0,0,0,1,0,0,0,0,0,0,0,0,0,0,0,0,0,0,0,0
345,345,345,06/02/2021,0,0,0,0,1,0,0,0,0,0,0,0,0,0,0,0,0,0,0,0,0
346,346,346,09/02/2021,0,0,0,0,0,0,0,0,0,0,0,0,0,0,0,0,1,0,0,0,0
347,347,347,10/02/2021,0,0,0,0,0,0,0,0,0,0,0,0,0,0,0,0,1,0,0,0,0
348,348,348,25/02/2021,0,0,0,0,0,0,2,0,0,0,0,0,0,0,0,0,0,0,0,0,0
349,349,349,28/02/2021,0,0,0,0,0,0,1,0,0,0,0,0,0,0,0,0,0,0,0,0,0
350,350,350,01/03/2021,0,0,0,0,1,0,0,0,0,0,0,0,0,0,0,0,0,0,0,0,0
351,351,351,02/03/2021,0,0,0,0,0,0,0,0,0,0,0,0,0,0,0,0,0,1,0,0,0
352,352,352,02/03/2021,0,0,0,0,0,0,1,0,0,0,0,0,0,0,0,0,0,0,0,0,0
353,353,353,02/03/2021,0,0,0,0,1,0,0,0,0,0,0,0,0,0,0,0,0,0,0,0,0
354,354,354,02/03/2021,0,0,0,0,0,0,1,0,0,0,0,0,0,0,0,0,0,0,0,0,0
355,355,355,04/03/2021,0,0,0,0,0,0,1,0,0,0,0,0,0,0,0,0,0,0,0,0,0
356,356,356,06/03/2021,0,0,0,0,0,0,1,0,0,0,0,0,0,0,0,0,0,0,0,0,0
357,357,357,07/03/2021,0,0,0,0,0,0,1,0,0,0,0,0,0,0,0,0,0,0,0,0,0
358,358,358,15/03/2021,0,0,0,0,0,0,1,0,0,0,0,0,0,0,0,0,0,0,0,0,0
359,359,359,15/03/2021,0,0,0,0,0,0,0,0,0,0,0,0,0,0,0,0,0,1,0,0,0
360,360,360,22/03/2021,0,0,0,0,0,0,0,0,0,0,0,0,0,0,1,0,0,0,0,0,0
361,361,361,22/03/2021,0,0,0,0,1,0,0,0,0,0,0,0,0,0,0,0,0,0,0,0,0
362,362,362,22/03/2021,0,0,0,0,1,0,0,0,0,0,0,0,0,0,0,0,0,0,0,0,0
363,363,363,23/03/2021,0,0,0,0,0,0,1,0,0,0,0,0,0,0,0,0,0,0,0,0,0
364,364,364,26/03/2021,0,0,0,0,0,0,0,0,0,0,0,0,0,0,2,0,0,0,0,0,0
365,365,365,31/03/2021,0,0,0,0,0,0,0,0,0,0,2,0,0,0,0,0,0,0,0,0,0
366,366,366,31/03/2021,0,0,0,0,0,0,0,0,0,0,0,0,0,1,0,0,0,0,0,0,0
367,367,367,31/03/2021,0,0,0,0,2,0,0,0,0,0,0,0,0,0,0,0,0,0,0,0,0
368,368,368,31/03/2021,0,0,0,0,0,0,0,0,0,0,-2,0,0,0,0,0,0,0,0,0,0
369,369,369,31/03/2021,0,0,0,0,0,0,0,0,0,0,0,0,0,-1,0,0,0,0,0,0,0
370,370,370,31/03/2021,0,0,0,0,-2,0,0,0,0,0,0,0,0,0,0,0,0,0,0,0,0
371,371,371,31/03/2021,0,0,0,0,0,0,0,0,0,0,2,0,0,0,0,0,0,0,0,0,0
372,372,372,31/03/2021,0,0,0,0,0,0,0,0,0,0,0,0,0,1,0,0,0,0,0,0,0
373,373,373,31/03/2021,0,0,0,0,2,0,0,0,0,0,0,0,0,0,0,0,0,0,0,0,0
374,374,374,01/04/2021,0,0,0,0,0,0,1,0,0,0,0,0,0,0,0,0,0,0,0,0,0
375,375,375,01/04/2021,0,0,0,0,0,0,1,0,0,0,0,0,0,0,0,0,0,0,0,0,0
376,376,376,05/04/2021,0,0,0,0,1,0,0,0,0,0,0,0,0,0,0,0,0,0,0,0,0
377,377,377,06/04/2021,0,0,0,0,1,0,0,0,0,0,0,0,0,0,0,0,0,0,0,0,0
378,378,378,07/04/2021,0,0,0,0,2,0,0,0,0,0,0,0,0,0,0,0,0,0,0,0,0
379,379,379,08/04/2021,0,0,1,0,0,0,0,0,0,0,0,0,0,0,0,0,0,0,0,0,0
380,380,380,08/04/2021,0,0,0,0,1,0,0,0,0,0,0,0,0,0,0,0,0,0,0,0,0
381,381,381,22/04/2021,0,0,0,0,1,0,0,0,0,0,0,0,0,0,0,0,0,0,0,0,0
382,382,382,22/04/2021,0,0,0,0,0,0,0,0,0,0,0,0,0,0,1,0,0,0,0,0,0
383,383,383,23/04/2021,0,0,0,0,0,0,1,0,0,0,0,0,0,0,0,0,0,0,0,0,0
384,384,384,27/04/2021,0,0,0,0,0,0,1,0,0,0,0,0,0,0,0,0,0,0,0,0,0
385,385,385,27/04/2021,0,0,0,0,0,0,1,0,0,0,0,0,0,0,0,0,0,0,0,0,0
386,386,386,29/04/2021,0,0,0,0,1,0,0,0,0,0,0,0,0,0,0,0,0,0,0,0,0
387,387,387,03/05/2021,0,0,0,0,0,0,1,0,0,0,0,0,0,0,0,0,0,0,0,0,0
388,388,388,04/05/2021,0,0,0,0,1,0,0,0,0,0,0,0,0,0,0,0,0,0,0,0,0
389,389,389,31/05/2021,0,0,0,0,0,0,0,0,0,0,0,0,0,0,1,0,0,0,0,0,0
390,390,390,31/05/2021,0,0,0,0,0,0,0,0,0,0,0,0,0,0,1,0,0,0,0,0,0
391,391,391,09/06/2021,0,0,0,0,0,0,1,0,0,0,0,0,0,0,0,0,0,0,0,0,0
392,392,392,09/06/2021,0,0,0,0,0,0,1,0,0,0,0,0,0,0,0,0,0,0,0,0,0
393,393,393,17/06/2021,0,0,0,0,1,0,0,0,0,0,0,0,0,0,0,0,0,0,0,0,0
394,394,394,19/06/2021,0,0,0,0,1,0,0,0,0,0,0,0,0,0,0,0,0,0,0,0,0
395,395,395,23/06/2021,0,0,0,0,-1,0,0,0,0,0,0,0,0,0,0,0,0,0,0,0,0
396,396,396,26/06/2021,0,0,0,0,0,0,1,0,0,0,0,0,0,0,0,0,0,0,0,0,0
397,397,397,30/06/2021,0,0,0,0,0,0,0,0,0,0,0,0,0,0,0,0,0,0,0,1,0
398,398,398,30/06/2021,0,0,0,0,0,0,0,0,1,0,0,0,0,0,0,0,0,0,0,0,0
399,399,399,30/06/2021,0,0,0,0,0,0,0,0,0,0,0,0,0,0,0,0,0,0,1,0,0
400,400,400,30/06/2021,0,0,1,0,0,0,0,0,0,0,0,0,0,0,0,0,0,0,0,0,0
401,401,401,30/06/2021,0,0,0,0,0,0,0,0,0,0,0,0,0,0,1,0,0,0,0,0,0
402,402,402,03/07/2021,0,0,0,0,0,0,0,0,0,0,0,0,0,0,0,1,0,0,0,0,0
403,403,403,06/07/2021,0,0,0,0,0,0,0,0,0,0,0,0,0,0,0,0,0,0,0,1,0
404,404,404,07/07/2021,0,0,0,0,0,0,0,0,0,0,0,0,0,0,0,0,0,0,0,1,0
405,405,405,12/07/2021,0,0,0,0,0,0,0,0,0,0,0,0,0,0,0,0,0,0,0,1,0
406,406,406,12/07/2021,0,0,0,0,0,0,0,0,0,0,0,0,0,0,0,0,0,0,0,2,0
407,407,407,14/07/2021,0,0,0,0,0,0,0,0,0,0,0,0,0,0,1,0,0,0,0,0,0
408,408,408,31/07/2021,0,0,0,0,0,0,0,0,0,0,0,0,0,0,0,0,0,0,0,1,0
409,409,409,31/07/2021,0,0,0,0,0,0,0,0,0,0,1,0,0,0,0,0,0,0,0,0,0
410,410,410,31/07/2021,0,0,1,0,0,0,0,0,0,0,0,0,0,0,0,0,0,0,0,0,0
411,411,411,31/07/2021,0,0,0,0,0,0,1,0,0,0,0,0,0,0,0,0,0,0,0,0,0
412,412,412,12/08/2021,0,0,0,0,0,0,0,1,0,0,0,0,0,0,0,0,0,0,0,0,0
413,413,413,16/08/2021,0,0,0,0,0,0,0,0,0,0,0,0,0,0,0,0,0,0,0,1,0
414,414,414,17/08/2021,0,0,0,0,0,0,0,0,0,0,0,0,0,0,0,0,0,0,0,1,0
415,415,415,26/08/2021,0,0,0,0,1,0,0,0,0,0,0,0,0,0,0,0,0,0,0,0,0
416,416,416,02/09/2021,0,0,0,0,0,0,0,1,0,0,0,0,0,0,0,0,0,0,0,0,0
417,417,417,03/09/2021,0,0,0,0,0,0,0,1,0,0,0,0,0,0,0,0,0,0,0,0,0
418,418,418,07/09/2021,0,0,0,0,0,0,0,0,0,0,0,0,0,0,0,0,0,0,0,1,0
419,419,419,08/09/2021,0,0,0,0,0,0,1,0,0,0,0,0,0,0,0,0,0,0,0,0,0
420,420,420,23/09/2021,0,0,0,0,1,0,0,0,0,0,0,0,0,0,0,0,0,0,0,0,0
421,421,421,24/09/2021,0,0,0,0,0,0,0,0,0,0,0,1,0,0,0,0,0,0,0,0,0
422,422,422,30/09/2021,0,0,0,0,0,0,1,0,0,0,0,0,0,0,0,0,0,0,0,0,0
423,423,423,07/10/2021,0,0,0,0,1,0,0,0,0,0,0,0,0,0,0,0,0,0,0,0,0
424,424,424,30/10/2021,0,0,0,0,0,1,0,0,0,0,0,0,0,0,0,0,0,0,0,0,0
425,425,425,02/11/2021,0,0,1,0,0,0,0,0,0,0,0,0,0,0,0,0,0,0,0,0,0
426,426,426,07/11/2021,0,0,0,0,1,0,0,0,0,0,0,0,0,0,0,0,0,0,0,0,0
427,427,427,09/11/2021,0,0,1,0,0,0,0,0,0,0,0,0,0,0,0,0,0,0,0,0,0
428,428,428,14/11/2021,0,0,0,0,0,0,1,0,0,0,0,0,0,0,0,0,0,0,0,0,0
429,429,429,21/11/2021,0,0,0,0,1,0,0,0,0,0,0,0,0,0,0,0,0,0,0,0,0
430,430,430,25/11/2021,0,0,0,0,1,0,0,0,0,0,0,0,0,0,0,0,0,0,0,0,0
431,431,431,25/11/2021,0,0,0,0,0,0,0,0,0,0,0,0,0,0,0,0,0,0,0,1,0
432,432,432,25/11/2021,0,0,0,0,0,0,0,0,0,0,0,0,0,0,0,0,0,0,0,0,1
433,433,433,27/11/2021,0,0,0,0,0,0,1,0,0,0,0,0,0,0,0,0,0,0,0,0,0
