Date,Rate
01/12/2021,174.98
30/11/2021,175.72
29/11/2021,176
26/11/2021,175.3
25/11/2021,175.11
24/11/2021,175.3
23/11/2021,174.55
22/11/2021,174.5
19/11/2021,174.73
18/11/2021,174.4
17/11/2021,174.25
16/11/2021,174.25
15/11/2021,174.2
12/11/2021,175.25
11/11/2021,173.5
10/11/2021,172.25
09/11/2021,170.93
08/11/2021,169.8
05/11/2021,169.6
04/11/2021,169.58
03/11/2021,169.54
02/11/2021,169.88
01/11/2021,171.24
30/10/2021,171.55
29/10/2021,170.38
28/10/2021,171.75
27/10/2021,173.75
26/10/2021,174.6
25/10/2021,174.3
22/10/2021,173.95
21/10/2021,173.2
20/10/2021,173.2
19/10/2021,172.25
18/10/2021,172
15/10/2021,171
14/10/2021,171
13/10/2021,170.75
12/10/2021,171
11/10/2021,170.65
08/10/2021,170.25
07/10/2021,170.25
06/10/2021,170.75
05/10/2021,170.5
04/10/2021,170.4
01/10/2021,169.75
30/9/2021,170.5
29/9/2021,170.25
28/9/2021,169.6
27/9/2021,169.4
24/9/2021,168.9
23/9/2021,168.8
22/9/2021,168.25
21/9/2021,168.3
20/9/2021,168.5
17/9/2021,167.46
16/9/2021,167.5
15/9/2021,169.25
14/9/2021,167.9
13/9/2021,167.9
11/9/2021,167.9
10/9/2021,167.9
09/9/2021,167.5
08/9/2021,167
07/9/2021,167.5
06/9/2021,166.7
03/9/2021,166.5
02/9/2021,167.02
01/9/2021,166.5
31/8/2021,166.25
30/8/2021,164.94
27/8/2021,165.7
26/8/2021,166
25/8/2021,165.75
24/8/2021,164.75
23/8/2021,164.2
20/8/2021,164.05
19/8/2021,163.6
18/8/2021,163.6
17/8/2021,163.6
16/8/2021,164.1
13/8/2021,163.6
12/8/2021,163.6
11/8/2021,163.85
10/8/2021,163.5
09/8/2021,163.75
06/8/2021,163.1
05/8/2021,163.4
04/8/2021,163.5
03/8/2021,162.65
02/8/2021,163.25
30/7/2021,161.75
29/7/2021,161.5
28/7/2021,161.5
27/7/2021,161
26/7/2021,161
23/7/2021,161.46
22/7/2021,160.7
21/7/2021,160.7
20/7/2021,160.7
19/7/2021,160.7
16/7/2021,159
15/7/2021,159
14/7/2021,158.5
13/7/2021,159
12/7/2021,159.4
09/7/2021,158.9
08/7/2021,159
07/7/2021,158.3
06/7/2021,158.05
05/7/2021,157.68
02/7/2021,157.5
01/7/2021,157.8
30/6/2021,157.53
29/6/2021,158.1
28/6/2021,157.75
26/6/2021,157.45
25/6/2021,157.6
24/6/2021,157.6
23/6/2021,157.8
22/6/2021,157.75
21/6/2021,157
18/6/2021,156.5
17/6/2021,156.65
16/6/2021,156.5
15/6/2021,156.25
14/6/2021,155.75
11/6/2021,155.75
10/6/2021,155.5
09/6/2021,155.35
08/6/2021,155.19
07/6/2021,154.5
04/6/2021,154.3
03/6/2021,154.25
02/6/2021,154.25
01/6/2021,154.25
31/5/2021,152.52
28/5/2021,154.3
27/5/2021,154.5
26/5/2021,154.5
25/5/2021,154.15
24/5/2021,152.87
21/5/2021,152.72
20/5/2021,153
19/5/2021,152.85
18/5/2021,152.3
17/5/2021,152.2
15/5/2021,152.2
14/5/2021,151.7
13/5/2021,151.9
12/5/2021,151.05
11/5/2021,151.35
10/5/2021,151.6
07/5/2021,151.92
06/5/2021,152.45
05/5/2021,152.45
04/5/2021,153.1
03/5/2021,152.85
30/4/2021,152.98
29/4/2021,153
28/4/2021,153.95
27/4/2021,154
26/4/2021,153.85
24/4/2021,153.7
23/4/2021,153.25
22/4/2021,153.2
21/4/2021,152.5
20/4/2021,152.6
19/4/2021,152.6
16/4/2021,152.5
15/4/2021,152.55
14/4/2021,152.6
13/4/2021,152.55
12/4/2021,152.6
09/4/2021,152.19
08/4/2021,152.06
07/4/2021,152.29
06/4/2021,152.69
05/4/2021,152.09
02/4/2021,152.94
01/4/2021,151.72
31/3/2021,152.32
30/3/2021,152.75
29/3/2021,154
26/3/2021,154.85
25/3/2021,154.28
24/3/2021,155.75
23/3/2021,155.13
22/3/2021,155.7
19/3/2021,155.65
18/3/2021,154.43
17/3/2021,155.75
16/3/2021,156.42
15/3/2021,156.71
12/3/2021,156.8
11/3/2021,156.85
10/3/2021,156.65
09/3/2021,156.46
08/3/2021,156.54
05/3/2021,156.38
04/3/2021,157
03/3/2021,157
02/3/2021,157.65
01/3/2021,158.45
27/2/2021,158.35
26/2/2021,158.45
25/2/2021,158.25
24/2/2021,158.4
23/2/2021,158.62
22/2/2021,158.8
19/2/2021,158.75
18/2/2021,158.65
17/2/2021,159.1
16/2/2021,159.15
15/2/2021,158.93
12/2/2021,158.45
11/2/2021,159.06
10/2/2021,159.1
09/2/2021,159.55
08/2/2021,159.25
05/2/2021,159.5
04/2/2021,159.5
03/2/2021,159.9
02/2/2021,159.8
01/2/2021,160
29/1/2021,159.6
28/1/2021,159.9
27/1/2021,160.1
26/1/2021,160.6
25/1/2021,160.7
22/1/2021,160.35
21/1/2021,160.25
20/1/2021,160.1
19/1/2021,160.1
18/1/2021,160.25
15/1/2021,160.1
14/1/2021,160
13/1/2021,160
12/1/2021,160
11/1/2021,160
08/1/2021,159.9
07/1/2021,159.75
06/1/2021,160.1
05/1/2021,160.25
04/1/2021,159.8
01/1/2021,159.75
31/12/2020,159.75
30/12/2020,160
29/12/2020,160
28/12/2020,160.3
24/12/2020,159.68
23/12/2020,160.4
22/12/2020,160.3
21/12/2020,159.7
18/12/2020,159.7
17/12/2020,160
16/12/2020,159.88
15/12/2020,160.1
14/12/2020,160
11/12/2020,159.85
10/12/2020,160
09/12/2020,160.03
08/12/2020,160.04
07/12/2020,160
04/12/2020,159.8
03/12/2020,159.78
02/12/2020,160
01/12/2020,159.09
30/11/2020,158.8
28/11/2020,158.75
27/11/2020,159
26/11/2020,159
25/11/2020,159.1
24/11/2020,160.3
23/11/2020,160.7
20/11/2020,160.55
19/11/2020,160.05
18/11/2020,158.5
17/11/2020,157.9
16/11/2020,157.9
13/11/2020,158
12/11/2020,157.37
11/11/2020,157.38
10/11/2020,158.5
09/11/2020,158.28
07/11/2020,159
06/11/2020,158.7
05/11/2020,159.1
04/11/2020,159.11
03/11/2020,159.85
02/11/2020,159.65
30/10/2020,160
29/10/2020,160.08
28/10/2020,160.35
27/10/2020,160.65
26/10/2020,160.62
23/10/2020,161.15
22/10/2020,160.89
21/10/2020,161.31
20/10/2020,161.14
19/10/2020,162.25
16/10/2020,162.15
15/10/2020,162.75
14/10/2020,162.51
13/10/2020,162.89
12/10/2020,163.75
09/10/2020,163.35
08/10/2020,163.4
07/10/2020,163.42
06/10/2020,163.61
05/10/2020,163.92
02/10/2020,163.87
01/10/2020,164.32
30/9/2020,165.4
29/9/2020,164.84
28/9/2020,165.9
25/9/2020,164.71
24/9/2020,165.7
23/9/2020,165.37
22/9/2020,166.05
21/9/2020,165.16
18/9/2020,165.29
17/9/2020,166
16/9/2020,165.95
15/9/2020,165.39
14/9/2020,165.65
11/9/2020,165.27
10/9/2020,165.49
09/9/2020,165.93
08/9/2020,166
07/9/2020,165.6
05/9/2020,165.7
04/9/2020,165.55
03/9/2020,165.4
02/9/2020,164.94
01/9/2020,165.02
31/8/2020,164.59
28/8/2020,166.47
27/8/2020,166.47
26/8/2020,168
25/8/2020,168
24/8/2020,167.8
21/8/2020,167.8
20/8/2020,168
19/8/2020,167.6
18/8/2020,167.75
17/8/2020,168
14/8/2020,167.25
13/8/2020,167.5
12/8/2020,167.5
11/8/2020,167.9
10/8/2020,168
07/8/2020,167.8
06/8/2020,168.1
05/8/2020,167.5
04/8/2020,167.3
03/8/2020,166.23
31/7/2020,167.28
30/7/2020,167.08
29/7/2020,165.99
28/7/2020,166.05
27/7/2020,166.5
25/7/2020,167.4
24/7/2020,166.98
23/7/2020,167.25
22/7/2020,167.25
21/7/2020,167.25
20/7/2020,167.1
18/7/2020,166.7
17/7/2020,166.8
16/7/2020,166.75
15/7/2020,166.25
14/7/2020,166.25
13/7/2020,166.1
10/7/2020,165.67
09/7/2020,166.55
08/7/2020,166.3
07/7/2020,166.45
06/7/2020,166
03/7/2020,166.4
02/7/2020,167.8
01/7/2020,167.2
30/6/2020,167.2
29/6/2020,167.2
26/6/2020,167.2
25/6/2020,166.7
24/6/2020,167.6
23/6/2020,166.8
22/6/2020,166.36
19/6/2020,166.6
18/6/2020,164.97
17/6/2020,165.3
16/6/2020,164.65
15/6/2020,164.1
12/6/2020,164.25
11/6/2020,164.1
10/6/2020,164.23
09/6/2020,163.32
08/6/2020,162.4
05/6/2020,163.05
04/6/2020,163.15
03/6/2020,164.2
02/6/2020,165.05
01/6/2020,163.25
29/5/2020,162
28/5/2020,160.66
27/5/2020,160.25
26/5/2020,160.16
25/5/2020,160.8
22/5/2020,160.25
21/5/2020,160.15
20/5/2020,160
19/5/2020,160.05
18/5/2020,160
15/5/2020,158.79
14/5/2020,159.56
13/5/2020,160.14
12/5/2020,159.43
11/5/2020,159.73
08/5/2020,158.56
07/5/2020,160.05
06/5/2020,157.84
05/5/2020,159.2
04/5/2020,159.06
01/5/2020,160
30/4/2020,160
29/4/2020,160.36
28/4/2020,160.75
27/4/2020,160.18
24/4/2020,159.86
23/4/2020,159.23
22/4/2020,159.74
21/4/2020,160.11
20/4/2020,163
17/4/2020,165.26
16/4/2020,166.3
15/4/2020,165.92
14/4/2020,166
13/4/2020,165.38
10/4/2020,166.05
09/4/2020,166.75
08/4/2020,166.75
07/4/2020,167
06/4/2020,166.25
03/4/2020,166.5
02/4/2020,166.25
01/4/2020,165.19
31/3/2020,165.75
30/3/2020,166
27/3/2020,164.12
26/3/2020,167.6
25/3/2020,160
24/3/2020,158.9
23/3/2020,157.8
20/3/2020,158.2
19/3/2020,157.61
18/3/2020,157.99
17/3/2020,157.9
16/3/2020,158.08
14/3/2020,157.1
13/3/2020,158.5
12/3/2020,158.5
11/3/2020,158.4
10/3/2020,157.5
09/3/2020,155.5
07/3/2020,154.15
06/3/2020,153.72
05/3/2020,153.8
04/3/2020,153.8
03/3/2020,153.66
02/3/2020,153.83
29/2/2020,154.165
28/2/2020,153.65
27/2/2020,153.34
26/2/2020,153.34
25/2/2020,153.82
24/2/2020,153.73
22/2/2020,154.3
21/2/2020,153.9
20/2/2020,153.44
19/2/2020,153.75
18/2/2020,153.9
17/2/2020,153.9
15/2/2020,154.295
14/2/2020,153.83
13/2/2020,153.88
12/2/2020,153.46
11/2/2020,153.92
10/2/2020,154
08/2/2020,154.515
07/2/2020,154.01
06/2/2020,153.69
05/2/2020,153.48
04/2/2020,153.66
03/2/2020,154.02
01/2/2020,154.5
31/1/2020,153.74
30/1/2020,153.9
29/1/2020,154
28/1/2020,154.12
27/1/2020,153.87
25/1/2020,154.705
24/1/2020,154
23/1/2020,154
22/1/2020,154.04
21/1/2020,154.25
20/1/2020,154.25
18/1/2020,154.67
17/1/2020,154.27
16/1/2020,153.59
15/1/2020,154.58
14/1/2020,154.41
13/1/2020,154.45
11/1/2020,154.93
10/1/2020,154.4
09/1/2020,154
08/1/2020,154.5
07/1/2020,154.58
06/1/2020,154.47
04/1/2020,154.875
03/1/2020,154.45
02/1/2020,154.6
01/1/2020,154.47
31/12/2019,154.5
30/12/2019,154.6
28/12/2019,154.85
27/12/2019,154.35
26/12/2019,154.04
25/12/2019,154.5
24/12/2019,153.9
23/12/2019,154.46
21/12/2019,154.95
20/12/2019,154.25
19/12/2019,153.98
18/12/2019,153.97
17/12/2019,154.45
16/12/2019,154.12
14/12/2019,154.65
13/12/2019,153.98
12/12/2019,154.55
11/12/2019,153.93
10/12/2019,155.98
09/12/2019,154.75
07/12/2019,154.555
06/12/2019,153.93
05/12/2019,154.7
04/12/2019,154.69
03/12/2019,154.8
02/12/2019,154.75
30/11/2019,155.5
29/11/2019,155.15
28/11/2019,155.24
27/11/2019,155.15
26/11/2019,155.98
25/11/2019,155
23/11/2019,156.2
22/11/2019,155.4
21/11/2019,154.75
20/11/2019,154.88
19/11/2019,155.35
18/11/2019,154.87
16/11/2019,155.31
15/11/2019,154.78
14/11/2019,155.98
13/11/2019,154.93
12/11/2019,155
11/11/2019,155.5
09/11/2019,156.2
08/11/2019,155.4
07/11/2019,155.4
06/11/2019,155.4
05/11/2019,155.45
04/11/2019,155.15
02/11/2019,154.86
01/11/2019,154.46
31/10/2019,154.95
30/10/2019,154.9
29/10/2019,154.35
28/10/2019,155.29
26/10/2019,156.145
25/10/2019,155.28
24/10/2019,154.7
23/10/2019,155.45
22/10/2019,155.7
21/10/2019,155.8
19/10/2019,156.375
18/10/2019,155.75
17/10/2019,155.9
16/10/2019,155.75
15/10/2019,155.85
14/10/2019,155.8
12/10/2019,156.675
11/10/2019,155.85
10/10/2019,155.9
09/10/2019,156.01
08/10/2019,156.18
07/10/2019,156.25
05/10/2019,156.975
04/10/2019,156.45
03/10/2019,156.1
02/10/2019,156
01/10/2019,156.15
30/9/2019,156
28/9/2019,156.85
27/9/2019,156.2
26/9/2019,156.15
25/9/2019,156.15
24/9/2019,155.5
23/9/2019,156.15
21/9/2019,156.65
20/9/2019,155.8
19/9/2019,155.9
18/9/2019,156.3
17/9/2019,156
16/9/2019,156
14/9/2019,156.58
13/9/2019,156.58
12/9/2019,155.8
11/9/2019,156
10/9/2019,156
09/9/2019,156
07/9/2019,156.5
06/9/2019,156
05/9/2019,156.3
04/9/2019,156
03/9/2019,156
02/9/2019,156
31/8/2019,157
30/8/2019,156.8
29/8/2019,157
28/8/2019,159.675
27/8/2019,159.5
26/8/2019,159.625
24/8/2019,159.5
23/8/2019,159.5
22/8/2019,159.5
21/8/2019,160
20/8/2019,160.15
19/8/2019,160.125
17/8/2019,158.75
16/8/2019,157.55
15/8/2019,159.71
14/8/2019,160.25
13/8/2019,160.25
12/8/2019,160.25
10/8/2019,158
09/8/2019,157.45
08/8/2019,159.875
07/8/2019,159.75
06/8/2019,160.25
05/8/2019,160.25
03/8/2019,159.79
02/8/2019,158.62
01/8/2019,160.5
31/7/2019,160.55
30/7/2019,160.625
29/7/2019,160.25
27/7/2019,161
26/7/2019,160
25/7/2019,159.8
24/7/2019,160
23/7/2019,159.04
22/7/2019,159.25
20/7/2019,159.95
19/7/2019,159.9
18/7/2019,159.5
17/7/2019,159.25
16/7/2019,159.05
15/7/2019,159.05
13/7/2019,159.125
12/7/2019,158.25
11/7/2019,158.8
10/7/2019,158.375
09/7/2019,158.375
08/7/2019,158.5
06/7/2019,158
05/7/2019,158
04/7/2019,157.925
03/7/2019,156.75
02/7/2019,155.66
01/7/2019,161.59
29/6/2019,163.125
28/6/2019,162.5
27/6/2019,163.5
26/6/2019,160.71
25/6/2019,156.7
24/6/2019,156.5
22/6/2019,157.125
21/6/2019,156.25
20/6/2019,156.25
19/6/2019,156.25
18/6/2019,155.4
17/6/2019,156.25
15/6/2019,156.09
14/6/2019,155
13/6/2019,152.25
12/6/2019,150.8
11/6/2019,150.8
10/6/2019,151.25
08/6/2019,148.25
07/6/2019,148
06/6/2019,150.755
05/6/2019,150.885
04/6/2019,147.84
03/6/2019,147.6
01/6/2019,147.06
31/5/2019,146.6
30/5/2019,150.795
29/5/2019,150.75
28/5/2019,151.5
27/5/2019,150.875
25/5/2019,151.625
24/5/2019,151.75
23/5/2019,150.75
22/5/2019,151.75
21/5/2019,151.5
20/5/2019,147.79
18/5/2019,148.65
17/5/2019,147.5
16/5/2019,145.64
15/5/2019,141.25
14/5/2019,141.35
13/5/2019,141.25
11/5/2019,141.625
10/5/2019,141.25
09/5/2019,141.25
08/5/2019,141.2
07/5/2019,141
06/5/2019,141
04/5/2019,141.45
03/5/2019,140.9
02/5/2019,141
01/5/2019,141.3
30/4/2019,141.3
29/4/2019,141.25
27/4/2019,141.65
26/4/2019,141.3
25/4/2019,141.27
24/4/2019,141.2
23/4/2019,141.32
22/4/2019,141.32
21/4/2019,141.35
20/4/2019,141.675
19/4/2019,141.35
18/4/2019,141.32
17/4/2019,141.32
16/4/2019,141.32
15/4/2019,141.32
13/4/2019,141.5
12/4/2019,141.5
11/4/2019,141.65
10/4/2019,141.625
09/4/2019,141.625
08/4/2019,141.6
06/4/2019,141.45
05/4/2019,141.45
04/4/2019,141.575
03/4/2019,141.65
02/4/2019,140.3
01/4/2019,140.85
30/3/2019,140.8
29/3/2019,140.8
28/3/2019,140.575
27/3/2019,140.575
26/3/2019,140.6
25/3/2019,140.6
23/3/2019,139.625
22/3/2019,140.25
21/3/2019,140.175
20/3/2019,140.135
19/3/2019,140.1
18/3/2019,140.075
16/3/2019,139.85
15/3/2019,139.85
14/3/2019,139.85
13/3/2019,139.875
12/3/2019,139.875
11/3/2019,139.735
09/3/2019,139.75
08/3/2019,139.75
07/3/2019,139.825
06/3/2019,139.8
05/3/2019,139.8
04/3/2019,139.76
02/3/2019,138.625
01/3/2019,138.625
28/2/2019,139.84
27/2/2019,139.825
26/2/2019,138.7
25/2/2019,139.775
23/2/2019,139.725
22/2/2019,139.725
21/2/2019,139.8
20/2/2019,139.9
19/2/2019,139.875
18/2/2019,139.65
16/2/2019,138.975
15/2/2019,139.9
14/2/2019,139
13/2/2019,139.9
12/2/2019,139.8
11/2/2019,139.8
09/2/2019,139.6
08/2/2019,139.6
07/2/2019,139.575
06/2/2019,139.55
05/2/2019,139.6
04/2/2019,139.6
02/2/2019,139.525
01/2/2019,139.525
31/1/2019,139.3
30/1/2019,139.735
29/1/2019,139.8
28/1/2019,139.8
26/1/2019,139.875
25/1/2019,139.875
24/1/2019,139.875
23/1/2019,139.875
22/1/2019,139.875
21/1/2019,139.85
19/1/2019,139.88
18/1/2019,139.88
17/1/2019,139.88
16/1/2019,139.885
15/1/2019,139.885
14/1/2019,139.865
12/1/2019,139.875
11/1/2019,139.875
10/1/2019,139.875
09/1/2019,139.875
08/1/2019,139.875
07/1/2019,139.85
05/1/2019,139.85
04/1/2019,139.85
03/1/2019,139.85
02/1/2019,139.85
01/1/2019,139.8
31/12/2018,139.8
29/12/2018,139.9
28/12/2018,139.9
27/12/2018,139.85
26/12/2018,139.85
25/12/2018,139.875
24/12/2018,139.875
22/12/2018,139.05
21/12/2018,139.81
20/12/2018,139.875
19/12/2018,139.875
18/12/2018,139.85
17/12/2018,139.85
15/12/2018,139.15
14/12/2018,139.85
13/12/2018,139
12/12/2018,139.85
11/12/2018,139.8
10/12/2018,139.8
08/12/2018,139
07/12/2018,139.775
06/12/2018,139.725
05/12/2018,139.6
04/12/2018,139.1
03/12/2018,139.15
01/12/2018,138.9
30/11/2018,138.9
29/11/2018,134.45
28/11/2018,134.465
27/11/2018,134.475
26/11/2018,134.45
24/11/2018,134.425
23/11/2018,134.425
22/11/2018,134.425
21/11/2018,134.425
20/11/2018,134.425
19/11/2018,134.425
17/11/2018,134.44
16/11/2018,134.44
15/11/2018,134.43
14/11/2018,134.45
13/11/2018,134.4
12/11/2018,134.4
10/11/2018,134
09/11/2018,134
08/11/2018,133.625
07/11/2018,133.625
06/11/2018,133.7
05/11/2018,133.65
03/11/2018,133.68
02/11/2018,133.68
01/11/2018,133.7
31/10/2018,133.775
30/10/2018,133.675
29/10/2018,133.725
27/10/2018,133.5
26/10/2018,133.5
25/10/2018,133.45
24/10/2018,130.91
23/10/2018,133.42
22/10/2018,133.5
20/10/2018,132.475
19/10/2018,132.475
18/10/2018,133.44
17/10/2018,133.115
16/10/2018,131.37
15/10/2018,132.88
13/10/2018,133
12/10/2018,133
11/10/2018,131.115
10/10/2018,133.25
09/10/2018,133.375
08/10/2018,123.17
06/10/2018,123.75
05/10/2018,123.745
04/10/2018,123.75
03/10/2018,123.75
02/10/2018,123.6
01/10/2018,123.4
29/9/2018,123.585
28/9/2018,123.585
27/9/2018,123.75
26/9/2018,123.75
25/9/2018,123.195
24/9/2018,123.235
22/9/2018,123.145
21/9/2018,123.145
20/9/2018,123.735
19/9/2018,123.76
18/9/2018,123.74
17/9/2018,123.89
15/9/2018,123.845
14/9/2018,123.845
13/9/2018,123.085
12/9/2018,123.995
11/9/2018,122.45
10/9/2018,123.005
08/9/2018,123.46
07/9/2018,123.46
06/9/2018,123.105
05/9/2018,123.12
04/9/2018,123.51
03/9/2018,123.11
01/9/2018,122.985
31/8/2018,122.985
30/8/2018,123.05
29/8/2018,123.02
28/8/2018,123.06
27/8/2018,123.07
25/8/2018,122.4
24/8/2018,122.4
23/8/2018,123.945
22/8/2018,122.425
21/8/2018,122.455
20/8/2018,122.455
18/8/2018,123.71
17/8/2018,123.71
16/8/2018,123.3
15/8/2018,123.7
14/8/2018,123.835
13/8/2018,122.915
11/8/2018,123.95
10/8/2018,123.95
09/8/2018,124.05
08/8/2018,124.04
07/8/2018,124.1
06/8/2018,122.995
04/8/2018,123.98
03/8/2018,123.98
02/8/2018,122.925
01/8/2018,123.6
31/7/2018,124.06
30/7/2018,121.615
28/7/2018,128.375
27/7/2018,128.375
26/7/2018,129
25/7/2018,129.14
24/7/2018,129.14
23/7/2018,129.2
21/7/2018,129.2
20/7/2018,129.2
19/7/2018,129.05
18/7/2018,128.45
17/7/2018,127.85
16/7/2018,125
14/7/2018,121.75
13/7/2018,121.75
12/7/2018,121.755
11/7/2018,121.74
10/7/2018,121.735
09/7/2018,121.735
07/7/2018,121.725
06/7/2018,121.725
05/7/2018,121.725
04/7/2018,121.725
03/7/2018,121.725
02/7/2018,121.715
30/6/2018,121.735
29/6/2018,121.735
28/6/2018,121.735
27/6/2018,121.73
26/6/2018,121.675
25/6/2018,121.675
23/6/2018,121.65
22/6/2018,121.65
21/6/2018,121.65
20/6/2018,121.5
19/6/2018,121.3
18/6/2018,119.35
16/6/2018,119.89
15/6/2018,119.89
14/6/2018,119.585
13/6/2018,118.245
12/6/2018,119.065
11/6/2018,117.735
09/6/2018,115.78
08/6/2018,115.78
07/6/2018,115.78
06/6/2018,115.78
05/6/2018,115.78
04/6/2018,115.78
02/6/2018,115.785
01/6/2018,115.785
31/5/2018,115.775
30/5/2018,115.61
29/5/2018,115.775
28/5/2018,115.775
26/5/2018,115.6
25/5/2018,115.775
24/5/2018,115.775
23/5/2018,115.775
22/5/2018,115.55
21/5/2018,115.775
19/5/2018,115.78
18/5/2018,115.78
17/5/2018,115.78
16/5/2018,115.78
15/5/2018,115.775
14/5/2018,116.305
12/5/2018,115.55
11/5/2018,115.78
10/5/2018,115.78
09/5/2018,115.775
08/5/2018,115.775
07/5/2018,115.775
05/5/2018,115.775
04/5/2018,115.775
03/5/2018,115.775
02/5/2018,115.78
01/5/2018,115.77
30/4/2018,115.77
28/4/2018,115.775
27/4/2018,115.775
26/4/2018,115.775
25/4/2018,115.775
24/4/2018,115.77
23/4/2018,115.77
21/4/2018,115.775
20/4/2018,115.775
19/4/2018,115.78
18/4/2018,115.78
17/4/2018,115.775
16/4/2018,115.775
14/4/2018,115.775
13/4/2018,115.775
12/4/2018,115.77
11/4/2018,115.76
10/4/2018,115.78
09/4/2018,115.76
07/4/2018,115.78
06/4/2018,115.78
05/4/2018,115.78
04/4/2018,115.725
03/4/2018,115.725
02/4/2018,115.725
01/4/2018,115.71
31/3/2018,115.71
30/3/2018,115.71
29/3/2018,115.7
28/3/2018,115.7
27/3/2018,115.725
26/3/2018,115.6
25/3/2018,115.6
24/3/2018,115.6
23/3/2018,115.6
22/3/2018,115.6
21/3/2018,115.15
20/3/2018,115
19/3/2018,110.765
18/3/2018,110.76
17/3/2018,110.76
16/3/2018,110.76
15/3/2018,110.76
14/3/2018,110.76
13/3/2018,110.76
12/3/2018,110.76
11/3/2018,110.62
10/3/2018,110.62
09/3/2018,110.76
08/3/2018,110.765
07/3/2018,110.76
06/3/2018,110.75
05/3/2018,110.75
04/3/2018,110.57
03/3/2018,110.57
02/3/2018,110.57
01/3/2018,110.76
28/2/2018,110.765
27/2/2018,110.765
26/2/2018,110.65
25/2/2018,110.55
24/2/2018,110.55
23/2/2018,110.55
22/2/2018,110.76
21/2/2018,110.76
20/2/2018,110.75
19/2/2018,110.75
18/2/2018,110.55
17/2/2018,110.55
16/2/2018,110.755
15/2/2018,110.755
14/2/2018,110.755
13/2/2018,110.755
12/2/2018,110.61
11/2/2018,110.4
10/2/2018,110.4
09/2/2018,110.69
08/2/2018,110.76
07/2/2018,110.76
06/2/2018,110.715
05/2/2018,110.76
04/2/2018,110.57
03/2/2018,110.57
02/2/2018,110.55
01/2/2018,110.755
31/1/2018,110.76
30/1/2018,110.76
29/1/2018,110.76
28/1/2018,110.55
27/1/2018,110.55
26/1/2018,110.755
25/1/2018,110.755
24/1/2018,110.55
23/1/2018,110.76
22/1/2018,110.755
21/1/2018,110.955
20/1/2018,110.955
19/1/2018,110.955
18/1/2018,110.76
17/1/2018,111.14
16/1/2018,110.925
15/1/2018,110.755
14/1/2018,110.55
13/1/2018,110.55
12/1/2018,110.755
11/1/2018,110.75
10/1/2018,111
09/1/2018,110.75
08/1/2018,110.75
07/1/2018,110.55
06/1/2018,110.55
05/1/2018,110.75
04/1/2018,110.735
03/1/2018,110.735
02/1/2018,110.7
01/1/2018,110.31
31/12/2017,110.7
30/12/2017,110.7
29/12/2017,110.7
28/12/2017,110.7
27/12/2017,110.7
26/12/2017,110.7
25/12/2017,110.2
24/12/2017,110.7
23/12/2017,110.7
22/12/2017,110.7
21/12/2017,111.02
20/12/2017,110.35
19/12/2017,110.6
18/12/2017,109.875
17/12/2017,109.875
16/12/2017,109.875
15/12/2017,109.875
14/12/2017,109.8
13/12/2017,109.5
12/12/2017,109.455
11/12/2017,107.5
10/12/2017,105.85
09/12/2017,105.85
08/12/2017,105.85
07/12/2017,105.415
06/12/2017,105.415
05/12/2017,105.25
04/12/2017,105.4
03/12/2017,105.375
02/12/2017,105.375
01/12/2017,105.375
30/11/2017,105.375
29/11/2017,105.415
28/11/2017,105.25
27/11/2017,105.33
26/11/2017,105.185
25/11/2017,105.185
24/11/2017,105.185
23/11/2017,105.3
22/11/2017,105.35
21/11/2017,105.2
20/11/2017,105.25
19/11/2017,105.315
18/11/2017,105.315
17/11/2017,105.315
16/11/2017,105.305
15/11/2017,105.305
14/11/2017,105.25
13/11/2017,105.35
12/11/2017,104.95
11/11/2017,104.95
10/11/2017,104.95
09/11/2017,105.05
08/11/2017,105.2
07/11/2017,105.25
06/11/2017,105.3
05/11/2017,105.28
04/11/2017,105.28
03/11/2017,105.28
02/11/2017,105.255
01/11/2017,105.2
31/10/2017,105.375
30/10/2017,105.315
29/10/2017,105.35
28/10/2017,105.35
27/10/2017,105.35
26/10/2017,105.355
25/10/2017,105.305
24/10/2017,105.375
23/10/2017,105.3
22/10/2017,105.35
21/10/2017,105.35
20/10/2017,105.35
19/10/2017,105.2
18/10/2017,105.25
17/10/2017,105.305
16/10/2017,105.125
15/10/2017,105.25
14/10/2017,105.25
13/10/2017,105.25
12/10/2017,104.9
11/10/2017,105.075
10/10/2017,105.33
09/10/2017,105.255
08/10/2017,105.255
07/10/2017,105.255
06/10/2017,105.255
05/10/2017,105.25
04/10/2017,105.405
03/10/2017,105.375
02/10/2017,105.3
01/10/2017,105.41
30/9/2017,105.41
29/9/2017,105.41
28/9/2017,105.4
27/9/2017,105.425
26/9/2017,105.375
25/9/2017,105.345
24/9/2017,105.385
23/9/2017,105.385
22/9/2017,105.385
21/9/2017,105.375
20/9/2017,105.375
19/9/2017,105.35
18/9/2017,105.325
17/9/2017,105.35
16/9/2017,105.35
15/9/2017,105.35
14/9/2017,105.295
13/9/2017,105.2
12/9/2017,105.335
11/9/2017,105.33
10/9/2017,105.31
09/9/2017,105.31
08/9/2017,105.31
07/9/2017,105.35
06/9/2017,105.34
05/9/2017,105.335
04/9/2017,105.1
03/9/2017,105.1
02/9/2017,105.1
01/9/2017,105.1
31/8/2017,105.23
30/8/2017,105.215
29/8/2017,105.155
28/8/2017,105.36
27/8/2017,105.375
26/8/2017,105.375
25/8/2017,105.375
24/8/2017,105.375
23/8/2017,105.355
22/8/2017,105.345
21/8/2017,105.33
20/8/2017,105.35
19/8/2017,105.35
18/8/2017,105.35
17/8/2017,105.34
16/8/2017,105.33
15/8/2017,105.375
14/8/2017,105.33
13/8/2017,105.205
12/8/2017,105.205
11/8/2017,105.205
10/8/2017,105.205
09/8/2017,105.36
08/8/2017,105.25
07/8/2017,105.32
06/8/2017,105.36
05/8/2017,105.33
04/8/2017,105.33
03/8/2017,105.33
02/8/2017,105.36
01/8/2017,105.335
31/7/2017,105.4
30/7/2017,105.355
29/7/2017,105.355
28/7/2017,105.355
27/7/2017,105.34
26/7/2017,105.325
25/7/2017,105.27
24/7/2017,105.31
23/7/2017,105.205
22/7/2017,105.205
21/7/2017,105.205
20/7/2017,105.28
19/7/2017,105.205
18/7/2017,105.25
17/7/2017,105.205
16/7/2017,105.22
15/7/2017,105.22
14/7/2017,105.22
13/7/2017,105.2
12/7/2017,105.11
11/7/2017,105.19
10/7/2017,105.16
09/7/2017,105.85
08/7/2017,105.85
07/7/2017,105.85
06/7/2017,105.95
05/7/2017,108.05
04/7/2017,104.825
03/7/2017,104.86
02/7/2017,104.86
01/7/2017,104.86
30/6/2017,104.86
29/6/2017,104.86
28/6/2017,104.85
27/6/2017,104.8
26/6/2017,104.84
25/6/2017,104.845
24/6/2017,104.845
23/6/2017,104.845
22/6/2017,104.805
21/6/2017,104.825
20/6/2017,104.85
19/6/2017,104.815
18/6/2017,104.775
17/6/2017,104.775
16/6/2017,104.83
15/6/2017,104.815
14/6/2017,104.805
13/6/2017,104.815
12/6/2017,104.7
11/6/2017,104.8
10/6/2017,104.8
09/6/2017,104.8
08/6/2017,104.84
07/6/2017,104.84
06/6/2017,104.85
05/6/2017,104.74
04/6/2017,104.7
03/6/2017,104.7
02/6/2017,104.7
01/6/2017,104.755
31/5/2017,104.81
30/5/2017,104.825
29/5/2017,104.8
28/5/2017,104.8
27/5/2017,104.8
26/5/2017,104.8
25/5/2017,104.79
24/5/2017,104.845
23/5/2017,104.835
22/5/2017,104.825
21/5/2017,104.795
20/5/2017,104.795
19/5/2017,104.795
18/5/2017,104.815
17/5/2017,104.825
16/5/2017,104.85
15/5/2017,104.8
14/5/2017,104.775
13/5/2017,104.775
12/5/2017,104.775
11/5/2017,104.7
10/5/2017,104.8
09/5/2017,104.885
08/5/2017,104.815
07/5/2017,104.75
06/5/2017,104.75
05/5/2017,104.75
04/5/2017,104.8
03/5/2017,104.65
02/5/2017,104.76
01/5/2017,104.7
30/4/2017,104.725
29/4/2017,104.725
28/4/2017,104.725
27/4/2017,104.75
26/4/2017,104.625
25/4/2017,104.725
24/4/2017,104.805
23/4/2017,104.8
22/4/2017,104.8
21/4/2017,104.8
20/4/2017,104.795
19/4/2017,104.83
18/4/2017,104.83
17/4/2017,104.87
16/4/2017,104.825
15/4/2017,104.825
14/4/2017,104.825
13/4/2017,104.845
12/4/2017,104.8
11/4/2017,104.705
10/4/2017,104.84
09/4/2017,104.82
08/4/2017,104.82
07/4/2017,104.82
06/4/2017,104.81
05/4/2017,104.7
04/4/2017,104.8
03/4/2017,104.81
02/4/2017,104.81
01/4/2017,104.81
31/3/2017,104.81
30/3/2017,104.81
