Date,Sales,Average Discount
01/04/2017,16748,23
02/04/2017,11340,0
03/04/2017,5331,0
04/04/2017,1300,0
06/04/2017,14660,0
07/04/2017,15095,0
08/04/2017,3530,0
09/04/2017,33555,0
10/04/2017,3840,0
11/04/2017,4890,0
12/04/2017,3690,0
13/04/2017,3195,0
14/04/2017,3440,0
16/04/2017,10730,0
17/04/2017,2350,0
18/04/2017,33320,0
19/04/2017,550,0
20/04/2017,1995,0
21/04/2017,15070,0
23/04/2017,6500,0
24/04/2017,11125,0
25/04/2017,400,0
26/04/2017,6450,0
27/04/2017,2590,0
28/04/2017,1590,0
29/04/2017,5285,0
30/04/2017,7885,0
01/05/2017,7420,0
03/05/2017,4090,0
04/05/2017,550,0
05/05/2017,5190,0
06/05/2017,12115,0
07/05/2017,11160,0
08/05/2017,7122,0
09/05/2017,11326,20
10/05/2017,2885,0
11/05/2017,9750,0
12/05/2017,11372,0
13/05/2017,27477,0
14/05/2017,14703,0
15/05/2017,3680,0
16/05/2017,4585,0
17/05/2017,2135,0
18/05/2017,7120,0
19/05/2017,1500,0
20/05/2017,4925,0
21/05/2017,15880,0
22/05/2017,3875,20
23/05/2017,9450,0
24/05/2017,6670,0
25/05/2017,21590,35
26/05/2017,7883,0
27/05/2017,4041,0
28/05/2017,2882,15
29/05/2017,8855,0
30/05/2017,5800,0
31/05/2017,8092,20
01/06/2017,4746,0
03/06/2017,4484,0
04/06/2017,17902,20
05/06/2017,1050,0
06/06/2017,1440,0
07/06/2017,6444,20
08/06/2017,7865,0
09/06/2017,4196,0
10/06/2017,6937,20
11/06/2017,18915,0
12/06/2017,12265,20
13/06/2017,4420,0
14/06/2017,6645,0
15/06/2017,9310,0
16/06/2017,12480,20
17/06/2017,15140,0
18/06/2017,3935,0
19/06/2017,11830,0
20/06/2017,13885,0
21/06/2017,28855,0
22/06/2017,32831,0
23/06/2017,35351,0
24/06/2017,50260,20
25/06/2017,54660,0
26/06/2017,7380,0
28/06/2017,8710,0
29/06/2017,9130,0
30/06/2017,5285,0
01/07/2017,1765,0
02/07/2017,4845,0
03/07/2017,5890,0
04/07/2017,24812,20
05/07/2017,14650,0
06/07/2017,5540,0
07/07/2017,28525,0
08/07/2017,1880,0
09/07/2017,11260,0
10/07/2017,2551,0
11/07/2017,14580,0
12/07/2017,23345,0
13/07/2017,20690,0
14/07/2017,14395,0
15/07/2017,4990,0
16/07/2017,14015,0
17/07/2017,10240,0
18/07/2017,5665,50
19/07/2017,24570,0
20/07/2017,13175,0
21/07/2017,18700,0
22/07/2017,13125,0
23/07/2017,8830,0
24/07/2017,4725,0
25/07/2017,31115,0
26/07/2017,7950,0
27/07/2017,580,0
28/07/2017,1995,0
29/07/2017,10915,0
30/07/2017,2940,0
31/07/2017,6230,0
01/08/2017,25755,0
02/08/2017,11285,0
03/08/2017,19950,0
04/08/2017,14095,0
05/08/2017,24750,0
06/08/2017,9165,0
07/08/2017,9365,0
08/08/2017,6965,50
09/08/2017,16311,0
10/08/2017,23100,0
11/08/2017,5140,0
12/08/2017,30380,0
13/08/2017,9690,0
14/08/2017,3340,0
15/08/2017,7945,0
16/08/2017,7760,0
17/08/2017,15940,0
18/08/2017,16010,0
19/08/2017,18680,0
20/08/2017,14330,0
21/08/2017,15775,0
22/08/2017,7690,0
23/08/2017,6795,0
24/08/2017,26157,0
25/08/2017,24010,0
26/08/2017,18728,20
27/08/2017,16230,0
28/08/2017,5960,0
29/08/2017,13355,0
30/08/2017,24425,0
31/08/2017,17235,0
01/09/2017,36960,0
02/09/2017,1300,0
04/09/2017,22446,50
05/09/2017,7175,0
06/09/2017,26495,0
07/09/2017,44655,0
08/09/2017,11310,0
09/09/2017,22130,0
10/09/2017,16790,0
11/09/2017,25195,0
12/09/2017,19090,50
13/09/2017,9575,0
14/09/2017,18680,0
15/09/2017,8450,0
16/09/2017,14980,0
17/09/2017,2725,0
18/09/2017,15690,0
19/09/2017,14930,0
20/09/2017,15805,0
21/09/2017,5515,0
22/09/2017,6750,0
23/09/2017,12480,0
24/09/2017,18830,50
25/09/2017,8875,0
26/09/2017,6665,0
27/09/2017,7060,0
28/09/2017,1150,0
29/09/2017,20616,50
02/10/2017,4390,0
03/10/2017,20770,0
04/10/2017,6095,0
05/10/2017,22430,0
06/10/2017,8450,0
07/10/2017,7985,0
08/10/2017,3810,0
09/10/2017,10335,0
10/10/2017,11793,50
11/10/2017,16790,0
12/10/2017,10600,0
13/10/2017,4765,0
14/10/2017,6485,0
15/10/2017,32925,0
16/10/2017,11125,0
17/10/2017,3610,50
18/10/2017,16280,0
19/10/2017,15280,0
20/10/2017,6080,0
21/10/2017,5105,0
22/10/2017,20530,0
23/10/2017,22340,0
24/10/2017,6090,0
25/10/2017,24730,0
26/10/2017,23895,0
27/10/2017,25965,0
28/10/2017,21535,0
29/10/2017,28220,0
30/10/2017,19400,0
31/10/2017,2850,0
01/11/2017,6030,0
02/11/2017,21065,0
03/11/2017,17545,0
04/11/2017,42640,20
05/11/2017,10032,20
06/11/2017,1640,0
07/11/2017,10870,50
08/11/2017,7425,0
09/11/2017,7800,0
10/11/2017,24678,20
11/11/2017,12386,20
12/11/2017,22682,20
14/11/2017,9225,0
15/11/2017,20094,20
16/11/2017,21462,20
17/11/2017,21332,20
18/11/2017,24333,20
19/11/2017,36257,20
20/11/2017,8590,0
21/11/2017,17850,20
22/11/2017,13766,40
23/11/2017,23018,20
24/11/2017,48027,33
25/11/2017,53570,33
26/11/2017,54493,33
27/11/2017,15777,20
28/11/2017,6206,33
29/11/2017,19532,20
30/11/2017,10394,20
01/12/2017,8969,25
02/12/2017,10027,20
03/12/2017,26334,20
04/12/2017,31354,20
05/12/2017,1573,50
06/12/2017,14840,0
07/12/2017,2430,0
08/12/2017,12122,20
09/12/2017,19905,0
10/12/2017,11957,20
11/12/2017,3275,0
12/12/2017,24460,20
13/12/2017,4657,20
14/12/2017,10995,33
15/12/2017,4200,0
16/12/2017,18926,20
17/12/2017,16330,0
18/12/2017,7167,20
19/12/2017,27057,20
20/12/2017,20379,20
21/12/2017,18797,20
22/12/2017,12847,20
23/12/2017,15070,0
24/12/2017,13935,0
25/12/2017,33026,20
26/12/2017,14386,35
27/12/2017,23462,20
28/12/2017,12299,20
29/12/2017,17687,20
30/12/2017,13055,0
31/12/2017,840,0
01/01/2018,12948,20
02/01/2018,10530,0
03/01/2018,26292,20
04/01/2018,14784,20
05/01/2018,975,0
06/01/2018,30108,40
07/01/2018,1300,0
08/01/2018,2580,0
09/01/2018,19444,20
10/01/2018,6846,20
11/01/2018,2135,0
12/01/2018,9145,0
13/01/2018,7560,20
14/01/2018,5720,0
15/01/2018,2940,0
16/01/2018,9174,20
17/01/2018,5930,0
18/01/2018,9715,0
19/01/2018,10948,20
20/01/2018,29192,20
21/01/2018,10330,0
22/01/2018,6982,20
23/01/2018,8642,20
24/01/2018,1390,0
25/01/2018,17215,0
26/01/2018,23260,20
27/01/2018,12340,33
28/01/2018,7682,20
29/01/2018,2180,0
30/01/2018,6355,0
31/01/2018,7030,20
01/02/2018,17707,20
02/02/2018,10362,20
03/02/2018,6260,0
04/02/2018,12538,20
05/02/2018,26721,20
06/02/2018,14207,20
07/02/2018,12642,20
08/02/2018,10920,0
09/02/2018,29810,0
10/02/2018,16545,20
11/02/2018,28597,20
12/02/2018,21563,20
13/02/2018,7858,20
14/02/2018,695,0
15/02/2018,13342,20
16/02/2018,12628,20
17/02/2018,6275,0
18/02/2018,26332,20
19/02/2018,5210,20
20/02/2018,4522,20
21/02/2018,12289,20
22/02/2018,12772,20
23/02/2018,5075,0
24/02/2018,10685,0
25/02/2018,18650,0
26/02/2018,6457,20
27/02/2018,9884,20
28/02/2018,5822,20
01/03/2018,22076,20
02/03/2018,10705,0
03/03/2018,13967,20
04/03/2018,6720,0
05/03/2018,6810,0
06/03/2018,22944,20
07/03/2018,4990,0
08/03/2018,12661,20
09/03/2018,4805,0
10/03/2018,17885,0
11/03/2018,2190,0
12/03/2018,4982,20
13/03/2018,200,0
14/03/2018,7462,20
15/03/2018,6975,0
16/03/2018,14075,0
17/03/2018,13050,0
18/03/2018,8050,0
19/03/2018,28400,0
20/03/2018,13780,20
21/03/2018,7066,20
22/03/2018,580,0
23/03/2018,9526,23
24/03/2018,14597,20
25/03/2018,11775,0
26/03/2018,4777,23
27/03/2018,2900,0
28/03/2018,650,0
29/03/2018,9705,50
30/03/2018,43827,20
31/03/2018,18497,20
01/04/2018,3380,0
02/04/2018,17490,0
03/04/2018,12598,50
04/04/2018,15982,20
05/04/2018,6440,0
06/04/2018,5640,0
07/04/2018,12025,0
08/04/2018,15325,0
09/04/2018,17287,20
10/04/2018,7756,20
11/04/2018,7737,20
12/04/2018,6870,0
13/04/2018,2545,0
14/04/2018,8752,20
15/04/2018,34824,20
16/04/2018,8649,20
17/04/2018,5700,0
18/04/2018,8325,0
19/04/2018,9765,0
20/04/2018,7034,20
21/04/2018,11530,0
22/04/2018,2080,0
23/04/2018,5552,20
24/04/2018,6925,0
25/04/2018,1160,0
26/04/2018,16055,0
27/04/2018,4490,0
28/04/2018,9202,20
29/04/2018,16655,20
30/04/2018,11882,20
01/05/2018,14312,20
02/05/2018,1740,0
03/05/2018,15811,20
04/05/2018,23750,50
05/05/2018,30102,20
06/05/2018,7760,0
07/05/2018,7695,0
08/05/2018,200,0
09/05/2018,4205,0
10/05/2018,22375,0
11/05/2018,9590,0
12/05/2018,20210,0
13/05/2018,13125,0
14/05/2018,19275,0
15/05/2018,2610,0
16/05/2018,14975,0
17/05/2018,7590,0
18/05/2018,9215,0
19/05/2018,750,0
20/05/2018,3500,0
21/05/2018,5985,0
22/05/2018,2255,0
23/05/2018,2820,0
24/05/2018,5665,0
25/05/2018,2340,0
26/05/2018,10220,0
27/05/2018,10965,0
28/05/2018,7870,0
29/05/2018,4610,0
30/05/2018,4870,0
31/05/2018,20655,0
01/06/2018,12630,0
02/06/2018,14785,0
03/06/2018,19685,0
04/06/2018,37345,0
05/06/2018,4580,0
06/06/2018,21290,0
07/06/2018,30040,20
08/06/2018,34275,0
09/06/2018,52175,0
10/06/2018,27005,0
11/06/2018,38760,0
12/06/2018,49950,0
13/06/2018,41510,0
14/06/2018,38520,0
15/06/2018,23940,0
16/06/2018,9685,0
18/06/2018,10220,0
19/06/2018,35540,0
20/06/2018,23920,0
21/06/2018,29285,0
22/06/2018,35230,0
23/06/2018,20000,0
24/06/2018,23880,0
25/06/2018,8170,0
26/06/2018,16940,0
27/06/2018,15505,0
28/06/2018,12220,0
29/06/2018,19207,31
30/06/2018,23630,0
01/07/2018,10665,0
02/07/2018,11010,0
03/07/2018,6785,0
04/07/2018,35450,0
05/07/2018,8620,0
06/07/2018,30475,0
07/07/2018,17255,0
08/07/2018,31190,0
09/07/2018,13790,0
10/07/2018,4450,0
11/07/2018,18095,50
12/07/2018,26477,0
13/07/2018,8645,0
14/07/2018,26470,0
15/07/2018,11785,0
16/07/2018,15015,0
17/07/2018,29850,0
18/07/2018,16050,0
19/07/2018,9930,0
20/07/2018,18035,0
21/07/2018,34547,0
22/07/2018,7289,0
23/07/2018,17485,0
24/07/2018,18630,0
25/07/2018,1550,0
26/07/2018,2890,0
27/07/2018,12370,0
28/07/2018,20536,0
29/07/2018,33844,0
30/07/2018,22720,0
31/07/2018,14500,0
01/08/2018,42635,0
02/08/2018,26825,20
03/08/2018,17500,0
04/08/2018,17285,0
05/08/2018,15315,0
06/08/2018,10430,0
07/08/2018,17755,0
08/08/2018,13040,0
09/08/2018,34646,0
10/08/2018,400,0
11/08/2018,14446,14
12/08/2018,14695,14
13/08/2018,51077,14
14/08/2018,12239,14
15/08/2018,7764,14
16/08/2018,12645,0
17/08/2018,16795,0
18/08/2018,11120,0
19/08/2018,13060,50
20/08/2018,19255,0
21/08/2018,15890,0
24/08/2018,7025,0
25/08/2018,5070,0
26/08/2018,8035,0
27/08/2018,11530,0
28/08/2018,16900,0
29/08/2018,27480,0
30/08/2018,11000,0
31/08/2018,18865,0
01/09/2018,16090,0
02/09/2018,6550,50
03/09/2018,21005,0
04/09/2018,28865,0
05/09/2018,17795,0
06/09/2018,7140,0
07/09/2018,19300,0
08/09/2018,5625,0
09/09/2018,11805,0
10/09/2018,5785,0
11/09/2018,6450,0
12/09/2018,7135,0
13/09/2018,10570,0
14/09/2018,21895,0
15/09/2018,15165,0
16/09/2018,22841,0
17/09/2018,19880,0
18/09/2018,10425,0
19/09/2018,18280,0
22/09/2018,55135,0
23/09/2018,9355,0
24/09/2018,14160,0
25/09/2018,22140,0
26/09/2018,13155,0
27/09/2018,28985,0
28/09/2018,9350,0
29/09/2018,24055,0
30/09/2018,11590,0
01/10/2018,1945,50
02/10/2018,8370,0
03/10/2018,13040,0
04/10/2018,7495,0
05/10/2018,7320,0
06/10/2018,22665,0
07/10/2018,14210,0
08/10/2018,2140,0
09/10/2018,26630,0
10/10/2018,7015,0
11/10/2018,25395,0
12/10/2018,23930,0
13/10/2018,11402,0
14/10/2018,16025,20
15/10/2018,13761,0
16/10/2018,19958,30
17/10/2018,6910,17
18/10/2018,16144,20
19/10/2018,46275,17
20/10/2018,36500,15
21/10/2018,20744,18
22/10/2018,3044,15
23/10/2018,12742,22
24/10/2018,11365,15
25/10/2018,15930,15
26/10/2018,6978,15
27/10/2018,10013,15
28/10/2018,32304,15
29/10/2018,32951,17
30/10/2018,4781,15
31/10/2018,8658,18
01/11/2018,11957,15
02/11/2018,20026,22
03/11/2018,22937,20
04/11/2018,14970,20
05/11/2018,16049,15
06/11/2018,3793,15
07/11/2018,22182,15
08/11/2018,16475,17
09/11/2018,9025,25
10/11/2018,18373,23
11/11/2018,11429,15
12/11/2018,6989,15
13/11/2018,11731,15
14/11/2018,7553,15
15/11/2018,5877,15
16/11/2018,638,15
17/11/2018,31075,15
18/11/2018,11578,19
19/11/2018,6608,15
20/11/2018,21243,15
21/11/2018,8598,15
22/11/2018,9728,17
23/11/2018,42231,23
24/11/2018,27563,16
25/11/2018,29769,17
26/11/2018,13385,15
27/11/2018,16250,15
28/11/2018,8967,15
29/11/2018,6395,15
30/11/2018,7484,15
01/12/2018,13607,20
02/12/2018,10721,15
03/12/2018,17374,15
04/12/2018,17404,24
05/12/2018,15322,18
06/12/2018,17730,20
07/12/2018,14272,15
08/12/2018,25785,15
09/12/2018,11932,17
11/12/2018,35070,18
12/12/2018,20650,17
13/12/2018,39027,16
14/12/2018,32574,16
15/12/2018,38241,16
16/12/2018,9262,15
17/12/2018,9566,15
18/12/2018,28262,16
19/12/2018,23183,17
20/12/2018,19458,17
21/12/2018,17805,15
22/12/2018,17195,17
23/12/2018,6859,17
24/12/2018,30342,20
25/12/2018,22570,15
26/12/2018,15676,17
27/12/2018,5941,15
28/12/2018,12797,15
29/12/2018,5076,15
30/12/2018,10634,23
31/12/2018,23564,18
01/01/2019,34606,16
02/01/2019,37400,17
03/01/2019,7012,22
04/01/2019,7729,15
05/01/2019,11335,19
06/01/2019,9246,15
07/01/2019,10614,15
08/01/2019,11197,15
09/01/2019,11031,15
10/01/2019,1488,15
11/01/2019,14304,15
12/01/2019,12378,15
13/01/2019,12704,15
14/01/2019,25108,15
15/01/2019,18028,15
16/01/2019,9251,15
17/01/2019,4625,15
18/01/2019,18657,21
19/01/2019,8488,15
20/01/2019,16877,20
21/01/2019,842,15
23/01/2019,21728,15
24/01/2019,15426,15
25/01/2019,12368,15
26/01/2019,9062,15
27/01/2019,10483,15
28/01/2019,12821,15
29/01/2019,9192,15
30/01/2019,38465,22
31/01/2019,5587,17
01/02/2019,30731,16
02/02/2019,30777,15
03/02/2019,41053,15
04/02/2019,4196,15
05/02/2019,18667,22
06/02/2019,27583,15
07/02/2019,3940,15
08/02/2019,18036,18
09/02/2019,37077,15
10/02/2019,12191,19
11/02/2019,5547,15
12/02/2019,16351,15
13/02/2019,16720,15
14/02/2019,13529,17
15/02/2019,9152,15
16/02/2019,12159,18
17/02/2019,21168,17
18/02/2019,8176,15
19/02/2019,21344,17
20/02/2019,6098,15
21/02/2019,19257,15
22/02/2019,30129,16
23/02/2019,12708,15
24/02/2019,30070,17
25/02/2019,13026,15
26/02/2019,12722,15
27/02/2019,16834,21
28/02/2019,12387,15
01/03/2019,44148,17
02/03/2019,17324,15
03/03/2019,35365,15
04/03/2019,13505,15
05/03/2019,20942,15
06/03/2019,64691,15
07/03/2019,36379,18
08/03/2019,19453,18
09/03/2019,20186,15
10/03/2019,11878,15
11/03/2019,11041,15
12/03/2019,8776,15
13/03/2019,12901,15
14/03/2019,11268,21
15/03/2019,18863,17
16/03/2019,10579,15
17/03/2019,27078,15
18/03/2019,25439,15
19/03/2019,29332,15
20/03/2019,9494,20
21/03/2019,12367,15
22/03/2019,17210,15
23/03/2019,18848,15
24/03/2019,11682,15
25/03/2019,4706,15
26/03/2019,11213,15
27/03/2019,4851,15
28/03/2019,7546,15
29/03/2019,16847,15
30/03/2019,9055,15
31/03/2019,17641,15
01/04/2019,10747,15
02/04/2019,6737,15
03/04/2019,17000,15
04/04/2019,5484,15
05/04/2019,15957,22
06/04/2019,20043,15
07/04/2019,11983,17
08/04/2019,7356,15
09/04/2019,3470,15
10/04/2019,13381,15
11/04/2019,22710,17
12/04/2019,38415,15
13/04/2019,31498,15
14/04/2019,17779,15
15/04/2019,15778,17
16/04/2019,23126,16
17/04/2019,13415,15
18/04/2019,3874,15
19/04/2019,16213,15
20/04/2019,32464,15
21/04/2019,2998,15
22/04/2019,11056,15
23/04/2019,16738,15
24/04/2019,24980,15
25/04/2019,3185,15
26/04/2019,16701,15
27/04/2019,13703,15
28/04/2019,12508,15
29/04/2019,4814,15
30/04/2019,8951,15
01/05/2019,16741,15
02/05/2019,4393,15
03/05/2019,13489,15
04/05/2019,8118,27
05/05/2019,26426,15
06/05/2019,2580,0
07/05/2019,5150,0
08/05/2019,2279,15
09/05/2019,7639,20
10/05/2019,3788,15
11/05/2019,12789,15
12/05/2019,4893,15
13/05/2019,4430,15
14/05/2019,5625,23
15/05/2019,1437,15
16/05/2019,3633,15
17/05/2019,10479,15
18/05/2019,28161,15
19/05/2019,24347,15
20/05/2019,18367,15
21/05/2019,6324,15
22/05/2019,11505,15
23/05/2019,10445,20
24/05/2019,3884,15
25/05/2019,15643,15
26/05/2019,9208,15
27/05/2019,13169,15
28/05/2019,27542,18
29/05/2019,12384,15
30/05/2019,26381,17
31/05/2019,48121,15
01/06/2019,40372,15
02/06/2019,18465,15
03/06/2019,18753,17
04/06/2019,51509,15
07/06/2019,14900,15
08/06/2019,22613,15
09/06/2019,4445,0
10/06/2019,18692,15
11/06/2019,44670,15
12/06/2019,29926,18
13/06/2019,14969,15
14/06/2019,39144,16
15/06/2019,11922,18
16/06/2019,24344,15
17/06/2019,11977,15
18/06/2019,16069,15
19/06/2019,5415,15
20/06/2019,14584,20
21/06/2019,3426,15
22/06/2019,13327,15
23/06/2019,3043,15
24/06/2019,16145,15
25/06/2019,19217,15
26/06/2019,16890,17
27/06/2019,11098,23
28/06/2019,17795,45
29/06/2019,35597,50
30/06/2019,9774,0
01/07/2019,18829,50
02/07/2019,14316,50
03/07/2019,11690,0
04/07/2019,12405,50
05/07/2019,48544,50
06/07/2019,25128,50
07/07/2019,23631,50
08/07/2019,19528,50
09/07/2019,19510,37
10/07/2019,7448,50
11/07/2019,17415,50
12/07/2019,21189,50
13/07/2019,26070,50
14/07/2019,11427,32
15/07/2019,17369,50
16/07/2019,10831,50
17/07/2019,21209,50
18/07/2019,20154,0
19/07/2019,18618,47
20/07/2019,20668,50
21/07/2019,33481,50
22/07/2019,22688,50
23/07/2019,27940,50
24/07/2019,5289,50
25/07/2019,6692,0
26/07/2019,26728,50
27/07/2019,33910,50
28/07/2019,26479,50
29/07/2019,24791,50
30/07/2019,7365,50
31/07/2019,19707,40
01/08/2019,28052,43
02/08/2019,27853,50
03/08/2019,24307,42
04/08/2019,25612,50
05/08/2019,12596,50
06/08/2019,13041,50
07/08/2019,63437,50
08/08/2019,19281,50
09/08/2019,28222,45
10/08/2019,42200,50
11/08/2019,24975,50
12/08/2019,3372,0
14/08/2019,1100,0
15/08/2019,11207,0
16/08/2019,29776,28
17/08/2019,30838,48
18/08/2019,15965,45
19/08/2019,14981,40
20/08/2019,13105,50
21/08/2019,11466,0
22/08/2019,5675,50
23/08/2019,17545,0
24/08/2019,57916,50
25/08/2019,13650,48
26/08/2019,12475,50
27/08/2019,410,0
28/08/2019,23156,50
29/08/2019,15701,0
30/08/2019,15860,0
31/08/2019,17080,45
01/09/2019,30682,27
02/09/2019,10791,50
03/09/2019,13626,40
04/09/2019,21874,0
05/09/2019,3970,0
06/09/2019,3315,0
07/09/2019,34766,50
08/09/2019,33593,44
11/09/2019,38756,50
12/09/2019,34773,50
13/09/2019,28990,50
14/09/2019,20519,45
15/09/2019,36985,48
16/09/2019,6970,0
17/09/2019,16575,50
18/09/2019,33876,0
19/09/2019,7335,50
20/09/2019,15597,0
21/09/2019,43803,50
22/09/2019,41138,40
23/09/2019,13096,50
24/09/2019,9956,50
25/09/2019,6670,0
26/09/2019,18070,50
27/09/2019,57318,50
28/09/2019,14016,50
29/09/2019,31369,50
30/09/2019,6660,0
01/10/2019,20058,45
02/10/2019,30536,50
03/10/2019,22620,50
04/10/2019,22477,0
05/10/2019,20878,50
06/10/2019,20980,50
07/10/2019,29815,50
08/10/2019,11136,50
09/10/2019,3150,50
10/10/2019,5755,50
11/10/2019,11190,50
12/10/2019,26686,50
13/10/2019,28922,50
14/10/2019,17990,50
15/10/2019,31192,50
16/10/2019,20877,50
17/10/2019,14800,50
18/10/2019,1735,0
19/10/2019,19367,0
20/10/2019,18169,45
21/10/2019,26007,0
22/10/2019,27035,50
23/10/2019,3555,0
24/10/2019,10835,50
25/10/2019,43937,50
26/10/2019,15400,50
27/10/2019,21614,20
28/10/2019,13091,50
29/10/2019,17008,50
30/10/2019,16305,50
31/10/2019,31176,50
01/11/2019,13645,50
02/11/2019,26241,50
03/11/2019,20402,50
04/11/2019,21505,50
05/11/2019,18752,50
06/11/2019,27067,50
07/11/2019,8980,0
08/11/2019,12315,50
09/11/2019,34667,50
10/11/2019,57962,50
11/11/2019,53406,50
12/11/2019,61717,38
13/11/2019,13351,0
14/11/2019,9131,50
15/11/2019,31597,40
16/11/2019,28956,50
17/11/2019,18962,50
18/11/2019,28202,50
19/11/2019,17622,0
20/11/2019,22126,50
21/11/2019,43971,0
22/11/2019,34315,50
23/11/2019,25795,48
24/11/2019,29720,50
25/11/2019,7925,50
26/11/2019,19960,50
27/11/2019,8110,50
28/11/2019,49732,20
29/11/2019,61196,30
30/11/2019,65001,31
01/12/2019,24197,43
02/12/2019,16672,36
03/12/2019,21675,50
04/12/2019,33556,50
05/12/2019,7365,0
06/12/2019,19585,50
07/12/2019,19595,50
08/12/2019,31438,50
09/12/2019,11542,0
10/12/2019,15265,0
11/12/2019,11465,50
12/12/2019,13906,0
13/12/2019,25419,50
14/12/2019,34667,50
15/12/2019,59509,50
16/12/2019,30201,48
17/12/2019,33175,50
18/12/2019,46601,50
19/12/2019,18591,50
20/12/2019,7045,50
21/12/2019,37818,50
22/12/2019,40241,50
23/12/2019,10610,50
24/12/2019,25262,50
25/12/2019,27846,50
26/12/2019,26427,23
27/12/2019,42692,50
28/12/2019,64448,50
29/12/2019,22172,32
30/12/2019,20475,50
31/12/2019,14241,50
01/01/2020,15621,0
02/01/2020,18431,50
03/01/2020,19823,37
04/01/2020,27424,48
05/01/2020,21448,31
06/01/2020,15023,25
07/01/2020,22155,0
08/01/2020,14297,50
09/01/2020,8555,0
10/01/2020,22750,50
11/01/2020,24099,37
12/01/2020,28865,50
13/01/2020,13265,50
14/01/2020,20370,50
15/01/2020,13931,50
16/01/2020,16882,50
17/01/2020,27623,50
18/01/2020,11705,50
19/01/2020,67897,40
20/01/2020,27887,38
21/01/2020,14119,50
22/01/2020,28676,32
23/01/2020,13920,50
24/01/2020,20958,41
25/01/2020,7765,0
26/01/2020,24938,45
27/01/2020,9915,50
28/01/2020,13986,50
29/01/2020,50289,50
30/01/2020,7030,50
31/01/2020,21718,50
01/02/2020,18010,50
02/02/2020,43305,43
03/02/2020,14187,50
04/02/2020,21807,50
05/02/2020,10898,0
06/02/2020,22121,50
07/02/2020,16072,50
08/02/2020,20573,41
09/02/2020,22386,50
10/02/2020,13459,50
11/02/2020,15526,50
12/02/2020,4325,50
13/02/2020,27119,46
14/02/2020,30855,42
15/02/2020,50735,50
16/02/2020,18830,50
17/02/2020,21795,0
18/02/2020,14071,50
19/02/2020,26306,50
20/02/2020,32828,50
21/02/2020,32733,50
22/02/2020,20212,50
23/02/2020,16948,50
24/02/2020,15768,50
25/02/2020,10360,50
26/02/2020,19846,50
27/02/2020,22050,50
28/02/2020,58189,50
29/02/2020,23169,37
01/03/2020,20207,50
02/03/2020,44167,50
03/03/2020,9505,0
04/03/2020,29216,50
05/03/2020,43227,48
06/03/2020,4400,50
07/03/2020,28776,50
08/03/2020,18631,50
09/03/2020,12780,50
10/03/2020,24326,50
11/03/2020,9765,50
12/03/2020,15974,37
13/03/2020,9056,50
14/03/2020,12735,50
15/03/2020,8678,50
16/03/2020,22132,0
17/03/2020,9597,50
18/03/2020,19876,50
19/03/2020,8280,0
20/03/2020,7501,0
01/05/2020,13221,25
18/05/2020,36559,43
19/05/2020,51716,50
20/05/2020,43078,50
21/05/2020,38077,50
22/05/2020,73117,50
23/05/2020,41806,50
27/05/2020,9905,0
28/05/2020,13310,0
30/05/2020,11424,0
31/05/2020,8280,50
01/06/2020,14295,50
02/06/2020,4080,50
03/06/2020,11066,0
04/06/2020,20781,50
05/06/2020,21365,50
08/06/2020,13286,50
09/06/2020,17325,50
10/06/2020,6589,0
11/06/2020,22010,0
12/06/2020,13555,0
15/06/2020,5760,0
16/06/2020,6370,0
17/06/2020,6859,50
18/06/2020,6105,50
19/06/2020,17230,50
22/06/2020,9436,0
23/06/2020,14865,50
24/06/2020,20391,50
06/07/2020,3155,0
07/07/2020,46697,50
08/07/2020,14650,0
09/07/2020,24158,44
10/07/2020,28100,50
13/07/2020,45133,0
14/07/2020,16340,50
15/07/2020,15441,0
16/07/2020,8385,0
17/07/2020,14155,0
20/07/2020,21980,0
21/07/2020,13925,0
22/07/2020,12800,0
23/07/2020,29007,50
24/07/2020,29665,0
27/07/2020,63535,50
03/08/2020,17733,11
04/08/2020,17640,50
05/08/2020,26365,0
06/08/2020,9715,50
07/08/2020,14421,50
10/08/2020,34923,44
11/08/2020,31041,50
12/08/2020,25411,50
13/08/2020,20835,0
14/08/2020,8665,50
15/08/2020,24352,50
16/08/2020,23786,44
17/08/2020,22160,50
18/08/2020,18830,50
19/08/2020,12800,50
20/08/2020,7925,50
21/08/2020,18583,0
22/08/2020,26120,50
23/08/2020,13605,50
24/08/2020,11205,50
25/08/2020,7085,50
26/08/2020,24762,50
27/08/2020,8135,50
28/08/2020,7850,50
31/08/2020,36830,0
01/09/2020,65378,50
02/09/2020,16115,50
03/09/2020,8710,50
04/09/2020,13146,50
05/09/2020,22075,0
06/09/2020,21147,50
07/09/2020,40931,50
08/09/2020,17610,50
09/09/2020,21542,50
10/09/2020,19460,0
11/09/2020,21855,50
12/09/2020,55015,50
13/09/2020,12235,50
14/09/2020,12490,0
15/09/2020,24300,50
16/09/2020,18705,50
17/09/2020,21180,0
18/09/2020,9235,50
19/09/2020,35520,50
20/09/2020,24295,50
21/09/2020,11786,50
22/09/2020,46790,50
23/09/2020,20300,50
24/09/2020,29832,50
25/09/2020,11300,50
26/09/2020,28005,50
27/09/2020,18965,50
28/09/2020,17890,50
29/09/2020,14385,50
30/09/2020,42210,50
01/10/2020,6980,0
02/10/2020,21435,50
03/10/2020,28010,50
04/10/2020,56025,50
05/10/2020,11645,0
06/10/2020,49121,50
07/10/2020,28585,50
08/10/2020,21836,50
09/10/2020,22803,50
10/10/2020,17360,50
11/10/2020,10395,50
12/10/2020,7890,0
13/10/2020,11901,0
14/10/2020,11202,50
15/10/2020,22085,50
16/10/2020,27641,0
17/10/2020,30700,50
18/10/2020,22225,50
19/10/2020,30678,50
20/10/2020,18673,0
21/10/2020,15345,50
22/10/2020,10120,50
23/10/2020,19185,50
24/10/2020,21118,37
25/10/2020,6215,50
29/10/2020,0,0
31/10/2020,0,0
08/11/2020,26178,50
09/11/2020,9816,32
10/11/2020,31011,40
11/11/2020,48080,44
12/11/2020,22635,34
13/11/2020,52990,26
14/11/2020,24706,37
15/11/2020,17077,26
16/11/2020,7416,20
17/11/2020,12508,40
18/11/2020,18667,20
19/11/2020,23383,31
20/11/2020,4361,0
21/11/2020,28436,27
22/11/2020,5154,40
23/11/2020,12219,26
24/11/2020,72835,30
25/11/2020,42576,22
26/11/2020,34137,27
27/11/2020,16128,28
28/11/2020,33847,33
29/11/2020,22611,30
30/11/2020,24268,26
01/12/2020,31793,21
02/12/2020,19068,30
03/12/2020,37473,28
04/12/2020,12096,27
05/12/2020,31563,21
06/12/2020,7292,20
07/12/2020,14795,26
08/12/2020,22041,30
09/12/2020,10656,30
10/12/2020,8082,26
11/12/2020,26421,24
12/12/2020,16514,20
13/12/2020,3170,20
14/12/2020,19572,38
15/12/2020,20306,21
16/12/2020,16081,27
17/12/2020,9109,27
18/12/2020,29020,30
19/12/2020,14295,21
20/12/2020,16062,26
21/12/2020,24880,28
22/12/2020,13254,30
23/12/2020,18966,25
24/12/2020,22207,21
25/12/2020,4905,40
26/12/2020,28684,22
27/12/2020,16263,26
28/12/2020,20847,22
29/12/2020,5370,20
30/12/2020,38619,25
31/12/2020,20456,25
01/01/2021,11059,28
02/01/2021,55089,33
03/01/2021,32938,26
04/01/2021,13289,38
05/01/2021,17311,36
06/01/2021,1655,0
07/01/2021,20561,28
08/01/2021,20381,37
09/01/2021,26828,37
10/01/2021,19911,31
11/01/2021,9904,35
12/01/2021,24151,30
13/01/2021,15481,33
14/01/2021,16148,20
15/01/2021,32694,27
16/01/2021,19992,34
17/01/2021,12858,27
18/01/2021,5962,32
19/01/2021,7118,40
20/01/2021,4070,40
21/01/2021,26494,40
22/01/2021,29020,27
23/01/2021,29621,36
24/01/2021,44181,32
25/01/2021,43662,28
26/01/2021,11955,20
27/01/2021,15098,26
28/01/2021,12943,20
29/01/2021,21852,28
30/01/2021,27916,30
31/01/2021,20997,28
01/02/2021,16106,48
02/02/2021,25130,35
03/02/2021,1090,0
04/02/2021,33393,30
05/02/2021,34179,31
06/02/2021,41789,32
07/02/2021,20276,30
08/02/2021,17357,32
09/02/2021,54859,30
10/02/2021,24950,40
11/02/2021,14822,34
12/02/2021,5985,20
13/02/2021,37034,29
14/02/2021,14399,37
15/02/2021,18072,46
16/02/2021,33146,20
17/02/2021,1741,0
18/02/2021,4283,40
19/02/2021,23708,32
20/02/2021,23395,20
21/02/2021,8315,20
22/02/2021,4917,30
23/02/2021,25829,27
24/02/2021,9489,0
25/02/2021,7367,27
26/02/2021,13949,26
27/02/2021,30239,26
28/02/2021,61377,30
01/03/2021,41939,33
02/03/2021,36610,26
03/03/2021,11397,20
04/03/2021,14499,50
05/03/2021,6675,20
06/03/2021,22461,28
07/03/2021,6776,26
08/03/2021,11070,35
09/03/2021,24315,32
10/03/2021,9440,40
11/03/2021,10496,30
12/03/2021,19907,25
13/03/2021,21205,30
15/03/2021,8507,50
16/03/2021,3079,38
17/03/2021,6858,40
18/03/2021,29551,30
19/03/2021,4710,30
22/03/2021,19798,33
23/03/2021,27795,33
24/03/2021,8411,0
25/03/2021,19600,30
26/03/2021,33039,28
29/03/2021,23968,27
30/03/2021,5114,30
31/03/2021,56963,30
01/04/2021,14164,30
02/04/2021,8606,0
05/04/2021,11418,30
06/04/2021,12099,30
07/04/2021,12214,25
08/04/2021,18616,26
09/04/2021,26123,27
12/04/2021,9383,20
13/04/2021,9585,20
14/04/2021,8163,27
15/04/2021,13279,32
16/04/2021,4053,20
19/04/2021,7929,30
20/04/2021,10255,30
21/04/2021,3323,0
22/04/2021,35208,26
23/04/2021,4146,0
26/04/2021,8599,20
27/04/2021,24861,29
28/04/2021,4289,30
29/04/2021,20638,25
30/04/2021,11448,30
03/05/2021,37484,34
04/05/2021,33122,29
05/05/2021,11791,0
06/05/2021,6110,0
07/05/2021,42460,31
17/05/2021,9436,50
18/05/2021,4975,50
19/05/2021,4512,20
20/05/2021,10751,30
21/05/2021,21895,23
24/05/2021,11571,24
25/05/2021,11020,0
26/05/2021,18012,35
27/05/2021,8512,42
28/05/2021,11312,20
31/05/2021,43213,25
01/06/2021,16413,30
02/06/2021,17151,25
03/06/2021,11658,20
04/06/2021,16527,25
07/06/2021,14094,23
08/06/2021,28267,31
09/06/2021,13632,20
10/06/2021,11829,22
11/06/2021,8702,20
14/06/2021,17492,20
15/06/2021,20047,35
16/06/2021,14711,20
17/06/2021,19548,26
18/06/2021,63345,27
19/06/2021,30097,30
21/06/2021,31950,40
22/06/2021,26360,20
23/06/2021,9262,26
24/06/2021,16394,20
25/06/2021,12788,26
26/06/2021,12725,50
28/06/2021,7088,20
29/06/2021,19735,27
30/06/2021,35870,24
01/07/2021,11135,50
02/07/2021,8256,20
03/07/2021,27816,23
05/07/2021,11072,20
06/07/2021,34737,40
07/07/2021,42895,25
08/07/2021,17136,20
09/07/2021,3420,0
10/07/2021,43192,20
12/07/2021,63314,22
13/07/2021,33952,20
14/07/2021,27785,21
15/07/2021,25334,33
16/07/2021,29437,22
17/07/2021,29279,28
19/07/2021,37935,21
20/07/2021,53610,27
23/07/2021,9457,23
24/07/2021,8433,30
26/07/2021,5045,25
27/07/2021,18642,20
28/07/2021,17125,27
29/07/2021,14134,20
30/07/2021,20190,25
31/07/2021,25405,25
02/08/2021,4398,40
03/08/2021,9632,20
04/08/2021,12314,32
05/08/2021,23495,20
06/08/2021,28801,24
09/08/2021,15992,35
10/08/2021,13235,0
11/08/2021,27510,25
12/08/2021,7024,20
13/08/2021,9432,20
16/08/2021,19336,20
17/08/2021,10732,20
20/08/2021,18745,25
23/08/2021,3040,0
24/08/2021,28541,27
25/08/2021,9478,20
26/08/2021,11651,27
27/08/2021,7772,20
30/08/2021,34528,20
31/08/2021,12992,20
01/09/2021,2790,0
02/09/2021,24154,23
03/09/2021,45052,24
06/09/2021,18053,30
07/09/2021,43515,23
08/09/2021,43454,30
09/09/2021,30452,20
10/09/2021,36271,25
13/09/2021,40210,28
14/09/2021,46384,22
15/09/2021,18882,20
16/09/2021,13572,28
17/09/2021,26208,20
20/09/2021,10014,20
21/09/2021,59231,26
22/09/2021,14697,20
23/09/2021,20204,20
24/09/2021,9711,27
25/09/2021,21371,22
27/09/2021,15308,25
28/09/2021,14762,20
29/09/2021,21209,26
30/09/2021,30911,20
01/10/2021,28044,20
02/10/2021,23520,22
04/10/2021,10104,20
05/10/2021,51049,21
06/10/2021,12192,30
07/10/2021,61072,21
08/10/2021,3005,0
09/10/2021,25118,32
11/10/2021,24758,21
12/10/2021,26896,27
13/10/2021,47425,26
14/10/2021,22986,21
15/10/2021,8677,25
16/10/2021,32656,23
17/10/2021,4190,0
18/10/2021,20087,30
19/10/2021,3340,0
20/10/2021,17505,20
21/10/2021,21816,20
22/10/2021,28750,26
23/10/2021,27242,23
24/10/2021,1245,50
25/10/2021,14740,20
26/10/2021,27542,20
27/10/2021,32404,20
28/10/2021,16924,22
29/10/2021,5192,20
30/10/2021,35698,20
31/10/2021,21541,30
01/11/2021,58450,20
02/11/2021,11368,20
03/11/2021,2192,20
04/11/2021,16136,20
05/11/2021,3707,20
06/11/2021,34407,21
07/11/2021,21934,23
08/11/2021,6890,0
09/11/2021,21172,35
10/11/2021,10817,20
11/11/2021,11692,25
12/11/2021,9352,20
13/11/2021,38518,20
14/11/2021,21367,35
15/11/2021,9185,0
16/11/2021,35431,20
17/11/2021,29173,20
18/11/2021,23820,24
19/11/2021,15440,42
20/11/2021,7385,40
21/11/2021,35019,42
22/11/2021,23910,50
23/11/2021,18462,42
24/11/2021,12402,35
25/11/2021,23054,37
26/11/2021,18166,32
27/11/2021,23733,38
28/11/2021,7995,50
29/11/2021,14282,40
30/11/2021,10928,43
01/12/2021,8909,30
