Date,Price,Open,High,Low,Change %
"Dec 01, 2021",174.98,176.1,176.1,174.8,-0.42%
"Nov 30, 2021",175.72,176.5,176.575,174.6,-0.16%
"Nov 29, 2021",176,176.15,176.66,175.1,0.40%
"Nov 26, 2021",175.3,175.555,176.735,174.5,0.11%
"Nov 25, 2021",175.11,175.65,175.65,174.6,-0.11%
"Nov 24, 2021",175.3,175.275,175.66,174.05,0.43%
"Nov 23, 2021",174.55,175.25,175.285,173.45,0.03%
"Nov 22, 2021",174.5,174.85,175.46,171.3,-0.13%
"Nov 19, 2021",174.73,175.2,175.45,173.08,0.19%
"Nov 18, 2021",174.4,175.125,175.21,173.25,0.09%
"Nov 17, 2021",174.25,173.75,175.385,173,0.00%
"Nov 16, 2021",174.25,175.1,175.55,173.55,0.03%
"Nov 15, 2021",174.2,175.625,175.75,173.75,-0.60%
"Nov 12, 2021",175.25,173.75,175.775,172.775,1.01%
"Nov 11, 2021",173.5,172.45,174.15,172.45,0.73%
"Nov 10, 2021",172.25,171.25,173,171.25,0.77%
"Nov 09, 2021",170.93,170.25,171.95,170.25,0.67%
"Nov 08, 2021",169.8,169.78,170.675,169.74,0.12%
"Nov 05, 2021",169.6,170.075,170.18,169.45,0.01%
"Nov 04, 2021",169.58,169.7,170.6,169.4,0.02%
"Nov 03, 2021",169.54,170.15,170.445,169.19,-0.20%
"Nov 02, 2021",169.88,170.95,171.93,169.7,-0.79%
"Nov 01, 2021",171.24,171.4,172.045,170.45,-0.18%
"Oct 30, 2021",171.55,171.7,171.7,171.7,0.69%
"Oct 29, 2021",170.38,171.95,172.185,170.865,-0.80%
"Oct 28, 2021",171.75,173.225,173.235,171.4,-1.15%
"Oct 27, 2021",173.75,175.3,175.525,172.45,-0.49%
"Oct 26, 2021",174.6,174.65,175.535,174.2,0.17%
"Oct 25, 2021",174.3,173.78,174.66,173.5,0.20%
"Oct 22, 2021",173.95,173.6,174.56,173.2,0.43%
"Oct 21, 2021",173.2,173.6,174.075,172.4,0.00%
"Oct 20, 2021",173.2,172.625,173.67,172.35,0.55%
"Oct 19, 2021",172.25,172.5,172.655,172.29,0.15%
"Oct 18, 2021",172,170.5,173.15,170.5,0.58%
"Oct 15, 2021",171,171.25,171.315,170.35,0.00%
"Oct 14, 2021",171,171.125,171.325,170.5,0.15%
"Oct 13, 2021",170.75,171.25,171.35,170.35,-0.15%
"Oct 12, 2021",171,171.075,171.325,170.075,0.21%
"Oct 11, 2021",170.65,170.875,171.075,169.95,0.23%
"Oct 08, 2021",170.25,170.875,171.09,169.7,0.00%
"Oct 07, 2021",170.25,171.125,171.19,169.95,-0.29%
"Oct 06, 2021",170.75,171,171.215,170.29,0.15%
"Oct 05, 2021",170.5,171,171.05,170.3,0.06%
"Oct 04, 2021",170.4,170.625,171.065,170.075,0.38%
"Oct 01, 2021",169.75,171,171.015,169.65,-0.44%
"Sep 30, 2021",170.5,170.875,171.065,169.75,0.15%
"Sep 29, 2021",170.25,170.3,171.005,169.565,0.38%
"Sep 28, 2021",169.6,169.7,170.465,169.3,0.12%
"Sep 27, 2021",169.4,169.45,169.845,168.725,0.30%
"Sep 24, 2021",168.9,169.4,169.54,168.69,0.06%
"Sep 23, 2021",168.8,169.125,169.455,168.19,0.33%
"Sep 22, 2021",168.25,169.15,169.28,167.9,-0.03%
"Sep 21, 2021",168.3,169.25,169.25,168.14,-0.12%
"Sep 20, 2021",168.5,168.15,169.34,167.675,0.62%
"Sep 17, 2021",167.46,168.15,168.215,167.2,-0.02%
"Sep 16, 2021",167.5,169.625,169.625,166.8,-1.03%
"Sep 15, 2021",169.25,168.2,169.69,168.2,0.80%
"Sep 14, 2021",167.9,168.2,168.95,167.905,0.00%
"Sep 13, 2021",167.9,167.73,168.315,167.45,0.00%
"Sep 11, 2021",167.9,168.025,168.025,168.025,0.00%
"Sep 10, 2021",167.9,168,168.215,167.115,0.24%
"Sep 09, 2021",167.5,167.75,168.015,166.75,0.30%
"Sep 08, 2021",167,168,168.04,166.55,-0.30%
"Sep 07, 2021",167.5,167.1,168.055,166.895,0.48%
"Sep 06, 2021",166.7,166.85,167.25,165.625,0.12%
"Sep 03, 2021",166.5,167.26,167.26,166.4,-0.31%
"Sep 02, 2021",167.02,167,167.315,166.125,0.31%
"Sep 01, 2021",166.5,166.875,167.155,166.25,0.15%
"Aug 31, 2021",166.25,165.8,166.89,165.525,0.79%
"Aug 30, 2021",164.94,166.6,166.7,165.18,-0.46%
"Aug 27, 2021",165.7,166.75,166.75,165.5,-0.18%
"Aug 26, 2021",166,165.875,166.865,165.275,0.15%
"Aug 25, 2021",165.75,165.375,166.325,164.85,0.61%
"Aug 24, 2021",164.75,164.6,165.555,164.15,0.33%
"Aug 23, 2021",164.2,164.525,164.675,163.75,0.09%
"Aug 20, 2021",164.05,164.3,164.54,163.75,0.28%
"Aug 19, 2021",163.6,164.3,164.465,163.835,0.00%
"Aug 18, 2021",163.6,164.3,164.485,163.965,0.00%
"Aug 17, 2021",163.6,164.55,164.58,163.58,-0.30%
"Aug 16, 2021",164.1,164.3,164.565,163.56,0.31%
"Aug 13, 2021",163.6,164.3,164.565,163.125,0.00%
"Aug 12, 2021",163.6,164.425,164.48,163.05,-0.15%
"Aug 11, 2021",163.85,164.25,164.525,163.285,0.21%
"Aug 10, 2021",163.5,164.375,164.44,163.1,-0.15%
"Aug 09, 2021",163.75,163.2,164.455,163.125,0.40%
"Aug 06, 2021",163.1,164.2,164.2,162.525,-0.18%
"Aug 05, 2021",163.4,163.3,164.255,161.95,-0.06%
"Aug 04, 2021",163.5,163.8,164.45,162.95,0.52%
"Aug 03, 2021",162.65,163.625,164.6,162.1,-0.37%
"Aug 02, 2021",163.25,162.375,163.875,161.375,0.93%
"Jul 30, 2021",161.75,162.25,162.73,161.575,0.15%
"Jul 29, 2021",161.5,162.25,162.405,160.9,0.00%
"Jul 28, 2021",161.5,161,162.415,160.95,0.31%
"Jul 27, 2021",161,161.4,162.125,159.8,0.00%
"Jul 26, 2021",161,162.375,162.6,160.05,-0.28%
"Jul 23, 2021",161.46,160.85,162.43,160.69,0.47%
"Jul 22, 2021",160.7,160.85,160.96,159.555,0.00%
"Jul 21, 2021",160.7,160.85,160.975,160.8,0.00%
"Jul 20, 2021",160.7,160.85,160.95,160.825,0.00%
"Jul 19, 2021",160.7,159.5,161.575,159.35,1.07%
"Jul 16, 2021",159,159.5,160,158.95,0.00%
"Jul 15, 2021",159,159.25,159.5,158.45,0.32%
"Jul 14, 2021",158.5,159.5,159.675,158.625,-0.31%
"Jul 13, 2021",159,159.7,159.7,159.075,-0.25%
"Jul 12, 2021",159.4,159.45,159.885,158.8,0.31%
"Jul 09, 2021",158.9,159.5,159.77,158.55,-0.06%
"Jul 08, 2021",159,159.15,159.815,158.365,0.44%
"Jul 07, 2021",158.3,158.275,159.44,157.85,0.16%
"Jul 06, 2021",158.05,158.15,159.175,157.775,0.23%
"Jul 05, 2021",157.68,157.85,158.32,157.5,0.11%
"Jul 02, 2021",157.5,157.575,157.94,157.27,-0.19%
"Jul 01, 2021",157.8,158.055,158.495,157.785,0.17%
"Jun 30, 2021",157.53,157.5,158.35,156.8,-0.36%
"Jun 29, 2021",158.1,157.875,159.125,157.275,0.22%
"Jun 28, 2021",157.75,157.3,158.45,157.275,0.19%
"Jun 26, 2021",157.45,157.6,157.6,157.6,-0.10%
"Jun 25, 2021",157.6,157.8,158.45,157.125,0.00%
"Jun 24, 2021",157.6,157.9,158.45,157.075,-0.13%
"Jun 23, 2021",157.8,157.875,158.725,157.585,0.03%
"Jun 22, 2021",157.75,157.5,158.35,157.125,0.48%
"Jun 21, 2021",157,157.25,157.895,156.55,0.32%
"Jun 18, 2021",156.5,157.325,157.48,155.95,-0.10%
"Jun 17, 2021",156.65,157.25,157.515,155.95,0.10%
"Jun 16, 2021",156.5,157.125,157.515,156.275,0.16%
"Jun 15, 2021",156.25,155.875,157.315,155.76,0.32%
"Jun 14, 2021",155.75,155.875,156.225,155.575,0.00%
"Jun 11, 2021",155.75,155.75,156.08,155.07,0.16%
"Jun 10, 2021",155.5,155.575,155.875,155.35,0.10%
"Jun 09, 2021",155.35,155.5,156.15,155.15,0.10%
"Jun 08, 2021",155.19,155.25,156.01,154.7,0.45%
"Jun 07, 2021",154.5,155.15,155.725,154.375,0.13%
"Jun 04, 2021",154.3,155.125,155.41,154.25,0.03%
"Jun 03, 2021",154.25,155.125,155.39,154.3,0.00%
"Jun 02, 2021",154.25,155.125,155.275,154.175,0.00%
"Jun 01, 2021",154.25,154.15,155.225,153.975,1.13%
"May 31, 2021",152.52,154.5,154.5,153.375,-1.15%
"May 28, 2021",154.3,155.25,155.5,154,-0.13%
"May 27, 2021",154.5,155.25,155.59,154.3,0.00%
"May 26, 2021",154.5,154.2,155.34,153.915,0.23%
"May 25, 2021",154.15,153.975,155.125,152.7,0.84%
"May 24, 2021",152.87,153.425,154.245,152.965,0.10%
"May 21, 2021",152.72,153.5,153.58,153.06,-0.18%
"May 20, 2021",153,153.2,153.665,152.7,0.10%
"May 19, 2021",152.85,152.925,153.3,152.7,0.36%
"May 18, 2021",152.3,152.675,152.94,152.575,0.07%
"May 17, 2021",152.2,152.375,152.92,152.115,0.00%
"May 15, 2021",152.2,152.375,152.375,152.375,0.33%
"May 14, 2021",151.7,152.225,152.48,151.75,-0.13%
"May 13, 2021",151.9,151.935,152.405,151.78,0.56%
"May 12, 2021",151.05,152,152.015,151.9,-0.20%
"May 11, 2021",151.35,152.275,154.05,151.925,-0.16%
"May 10, 2021",151.6,152.315,154.05,151.96,-0.21%
"May 07, 2021",151.92,152.7,154.05,151.525,-0.35%
"May 06, 2021",152.45,153.075,154.05,152.05,0.00%
"May 05, 2021",152.45,153.25,154.05,152.375,-0.42%
"May 04, 2021",153.1,153,154.05,152.595,0.16%
"May 03, 2021",152.85,153.25,154.05,152.675,-0.08%
"Apr 30, 2021",152.98,153.45,154.05,153.055,-0.01%
"Apr 29, 2021",153,154.225,154.225,153.125,-0.62%
"Apr 28, 2021",153.95,154.475,155.19,152.9,-0.03%
"Apr 27, 2021",154,153.925,155.19,153.9,0.10%
"Apr 26, 2021",153.85,153.625,154.175,153.075,0.10%
"Apr 24, 2021",153.7,153.875,153.875,153.875,0.29%
"Apr 23, 2021",153.25,153.6,154,152.925,0.03%
"Apr 22, 2021",153.2,153.25,153.69,152.75,0.46%
"Apr 21, 2021",152.5,153.3,153.565,152.58,-0.07%
"Apr 20, 2021",152.6,153.3,153.415,152.575,0.00%
"Apr 19, 2021",152.6,153.25,153.415,152.55,0.07%
"Apr 16, 2021",152.5,152.975,153.415,151.95,-0.03%
"Apr 15, 2021",152.55,152.975,152.975,152.45,-0.03%
"Apr 14, 2021",152.6,152.85,152.875,152.825,0.03%
"Apr 13, 2021",152.55,152.725,153.125,152,-0.03%
"Apr 12, 2021",152.6,152.775,153.2,151.945,0.27%
"Apr 09, 2021",152.19,152.975,153.045,151.95,0.09%
"Apr 08, 2021",152.06,153.075,153.225,152.4,-0.15%
"Apr 07, 2021",152.29,153.175,153.315,152.33,-0.26%
"Apr 06, 2021",152.69,153.575,153.575,152.725,0.39%
"Apr 05, 2021",152.09,153.1,153.84,152.645,-0.56%
"Apr 02, 2021",152.94,152.71,153.74,152.405,0.80%
"Apr 01, 2021",151.72,152.825,153.2,151.975,-0.39%
"Mar 31, 2021",152.32,153.15,153.25,151.2,-0.28%
"Mar 30, 2021",152.75,154.025,154.25,152.69,-0.81%
"Mar 29, 2021",154,154.3,155.1,153.715,-0.55%
"Mar 26, 2021",154.85,154.6,155.14,154.15,0.37%
"Mar 25, 2021",154.28,155.1,156.075,154.565,-0.94%
"Mar 24, 2021",155.75,156.1,156.125,154.86,0.40%
"Mar 23, 2021",155.13,155.91,156.15,155.585,-0.37%
"Mar 22, 2021",155.7,155.875,156.225,155.185,0.03%
"Mar 19, 2021",155.65,155.125,156.645,155.05,0.79%
"Mar 18, 2021",154.43,155.975,156.14,154.83,-0.85%
"Mar 17, 2021",155.75,156.75,156.76,155.225,-0.43%
"Mar 16, 2021",156.42,157.005,157.125,156.165,-0.19%
"Mar 15, 2021",156.71,156.85,157.275,156.535,-0.06%
"Mar 12, 2021",156.8,156.7,157.36,156.64,-0.03%
"Mar 11, 2021",156.85,156.77,157.325,156.665,0.13%
"Mar 10, 2021",156.65,157,157.26,156.685,0.12%
"Mar 09, 2021",156.46,157.175,157.3,156.63,-0.05%
"Mar 08, 2021",156.54,156.78,157.48,156.715,0.10%
"Mar 05, 2021",156.38,157.425,157.555,156.64,-0.39%
"Mar 04, 2021",157,157.25,157.45,156.975,0.00%
"Mar 03, 2021",157,157.75,157.95,156.815,-0.41%
"Mar 02, 2021",157.65,158.1,159.275,157.285,-0.50%
"Mar 01, 2021",158.45,158.075,159.275,157.545,0.06%
"Feb 27, 2021",158.35,158.45,158.45,158.45,-0.06%
"Feb 26, 2021",158.45,158.3,159.275,157.52,0.13%
"Feb 25, 2021",158.25,159.275,159.375,158.015,-0.09%
"Feb 24, 2021",158.4,158.91,159.45,158.475,-0.14%
"Feb 23, 2021",158.62,159.075,159.25,157.88,-0.11%
"Feb 22, 2021",158.8,159,159.25,158.755,0.03%
"Feb 19, 2021",158.75,158.75,159.215,158.59,0.06%
"Feb 18, 2021",158.65,160.05,160.075,158.49,-0.28%
"Feb 17, 2021",159.1,160.075,160.14,158.92,-0.03%
"Feb 16, 2021",159.15,159.3,160.24,158.85,0.14%
"Feb 15, 2021",158.93,159.3,159.42,158.425,0.30%
"Feb 12, 2021",158.45,159.43,159.43,158.435,-0.38%
"Feb 11, 2021",159.06,159.45,159.5,158.76,-0.03%
"Feb 10, 2021",159.1,159.95,160.325,159.075,-0.28%
"Feb 09, 2021",159.55,160.125,160.575,159.05,0.19%
"Feb 08, 2021",159.25,159.98,160.465,159.38,-0.16%
"Feb 05, 2021",159.5,160.25,160.44,159.735,0.00%
"Feb 04, 2021",159.5,160.45,160.515,159.515,-0.25%
"Feb 03, 2021",159.9,160.4,160.565,159.74,0.06%
"Feb 02, 2021",159.8,160.5,160.565,159.74,-0.12%
"Feb 01, 2021",160,160.3,160.55,159.95,0.25%
"Jan 29, 2021",159.6,160.45,160.69,159.64,-0.19%
"Jan 28, 2021",159.9,160.55,160.64,159.92,-0.12%
"Jan 27, 2021",160.1,160.8,160.86,159.995,-0.31%
"Jan 26, 2021",160.6,160.85,160.91,160.44,-0.06%
"Jan 25, 2021",160.7,160.675,160.915,160.13,0.22%
"Jan 22, 2021",160.35,160.6,162.63,157.63,0.06%
"Jan 21, 2021",160.25,160.55,160.79,160,0.09%
"Jan 20, 2021",160.1,160.55,160.74,159.975,0.00%
"Jan 19, 2021",160.1,160.625,160.88,159.84,-0.09%
"Jan 18, 2021",160.25,160.55,160.725,160.05,0.09%
"Jan 15, 2021",160.1,160.5,160.6,159.75,0.06%
"Jan 14, 2021",160,160.5,160.82,159.705,0.00%
"Jan 13, 2021",160,160.5,160.79,159.9,0.00%
"Jan 12, 2021",160,160.5,160.75,159.915,0.00%
"Jan 11, 2021",160,160.45,160.645,159.84,0.06%
"Jan 08, 2021",159.9,160.375,160.545,159.715,0.09%
"Jan 07, 2021",159.75,160.55,160.8,159.715,-0.22%
"Jan 06, 2021",160.1,160.625,160.625,159.875,-0.09%
"Jan 05, 2021",160.25,160.4,160.825,159.815,0.28%
"Jan 04, 2021",159.8,160.375,160.645,159.6,0.03%
"Jan 01, 2021",159.75,160.375,160.375,160.375,0.00%
"Dec 31, 2020",159.75,160.5,164.125,159.25,-0.16%
"Dec 30, 2020",160,160.5,160.615,159.865,0.00%
"Dec 29, 2020",160,160.65,160.665,159.965,-0.19%
"Dec 28, 2020",160.3,160.275,160.825,159.88,0.39%
"Dec 24, 2020",159.68,160.65,160.675,159.835,-0.45%
"Dec 23, 2020",160.4,160.67,160.985,159.93,0.06%
"Dec 22, 2020",160.3,160.45,160.895,159.95,0.38%
"Dec 21, 2020",159.7,160.1,160.83,159.95,0.00%
"Dec 18, 2020",159.7,159.9,160.475,159.535,-0.19%
"Dec 17, 2020",160,160.45,160.525,159.79,0.08%
"Dec 16, 2020",159.88,160.25,160.74,159.955,-0.14%
"Dec 15, 2020",160.1,160.125,160.78,159.83,0.06%
"Dec 14, 2020",160,160.125,160.585,159.785,0.09%
"Dec 11, 2020",159.85,160.305,160.575,159.655,-0.09%
"Dec 10, 2020",160,160.34,160.635,159.84,-0.02%
"Dec 09, 2020",160.03,160.4,160.695,159.88,-0.01%
"Dec 08, 2020",160.04,160.275,160.695,159.805,0.02%
"Dec 07, 2020",160,160.08,160.575,159.78,0.13%
"Dec 04, 2020",159.8,160.1,160.525,159.5,0.01%
"Dec 03, 2020",159.78,160.25,160.715,159.795,-0.14%
"Dec 02, 2020",160,159.495,160.49,159.25,0.57%
"Dec 01, 2020",159.09,159.5,162.73,159.05,0.18%
"Nov 30, 2020",158.8,159.425,159.605,159.025,0.03%
"Nov 28, 2020",158.75,159.24,159.24,159.24,-0.16%
"Nov 27, 2020",159,159.175,159.525,158.75,0.00%
"Nov 26, 2020",159,159.6,159.6,158.675,-0.06%
"Nov 25, 2020",159.1,160.125,160.125,158.685,-0.75%
"Nov 24, 2020",160.3,161.065,161.065,159.33,-0.25%
"Nov 23, 2020",160.7,160.775,161.26,160.195,0.09%
"Nov 20, 2020",160.55,160.625,161,160.095,0.31%
"Nov 19, 2020",160.05,158.175,160.915,157.86,0.98%
"Nov 18, 2020",158.5,158.15,160.155,157.91,0.38%
"Nov 17, 2020",157.9,158.05,158.445,157.68,0.00%
"Nov 16, 2020",157.9,158.08,158.325,157.84,-0.06%
"Nov 13, 2020",158,158.3,158.525,157.825,0.40%
"Nov 12, 2020",157.37,158.475,160.75,157.81,-0.01%
"Nov 11, 2020",157.38,158.775,158.96,157.89,-0.71%
"Nov 10, 2020",158.5,158.875,159.45,158.305,0.14%
"Nov 09, 2020",158.28,159.175,159.23,158.455,-0.45%
"Nov 07, 2020",159,159.175,159.175,159.175,0.19%
"Nov 06, 2020",158.7,159.525,159.625,158.7,-0.25%
"Nov 05, 2020",159.1,159.7,160.205,159,-0.01%
"Nov 04, 2020",159.11,160.075,160.41,159.365,-0.46%
"Nov 03, 2020",159.85,160.1,160.205,159.705,0.13%
"Nov 02, 2020",159.65,160.275,160.435,159.7,-0.22%
"Oct 30, 2020",160,160.41,160.66,160.12,-0.05%
"Oct 29, 2020",160.08,160.625,160.74,160,-0.17%
"Oct 28, 2020",160.35,160.8,160.9,160.18,-0.19%
"Oct 27, 2020",160.65,161.55,161.55,160.53,0.02%
"Oct 26, 2020",160.62,161.55,161.62,160.655,-0.33%
"Oct 23, 2020",161.15,161.4,162.075,160.7,0.16%
"Oct 22, 2020",160.89,162.225,162.41,161.37,-0.26%
"Oct 21, 2020",161.31,162.1,162.48,161.41,0.11%
"Oct 20, 2020",161.14,162.35,162.65,161.56,-0.68%
"Oct 19, 2020",162.25,162.575,162.84,161.745,0.06%
"Oct 16, 2020",162.15,162.55,163,162.055,-0.37%
"Oct 15, 2020",162.75,163.8,163.8,162.035,0.15%
"Oct 14, 2020",162.51,163.825,163.95,162.735,-0.23%
"Oct 13, 2020",162.89,163.825,164.04,163.115,-0.53%
"Oct 12, 2020",163.75,163.8,164,163.65,0.24%
"Oct 09, 2020",163.35,163.625,164.07,163.395,-0.03%
"Oct 08, 2020",163.4,164.025,164.075,163.325,-0.01%
"Oct 07, 2020",163.42,164.02,164.675,163.59,-0.12%
"Oct 06, 2020",163.61,164.525,165.05,163.785,-0.19%
"Oct 05, 2020",163.92,164.725,165.75,163.685,0.03%
"Oct 02, 2020",163.87,165.2,167.75,164.07,-0.27%
"Oct 01, 2020",164.32,165.8,165.865,164.65,-0.65%
"Sep 30, 2020",165.4,165.875,165.95,165.525,0.34%
"Sep 29, 2020",164.84,165.95,166.21,165.23,-0.64%
"Sep 28, 2020",165.9,166.3,166.425,165.305,0.72%
"Sep 25, 2020",164.71,166.075,166.375,165.205,-0.60%
"Sep 24, 2020",165.7,166.3,166.3,165.395,0.20%
"Sep 23, 2020",165.37,166.2,166.46,165.63,-0.41%
"Sep 22, 2020",166.05,166.125,166.525,165.63,0.54%
"Sep 21, 2020",165.16,165.75,166.415,165.505,-0.08%
"Sep 18, 2020",165.29,165.85,166.5,165.545,-0.43%
"Sep 17, 2020",166,166.3,166.56,165.95,0.03%
"Sep 16, 2020",165.95,166.3,166.83,165.87,0.34%
"Sep 15, 2020",165.39,166.025,166.605,165.63,-0.16%
"Sep 14, 2020",165.65,166.05,166.51,165.81,0.23%
"Sep 11, 2020",165.27,166.25,166.67,165.585,-0.13%
"Sep 10, 2020",165.49,166.4,166.73,165.855,-0.27%
"Sep 09, 2020",165.93,166.25,166.715,166.035,-0.04%
"Sep 08, 2020",166,165.65,166.475,165.255,0.24%
"Sep 07, 2020",165.6,165.95,166.13,165.25,-0.06%
"Sep 05, 2020",165.7,166,166,166,0.09%
"Sep 04, 2020",165.55,165.5,166.165,165.055,0.09%
"Sep 03, 2020",165.4,165.5,166.325,165.11,0.28%
"Sep 02, 2020",164.94,165.55,165.8,165.22,-0.05%
"Sep 01, 2020",165.02,165.575,165.925,165.22,0.26%
"Aug 31, 2020",164.59,166.55,166.6,165.195,-1.13%
"Aug 28, 2020",166.47,167.3,167.7,166,0.00%
"Aug 27, 2020",166.47,168.5,168.5,166.825,-0.91%
"Aug 26, 2020",168,168.5,168.8,167.8,0.00%
"Aug 25, 2020",168,168.4,168.64,167.955,0.12%
"Aug 24, 2020",167.8,168.4,168.655,167.88,0.00%
"Aug 21, 2020",167.8,168.5,168.615,167.73,-0.12%
"Aug 20, 2020",168,168.345,168.695,167.635,0.24%
"Aug 19, 2020",167.6,168.25,168.59,167.75,-0.09%
"Aug 18, 2020",167.75,168.5,168.59,167.375,-0.15%
"Aug 17, 2020",168,168.125,168.57,167.375,0.45%
"Aug 14, 2020",167.25,168.25,168.25,168.125,-0.15%
"Aug 13, 2020",167.5,168.25,168.53,165.875,0.00%
"Aug 12, 2020",167.5,168.45,168.59,167.585,-0.24%
"Aug 11, 2020",167.9,168.5,168.755,167.5,-0.06%
"Aug 10, 2020",168,168.4,168.77,165.875,0.12%
"Aug 07, 2020",167.8,168.55,168.755,166.8,-0.18%
"Aug 06, 2020",168.1,168.25,168.75,167.435,0.36%
"Aug 05, 2020",167.5,167.5,168.615,167.25,0.12%
"Aug 04, 2020",167.3,166.85,168.3,166.34,0.64%
"Aug 03, 2020",166.23,166.9,167.735,165.875,-0.63%
"Jul 31, 2020",167.28,167.33,167.64,167,0.12%
"Jul 30, 2020",167.08,165.875,167.75,165.84,0.66%
"Jul 29, 2020",165.99,166.765,167.16,165.875,-0.04%
"Jul 28, 2020",166.05,166.85,167.235,165.95,-0.27%
"Jul 27, 2020",166.5,167.1,167.7,166.25,-0.54%
"Jul 25, 2020",167.4,167.7,167.7,167.7,0.25%
"Jul 24, 2020",166.98,168.125,168.275,166.65,-0.16%
"Jul 23, 2020",167.25,168.125,168.35,166.875,0.00%
"Jul 22, 2020",167.25,168.125,168.75,166.875,0.00%
"Jul 21, 2020",167.25,168.375,168.565,167.05,0.09%
"Jul 20, 2020",167.1,167.4,168.73,166.7,0.24%
"Jul 18, 2020",166.7,167.25,167.38,166.985,-0.06%
"Jul 17, 2020",166.8,167.375,167.64,166.24,0.03%
"Jul 16, 2020",166.75,167.125,167.505,166.125,0.30%
"Jul 15, 2020",166.25,167.125,167.275,165.875,0.00%
"Jul 14, 2020",166.25,167.05,167.77,165.875,0.09%
"Jul 13, 2020",166.1,166.5,167.25,165.875,0.26%
"Jul 10, 2020",165.67,166.55,166.96,165.75,-0.53%
"Jul 09, 2020",166.55,167.15,167.35,165.75,0.15%
"Jul 08, 2020",166.3,167.225,167.45,165.875,-0.09%
"Jul 07, 2020",166.45,166.25,167.415,165.875,0.27%
"Jul 06, 2020",166,167.6,167.6,165.875,-0.24%
"Jul 03, 2020",166.4,166.9,167.6,166.15,-0.83%
"Jul 02, 2020",167.8,168.05,168.275,166.175,0.36%
"Jul 01, 2020",167.2,168.05,168.175,167.6,0.00%
"Jun 30, 2020",167.2,168.05,168.475,167.6,0.00%
"Jun 29, 2020",167.2,167.45,168.375,167.25,0.00%
"Jun 26, 2020",167.2,166.75,168.075,166.75,0.30%
"Jun 25, 2020",166.7,167.53,167.88,166.2,-0.54%
"Jun 24, 2020",167.6,168.15,168.25,166.525,0.48%
"Jun 23, 2020",166.8,166.4,168.275,166.4,0.26%
"Jun 22, 2020",166.36,166.4,167.4,165.83,-0.14%
"Jun 19, 2020",166.6,165.65,167.4,165.65,0.99%
"Jun 18, 2020",164.97,165.68,166.125,164.875,-0.20%
"Jun 17, 2020",165.3,165.325,165.85,163.775,0.39%
"Jun 16, 2020",164.65,164.85,165.365,163.775,0.34%
"Jun 15, 2020",164.1,164.3,165.3,163.625,-0.09%
"Jun 12, 2020",164.25,164.45,165.25,163.75,0.09%
"Jun 11, 2020",164.1,164.63,165.3,163.66,-0.08%
"Jun 10, 2020",164.23,164,165.17,163.5,0.56%
"Jun 09, 2020",163.32,163.3,164.5,162.875,0.57%
"Jun 08, 2020",162.4,163.3,163.875,162.7,-0.40%
"Jun 05, 2020",163.05,162.75,163.995,162.675,-0.06%
"Jun 04, 2020",163.15,164,164.945,162.675,-0.64%
"Jun 03, 2020",164.2,165.45,165.555,163.74,-0.51%
"Jun 02, 2020",165.05,164.1,166.05,162.85,1.10%
"Jun 01, 2020",163.25,163.1,164.15,162.375,0.77%
"May 29, 2020",162,161.7,163.575,160.85,0.83%
"May 28, 2020",160.66,161.2,161.96,160.45,0.26%
"May 27, 2020",160.25,161.2,161.42,160.53,0.06%
"May 26, 2020",160.16,161.2,161.465,160.855,-0.40%
"May 25, 2020",160.8,161.2,161.2,161.2,0.34%
"May 22, 2020",160.25,161.2,161.44,160.605,0.06%
"May 21, 2020",160.15,160.7,161.49,159.55,0.09%
"May 20, 2020",160,160.63,160.9,159.345,-0.03%
"May 19, 2020",160.05,160.55,160.8,156.2,0.03%
"May 18, 2020",160,160.05,160.95,158.99,0.76%
"May 15, 2020",158.79,160.1,160.875,158.925,-0.48%
"May 14, 2020",159.56,161.15,161.25,159.8,-0.36%
"May 13, 2020",160.14,160.25,161.535,159.24,0.45%
"May 12, 2020",159.43,159.95,160.76,159.175,-0.19%
"May 11, 2020",159.73,159.7,160.585,158.67,0.74%
"May 08, 2020",158.56,159.13,160.2,156.2,-0.93%
"May 07, 2020",160.05,158.88,160.64,158.545,1.40%
"May 06, 2020",157.84,159.5,160.075,158.42,-0.85%
"May 05, 2020",159.2,160.25,160.25,158.49,0.09%
"May 04, 2020",159.06,160.375,163.45,157.175,-0.59%
"May 01, 2020",160,160.38,161.5,159.955,0.00%
"Apr 30, 2020",160,161.45,161.525,159.925,-0.22%
"Apr 29, 2020",160.36,161.13,161.9,160.175,-0.24%
"Apr 28, 2020",160.75,160.85,161.83,159.925,0.36%
"Apr 27, 2020",160.18,159.95,161.5,159.725,0.20%
"Apr 24, 2020",159.86,159.95,161.5,159.47,0.40%
"Apr 23, 2020",159.23,160.15,161.5,159.25,-0.32%
"Apr 22, 2020",159.74,161.1,161.5,159,-0.23%
"Apr 21, 2020",160.11,163.6,163.665,160.68,-1.77%
"Apr 20, 2020",163,163.25,167.025,162.75,-1.37%
"Apr 17, 2020",165.26,167.1,167.15,163.025,-0.63%
"Apr 16, 2020",166.3,166.85,167.75,165.965,0.23%
"Apr 15, 2020",165.92,166.85,167.36,166.39,-0.05%
"Apr 14, 2020",166,166.65,167.8,165.965,0.37%
"Apr 13, 2020",165.38,166.15,167.3,165.87,-0.40%
"Apr 10, 2020",166.05,167.25,167.25,166.15,-0.42%
"Apr 09, 2020",166.75,167.5,167.965,166.78,0.00%
"Apr 08, 2020",166.75,167.5,168,165.965,-0.15%
"Apr 07, 2020",167,166.9,167.825,165.965,0.45%
"Apr 06, 2020",166.25,167.25,167.45,165.965,-0.15%
"Apr 03, 2020",166.5,166.55,167.39,165.845,0.15%
"Apr 02, 2020",166.25,166.13,167.2,165.75,0.64%
"Apr 01, 2020",165.19,166.13,166.42,165.24,-0.34%
"Mar 31, 2020",165.75,165.43,167.3,165.095,-0.15%
"Mar 30, 2020",166,165.1,167.05,164.99,1.15%
"Mar 27, 2020",164.12,168,168.125,164,-2.08%
"Mar 26, 2020",167.6,161.55,168.425,159.275,4.75%
"Mar 25, 2020",160,159,162.55,158.9,0.69%
"Mar 24, 2020",158.9,158.2,159.565,158.15,0.70%
"Mar 23, 2020",157.8,158.2,158.77,158.2,-0.25%
"Mar 20, 2020",158.2,158.48,159.4,158.275,0.37%
"Mar 19, 2020",157.61,158.5,159.325,158.105,-0.24%
"Mar 18, 2020",157.99,158.55,159.3,158.15,0.06%
"Mar 17, 2020",157.9,158.9,159.475,158.075,-0.11%
"Mar 16, 2020",158.08,156.4,159.105,156.4,0.62%
"Mar 14, 2020",157.1,157.35,157.35,157.35,-0.88%
"Mar 13, 2020",158.5,159.08,159.665,156.7,0.00%
"Mar 12, 2020",158.5,158.7,159.565,157.8,0.06%
"Mar 11, 2020",158.4,158,158.85,154.265,0.57%
"Mar 10, 2020",157.5,157.8,158.95,155.8,1.29%
"Mar 09, 2020",155.5,154.23,157.975,153.92,0.88%
"Mar 07, 2020",154.15,154.35,154.525,154.05,0.28%
"Mar 06, 2020",153.72,154.27,154.78,153.975,-0.05%
"Mar 05, 2020",153.8,154.27,154.61,153.93,0.00%
"Mar 04, 2020",153.8,154.27,154.59,153.975,0.09%
"Mar 03, 2020",153.66,154.43,154.71,153.94,-0.11%
"Mar 02, 2020",153.83,154.1,154.76,153.98,-0.22%
"Feb 29, 2020",154.165,154.165,154.165,154.165,0.34%
"Feb 28, 2020",153.65,154.22,154.85,153.915,0.20%
"Feb 27, 2020",153.34,154.22,154.625,153.735,0.00%
"Feb 26, 2020",153.34,154.22,154.63,153.78,-0.31%
"Feb 25, 2020",153.82,154.22,154.64,154.015,0.06%
"Feb 24, 2020",153.73,154.5,154.735,153.79,-0.37%
"Feb 22, 2020",154.3,154.3,154.3,154.3,0.26%
"Feb 21, 2020",153.9,154.24,154.635,153.975,0.30%
"Feb 20, 2020",153.44,154.25,154.82,153.815,-0.20%
"Feb 19, 2020",153.75,154.38,154.68,153.795,-0.10%
"Feb 18, 2020",153.9,154.27,154.655,154.01,0.00%
"Feb 17, 2020",153.9,153.72,154.615,153.72,-0.26%
"Feb 15, 2020",154.295,154.295,154.295,154.295,0.30%
"Feb 14, 2020",153.83,154.42,154.84,153.92,-0.03%
"Feb 13, 2020",153.88,154.42,154.735,154.04,0.27%
"Feb 12, 2020",153.46,154.42,154.765,153.905,-0.30%
"Feb 11, 2020",153.92,154.65,154.82,154.17,-0.05%
"Feb 10, 2020",154,154.52,155.25,154.105,-0.33%
"Feb 08, 2020",154.515,154.515,154.515,154.515,0.33%
"Feb 07, 2020",154.01,154.58,154.815,154.2,0.21%
"Feb 06, 2020",153.69,154.44,154.82,153.915,0.14%
"Feb 05, 2020",153.48,154.44,154.62,154.16,-0.12%
"Feb 04, 2020",153.66,154.66,154.79,154.005,-0.23%
"Feb 03, 2020",154.02,154.2,154.96,154.15,-0.31%
"Feb 01, 2020",154.5,154.5,154.5,154.5,0.49%
"Jan 31, 2020",153.74,154.55,154.905,154.09,-0.10%
"Jan 30, 2020",153.9,154.54,154.81,154.17,-0.06%
"Jan 29, 2020",154,154.63,154.865,154.27,-0.08%
"Jan 28, 2020",154.12,154.54,154.835,154.255,0.16%
"Jan 27, 2020",153.87,154.18,155.255,154.02,-0.54%
"Jan 25, 2020",154.705,154.705,154.705,154.705,0.46%
"Jan 24, 2020",154,154.735,154.98,154.26,0.00%
"Jan 23, 2020",154,154.53,154.99,154.23,-0.03%
"Jan 22, 2020",154.04,154.65,154.81,154.28,-0.14%
"Jan 21, 2020",154.25,154.65,155.01,154.425,0.00%
"Jan 20, 2020",154.25,154.21,154.865,154.165,-0.27%
"Jan 18, 2020",154.67,154.67,154.67,154.67,0.26%
"Jan 17, 2020",154.27,154.66,154.975,154.26,0.44%
"Jan 16, 2020",153.59,154.76,155.275,154.125,-0.64%
"Jan 15, 2020",154.58,154.85,155.245,154.375,0.11%
"Jan 14, 2020",154.41,154.85,155.14,154.625,-0.03%
"Jan 13, 2020",154.45,154.89,155.085,154.465,-0.31%
"Jan 11, 2020",154.93,154.93,154.93,154.93,0.34%
"Jan 10, 2020",154.4,154.7,155.205,154.49,0.26%
"Jan 09, 2020",154,154.9,155.125,154.4,-0.32%
"Jan 08, 2020",154.5,154.87,155.305,154.35,-0.05%
"Jan 07, 2020",154.58,154.87,155.25,154.555,0.07%
"Jan 06, 2020",154.47,154.5,155.48,154.49,-0.26%
"Jan 04, 2020",154.875,154.875,154.875,154.875,0.28%
"Jan 03, 2020",154.45,155,155.17,154.49,-0.10%
"Jan 02, 2020",154.6,154.87,155.24,154.41,0.08%
"Jan 01, 2020",154.47,154.87,155.07,154.67,-0.02%
"Dec 31, 2019",154.5,154.87,155.205,154.665,-0.06%
"Dec 30, 2019",154.6,154.48,155.145,154.475,-0.16%
"Dec 28, 2019",154.85,154.85,154.85,154.85,0.32%
"Dec 27, 2019",154.35,155.38,155.59,154.6,0.20%
"Dec 26, 2019",154.04,154.9,155.565,154.325,-0.30%
"Dec 25, 2019",154.5,154.9,154.9,154.9,0.39%
"Dec 24, 2019",153.9,154.21,155.185,154.21,-0.36%
"Dec 23, 2019",154.46,154.61,155.19,154.21,-0.32%
"Dec 21, 2019",154.95,154.95,154.95,154.95,0.45%
"Dec 20, 2019",154.25,154.22,155.325,154.21,0.18%
"Dec 19, 2019",153.98,154.22,155.045,154.21,0.01%
"Dec 18, 2019",153.97,154.25,155.445,154.22,-0.31%
"Dec 17, 2019",154.45,154.37,155.195,154.25,0.21%
"Dec 16, 2019",154.12,154.61,155.285,154.28,-0.34%
"Dec 14, 2019",154.65,154.65,154.65,154.65,0.44%
"Dec 13, 2019",153.98,154.3,155.25,154.23,-0.37%
"Dec 12, 2019",154.55,154.33,155.3,154.3,0.40%
"Dec 11, 2019",153.93,154.33,155.265,154.33,-1.31%
"Dec 10, 2019",155.98,154.4,156.755,154.33,0.79%
"Dec 09, 2019",154.75,154.14,156.755,154.12,0.13%
"Dec 07, 2019",154.555,154.555,154.555,154.555,0.41%
"Dec 06, 2019",153.93,154.68,155.9,154.375,-0.50%
"Dec 05, 2019",154.7,154.77,155.495,154.68,0.01%
"Dec 04, 2019",154.69,154.8,155.555,154.67,-0.07%
"Dec 03, 2019",154.8,154.91,156.755,154.785,0.03%
"Dec 02, 2019",154.75,155.275,156.755,154.75,-0.48%
"Nov 30, 2019",155.5,155.5,155.5,155.5,0.23%
"Nov 29, 2019",155.15,155.11,155.565,154.87,-0.06%
"Nov 28, 2019",155.24,155.22,155.47,154.98,0.06%
"Nov 27, 2019",155.15,155.28,156.755,155.02,-0.53%
"Nov 26, 2019",155.98,155.23,156.755,154.87,0.63%
"Nov 25, 2019",155,156.2,156.24,154.99,-0.77%
"Nov 23, 2019",156.2,156.2,156.2,156.2,0.51%
"Nov 22, 2019",155.4,155.21,156.755,154.99,0.42%
"Nov 21, 2019",154.75,155.28,156.755,155.03,-0.08%
"Nov 20, 2019",154.88,156.175,156.755,155.08,-0.30%
"Nov 19, 2019",155.35,155.27,156.93,155.075,0.31%
"Nov 18, 2019",154.87,155.45,156.755,155.065,-0.28%
"Nov 16, 2019",155.31,155.31,155.31,155.31,0.34%
"Nov 15, 2019",154.78,155.28,155.575,155.065,-0.77%
"Nov 14, 2019",155.98,155.33,156.99,154.91,0.68%
"Nov 13, 2019",154.93,155.33,156.225,155.19,-0.05%
"Nov 12, 2019",155,156.25,156.3,155,-0.32%
"Nov 11, 2019",155.5,156.2,156.25,154.9,-0.45%
"Nov 09, 2019",156.2,156.2,156.2,156.2,0.51%
"Nov 08, 2019",155.4,156.2,156.25,155.075,0.00%
"Nov 07, 2019",155.4,156.2,156.3,155.1,0.00%
"Nov 06, 2019",155.4,156.225,156.275,155.18,-0.03%
"Nov 05, 2019",155.45,155.2,156.975,155.15,0.19%
"Nov 04, 2019",155.15,155.2,156,155.2,0.19%
"Nov 02, 2019",154.86,154.86,154.86,154.86,0.26%
"Nov 01, 2019",154.46,155.35,157.5,154.74,-0.32%
"Oct 31, 2019",154.95,155.3,156.05,155.085,0.03%
"Oct 30, 2019",154.9,155.4,156.075,155.25,0.36%
"Oct 29, 2019",154.35,155.33,156.04,154.99,-0.61%
"Oct 28, 2019",155.29,155.4,156.075,155.025,-0.55%
"Oct 26, 2019",156.145,156.145,156.145,156.145,0.56%
"Oct 25, 2019",155.28,155.5,156.99,155.33,0.37%
"Oct 24, 2019",154.7,155.3,156.69,155.2,-0.48%
"Oct 23, 2019",155.45,155.25,156.675,155.25,-0.16%
"Oct 22, 2019",155.7,156.4,156.975,155.25,-0.06%
"Oct 21, 2019",155.8,155.47,156.74,155.45,-0.37%
"Oct 19, 2019",156.375,156.375,156.375,156.375,0.40%
"Oct 18, 2019",155.75,155.58,156.755,155.515,-0.10%
"Oct 17, 2019",155.9,155.75,156.85,155.44,0.10%
"Oct 16, 2019",155.75,155.85,156.805,155.675,-0.06%
"Oct 15, 2019",155.85,155.6,156.79,155.595,0.03%
"Oct 14, 2019",155.8,156.675,156.775,155.55,-0.56%
"Oct 12, 2019",156.675,156.675,156.675,156.675,0.53%
"Oct 11, 2019",155.85,155.9,156.895,155.675,-0.03%
"Oct 10, 2019",155.9,155.85,157.11,155.775,-0.07%
"Oct 09, 2019",156.01,156.05,156.955,155.795,-0.11%
"Oct 08, 2019",156.18,156,157.295,155.975,-0.04%
"Oct 07, 2019",156.25,156.1,157.205,155.9,-0.46%
"Oct 05, 2019",156.975,156.975,156.975,156.975,0.34%
"Oct 04, 2019",156.45,155.97,156.99,155.685,0.22%
"Oct 03, 2019",156.1,155.97,157,155.915,0.06%
"Oct 02, 2019",156,156.05,156.93,155.77,-0.10%
"Oct 01, 2019",156.15,155.7,156.9,155.7,0.10%
"Sep 30, 2019",156,155.6,156.95,155.58,-0.54%
"Sep 28, 2019",156.85,156.85,156.85,156.85,0.42%
"Sep 27, 2019",156.2,156.825,156.85,155.55,0.03%
"Sep 26, 2019",156.15,155.55,156.84,155.55,0.00%
"Sep 25, 2019",156.15,155.55,156.825,155.55,0.42%
"Sep 24, 2019",155.5,155.53,156.84,155.45,-0.42%
"Sep 23, 2019",156.15,155.5,156.935,155.5,-0.32%
"Sep 21, 2019",156.65,156.65,156.65,156.65,0.55%
"Sep 20, 2019",155.8,155.5,156.84,155.4,-0.06%
"Sep 19, 2019",155.9,155.65,161,155.5,-0.26%
"Sep 18, 2019",156.3,155.73,156.97,155.65,0.19%
"Sep 17, 2019",156,155.5,158.33,155.5,0.00%
"Sep 16, 2019",156,155.65,157.055,155.45,-0.37%
"Sep 14, 2019",156.58,156.58,156.58,156.58,0.00%
"Sep 13, 2019",156.58,155.55,156.94,155.45,0.50%
"Sep 12, 2019",155.8,155.55,156.865,155.55,-0.13%
"Sep 11, 2019",156,155.65,156.915,155.55,0.00%
"Sep 10, 2019",156,155.65,160.88,155.65,0.00%
"Sep 09, 2019",156,155.65,160.88,155.65,-0.32%
"Sep 07, 2019",156.5,156.5,156.5,156.5,0.32%
"Sep 06, 2019",156,155.95,157.15,155.65,-0.19%
"Sep 05, 2019",156.3,155.65,160.88,155.55,0.19%
"Sep 04, 2019",156,155.85,157.015,155.6,0.00%
"Sep 03, 2019",156,155.75,157.025,155.75,0.00%
"Sep 02, 2019",156,157,157.15,155.75,-0.64%
"Aug 31, 2019",157,157,157,157,0.13%
"Aug 30, 2019",156.8,157,157.625,156.4,-0.13%
"Aug 29, 2019",157,156.9,160.88,156.875,-1.68%
"Aug 28, 2019",159.675,159.5,159.7,156.825,0.11%
"Aug 27, 2019",159.5,156.9,159.65,156.85,-0.08%
"Aug 26, 2019",159.625,156.9,159.75,156.875,0.08%
"Aug 24, 2019",159.5,159.5,159.5,159.5,0.00%
"Aug 23, 2019",159.5,156.65,160.88,156.43,0.00%
"Aug 22, 2019",159.5,157.6,160.88,156.65,-0.31%
"Aug 21, 2019",160,157.85,160.88,157.6,-0.09%
"Aug 20, 2019",160.15,160.125,160.34,157.8,0.02%
"Aug 19, 2019",160.125,160.25,160.895,157.75,0.87%
"Aug 17, 2019",158.75,158.35,158.875,158.3,0.76%
"Aug 16, 2019",157.55,157.5,160.955,157.5,-1.35%
"Aug 15, 2019",159.71,157.5,160.885,157.5,-0.34%
"Aug 14, 2019",160.25,157.5,160.88,157.5,0.00%
"Aug 13, 2019",160.25,157.5,160.885,157.5,0.00%
"Aug 12, 2019",160.25,157.95,160.265,157.5,1.42%
"Aug 10, 2019",158,158,158,158,0.35%
"Aug 09, 2019",157.45,157.5,160.315,156.95,-1.52%
"Aug 08, 2019",159.875,157.4,160.65,156.95,0.08%
"Aug 07, 2019",159.75,157.65,160.665,157.1,-0.31%
"Aug 06, 2019",160.25,160.25,160.65,157.35,0.00%
"Aug 05, 2019",160.25,158.55,160.65,157.4,0.29%
"Aug 03, 2019",159.79,159.79,159.79,159.79,0.74%
"Aug 02, 2019",158.62,160.5,160.715,158.03,-1.17%
"Aug 01, 2019",160.5,160.55,161.14,156.28,-0.03%
"Jul 31, 2019",160.55,160.625,161.155,156.28,-0.05%
"Jul 30, 2019",160.625,159.7,161.215,156.28,0.23%
"Jul 29, 2019",160.25,159.8,161.265,156.28,-0.47%
"Jul 27, 2019",161,161,161,161,0.63%
"Jul 26, 2019",160,159.5,161.265,159.45,0.13%
"Jul 25, 2019",159.8,159.95,161.365,156.28,-0.12%
"Jul 24, 2019",160,159.9,161.39,156.28,0.60%
"Jul 23, 2019",159.04,159.65,161.25,156.28,-0.13%
"Jul 22, 2019",159.25,160.05,161.265,156.28,-0.44%
"Jul 20, 2019",159.95,159.95,159.95,159.95,0.03%
"Jul 19, 2019",159.9,159.75,160.1,156.28,0.25%
"Jul 18, 2019",159.5,159.1,160.15,156.28,0.16%
"Jul 17, 2019",159.25,159.05,159.86,156.28,0.13%
"Jul 16, 2019",159.05,159.525,160.525,156.28,0.00%
"Jul 15, 2019",159.05,159.125,160.125,156.28,-0.05%
"Jul 13, 2019",159.125,159.125,159.125,159.125,0.55%
"Jul 12, 2019",158.25,157.35,159.15,157.33,-0.35%
"Jul 11, 2019",158.8,158.375,159,157.15,0.27%
"Jul 10, 2019",158.375,158.375,164,156.35,0.00%
"Jul 09, 2019",158.375,156.25,164,156.13,-0.08%
"Jul 08, 2019",158.5,158,164,155.73,0.32%
"Jul 06, 2019",158,158,158,158,0.00%
"Jul 05, 2019",158,155.15,158.75,155.03,0.05%
"Jul 04, 2019",157.925,156.05,158.6,154.65,0.75%
"Jul 03, 2019",156.75,156.4,164,155.65,0.70%
"Jul 02, 2019",155.66,158.65,163.125,155.9,-3.67%
"Jul 01, 2019",161.59,157.1,164.03,152.015,-0.94%
"Jun 29, 2019",163.125,163.125,163.125,163.125,0.38%
"Jun 28, 2019",162.5,163.5,164.375,155.85,-0.61%
"Jun 27, 2019",163.5,161.03,164.25,156.9,1.74%
"Jun 26, 2019",160.71,157.35,162.875,152.015,2.56%
"Jun 25, 2019",156.7,155.85,157.45,152.015,0.13%
"Jun 24, 2019",156.5,156.35,157.485,152.015,-0.40%
"Jun 22, 2019",157.125,157.125,157.125,157.125,0.56%
"Jun 21, 2019",156.25,155.88,157.47,155.65,0.00%
"Jun 20, 2019",156.25,157.125,157.73,152.015,0.00%
"Jun 19, 2019",156.25,155.8,157.485,152.015,0.55%
"Jun 18, 2019",155.4,155.8,157.41,151.94,-0.54%
"Jun 17, 2019",156.25,156,157.505,152.015,0.10%
"Jun 15, 2019",156.09,156.09,156.09,156.09,0.70%
"Jun 14, 2019",155,151.5,156.18,151.5,1.81%
"Jun 13, 2019",152.25,150.38,153.52,150.38,0.96%
"Jun 12, 2019",150.8,151.9,152.25,150.25,0.00%
"Jun 11, 2019",150.8,149.05,152.26,149.05,-0.30%
"Jun 10, 2019",151.25,150.5,151.685,148.375,2.02%
"Jun 08, 2019",148.25,148.25,148.25,148.25,0.17%
"Jun 07, 2019",148,146.95,150.925,146.95,-1.83%
"Jun 06, 2019",150.755,146.95,150.98,146.875,-0.09%
"Jun 05, 2019",150.885,146.95,151.26,146.95,2.06%
"Jun 04, 2019",147.84,146.85,148.54,146.85,0.16%
"Jun 03, 2019",147.6,147.35,148.52,146.775,0.37%
"Jun 01, 2019",147.06,147.06,147.06,147.06,0.31%
"May 31, 2019",146.6,147.15,148.77,146.49,-2.78%
"May 30, 2019",150.795,148.9,151.285,147.15,0.03%
"May 29, 2019",150.75,148.65,151.72,148.495,-0.50%
"May 28, 2019",151.5,148.9,151.78,148.495,0.41%
"May 27, 2019",150.875,151.75,151.8,148.15,-0.49%
"May 25, 2019",151.625,151.625,151.625,151.625,-0.08%
"May 24, 2019",151.75,150.8,152.185,148.495,0.66%
"May 23, 2019",150.75,151.25,152.385,148.495,-0.66%
"May 22, 2019",151.75,151.25,152.385,148.495,0.17%
"May 21, 2019",151.5,146.77,152.535,146.74,2.51%
"May 20, 2019",147.79,143.93,151,143.93,-0.58%
"May 18, 2019",148.65,148.65,148.65,148.65,0.78%
"May 17, 2019",147.5,140.95,148.655,140.56,1.28%
"May 16, 2019",145.64,140.95,146.5,140.95,3.11%
"May 15, 2019",141.25,140.95,141.69,140.95,-0.07%
"May 14, 2019",141.35,140.95,141.685,140.95,0.07%
"May 13, 2019",141.25,140.95,141.655,140.95,-0.26%
"May 11, 2019",141.625,141.625,141.625,141.625,0.27%
"May 10, 2019",141.25,140.7,141.675,140.7,0.00%
"May 09, 2019",141.25,140.7,141.955,140.7,0.04%
"May 08, 2019",141.2,141.5,141.605,140.7,0.14%
"May 07, 2019",141,141.5,141.605,140.75,0.00%
"May 06, 2019",141,140.9,141.65,140.75,-0.32%
"May 04, 2019",141.45,141.45,141.45,141.45,0.39%
"May 03, 2019",140.9,140.9,141.63,140.9,-0.07%
"May 02, 2019",141,140.95,141.655,140.875,-0.21%
"May 01, 2019",141.3,140.95,141.67,140.95,0.00%
"Apr 30, 2019",141.3,140.95,141.74,140.925,0.04%
"Apr 29, 2019",141.25,140.95,141.67,140.95,-0.28%
"Apr 27, 2019",141.65,141.65,141.65,141.65,0.25%
"Apr 26, 2019",141.3,140.95,141.66,140.95,0.02%
"Apr 25, 2019",141.27,140.95,142.2,140.95,0.05%
"Apr 24, 2019",141.2,140.95,141.665,140.95,-0.08%
"Apr 23, 2019",141.32,140.97,141.715,140.95,0.00%
"Apr 22, 2019",141.32,141.675,141.68,140.97,-0.02%
"Apr 21, 2019",141.35,141.675,141.675,141.675,-0.23%
"Apr 20, 2019",141.675,141.675,141.675,141.675,0.23%
"Apr 19, 2019",141.35,140.95,141.68,140.95,0.02%
"Apr 18, 2019",141.32,141.66,141.715,140.95,0.00%
"Apr 17, 2019",141.32,141.05,141.69,140.825,0.00%
"Apr 16, 2019",141.32,141.35,141.7,140.78,0.00%
"Apr 15, 2019",141.32,141.675,141.985,140.95,-0.13%
"Apr 13, 2019",141.5,141.5,141.5,141.5,0.00%
"Apr 12, 2019",141.5,141.37,142.16,141.37,-0.11%
"Apr 11, 2019",141.65,141.27,141.65,141.27,0.02%
"Apr 10, 2019",141.625,141.175,141.675,141.175,0.00%
"Apr 09, 2019",141.625,141.575,141.725,139.625,0.02%
"Apr 08, 2019",141.6,141,141.7,139.3,0.11%
"Apr 06, 2019",141.45,141.45,141.45,141.45,0.00%
"Apr 05, 2019",141.45,141.55,141.83,139.8,-0.09%
"Apr 04, 2019",141.575,140.575,141.825,139.675,-0.05%
"Apr 03, 2019",141.65,140.25,141.8,139.6,0.96%
"Apr 02, 2019",140.3,141.1,141.45,139.65,-0.39%
"Apr 01, 2019",140.85,140.75,141.04,138.55,0.04%
"Mar 30, 2019",140.8,140.8,140.8,140.8,0.00%
"Mar 29, 2019",140.8,139.3,140.9,139.3,0.16%
"Mar 28, 2019",140.575,139.375,140.625,139.085,0.00%
"Mar 27, 2019",140.575,139.375,140.625,139.375,-0.02%
"Mar 26, 2019",140.6,140.6,140.63,139.3,0.00%
"Mar 25, 2019",140.6,139.3,140.65,139.1,0.70%
"Mar 23, 2019",139.625,139.625,139.625,139.625,-0.45%
"Mar 22, 2019",140.25,139.05,140.9,139.05,0.05%
"Mar 21, 2019",140.175,138.925,140.455,138.825,0.03%
"Mar 20, 2019",140.135,140.065,140.815,138.865,0.02%
"Mar 19, 2019",140.1,138.9,140.81,138.9,0.02%
"Mar 18, 2019",140.075,139.225,140.815,138.925,0.16%
"Mar 16, 2019",139.85,139.85,139.85,139.85,0.00%
"Mar 15, 2019",139.85,138.85,140.35,138.85,0.00%
"Mar 14, 2019",139.85,138.63,140.81,138.63,-0.02%
"Mar 13, 2019",139.875,138.425,139.955,138.425,0.00%
"Mar 12, 2019",139.875,138.425,139.925,138.425,0.10%
"Mar 11, 2019",139.735,139.015,139.865,138.365,-0.01%
"Mar 09, 2019",139.75,139.75,139.75,139.75,0.00%
"Mar 08, 2019",139.75,139.9,140.51,138.45,-0.05%
"Mar 07, 2019",139.825,139.775,139.835,138.395,0.02%
"Mar 06, 2019",139.8,139.8,139.8,138.42,0.00%
"Mar 05, 2019",139.8,139.72,140.83,138.4,0.03%
"Mar 04, 2019",139.76,138.89,140.14,138.49,0.82%
"Mar 02, 2019",138.625,138.625,138.625,138.625,0.00%
"Mar 01, 2019",138.625,139.055,139.375,137.485,-0.87%
"Feb 28, 2019",139.84,139.81,140.16,138.31,0.01%
"Feb 27, 2019",139.825,139.825,140.325,138.925,0.81%
"Feb 26, 2019",138.7,139,139.4,137.75,-0.77%
"Feb 25, 2019",139.775,139.675,140.025,136.675,0.04%
"Feb 23, 2019",139.725,139.725,139.725,139.725,0.00%
"Feb 22, 2019",139.725,139.875,140.815,138.405,-0.05%
"Feb 21, 2019",139.8,140,140.82,138.35,-0.07%
"Feb 20, 2019",139.9,139.85,140.02,138.35,0.02%
"Feb 19, 2019",139.875,139.425,140.025,138.525,0.16%
"Feb 18, 2019",139.65,140.15,140.15,138.55,0.49%
"Feb 16, 2019",138.975,138.975,138.975,138.975,-0.66%
"Feb 15, 2019",139.9,139.9,139.98,138.4,0.65%
"Feb 14, 2019",139,139.55,139.55,138.15,-0.64%
"Feb 13, 2019",139.9,139.7,139.95,138.5,0.07%
"Feb 12, 2019",139.8,139.8,140.08,138.6,0.00%
"Feb 11, 2019",139.8,139.4,140.1,138.58,0.14%
"Feb 09, 2019",139.6,139.6,139.6,139.6,0.00%
"Feb 08, 2019",139.6,139.55,140,138.23,0.02%
"Feb 07, 2019",139.575,139.525,139.625,138.205,0.02%
"Feb 06, 2019",139.55,139.65,139.65,138.23,-0.04%
"Feb 05, 2019",139.6,139.6,140.02,138.81,0.00%
"Feb 04, 2019",139.6,139.45,140.02,138.29,0.05%
"Feb 02, 2019",139.525,139.525,139.525,139.525,0.00%
"Feb 01, 2019",139.525,139.075,139.685,138.255,0.16%
"Jan 31, 2019",139.3,140.17,140.53,138.3,-0.31%
"Jan 30, 2019",139.735,139.865,140.095,138.335,-0.05%
"Jan 29, 2019",139.8,139.8,139.9,138.27,0.00%
"Jan 28, 2019",139.8,139.95,140.07,138.4,-0.05%
"Jan 26, 2019",139.875,139.875,139.875,139.875,0.00%
"Jan 25, 2019",139.875,139.875,139.955,138.225,0.00%
"Jan 24, 2019",139.875,139.875,139.995,138.425,0.00%
"Jan 23, 2019",139.875,139.875,140.245,138.455,0.00%
"Jan 22, 2019",139.875,139.825,140.365,138.515,0.02%
"Jan 21, 2019",139.85,139.13,139.98,138.41,-0.02%
"Jan 19, 2019",139.88,139.88,139.88,139.88,0.00%
"Jan 18, 2019",139.88,139.88,139.97,138.35,0.00%
"Jan 17, 2019",139.88,139.89,139.99,135.44,0.00%
"Jan 16, 2019",139.885,139.885,139.965,138.425,0.00%
"Jan 15, 2019",139.885,139.845,140.915,138.445,0.01%
"Jan 14, 2019",139.865,139.885,139.985,138.385,-0.01%
"Jan 12, 2019",139.875,139.875,139.875,139.875,0.00%
"Jan 11, 2019",139.875,139.875,140.235,138.275,0.00%
"Jan 10, 2019",139.875,139.875,140.925,138.325,0.00%
"Jan 09, 2019",139.875,139.875,139.975,138.355,0.00%
"Jan 08, 2019",139.875,139.825,139.975,138.365,0.02%
"Jan 07, 2019",139.85,139.85,140,138.4,0.00%
"Jan 05, 2019",139.85,139.85,139.85,139.85,0.00%
"Jan 04, 2019",139.85,139.85,140,135.37,0.00%
"Jan 03, 2019",139.85,139.85,140.04,138.35,0.00%
"Jan 02, 2019",139.85,139.75,140.05,138.3,0.04%
"Jan 01, 2019",139.8,139.8,139.8,139.8,0.00%
"Dec 31, 2018",139.8,140,140,138.25,-0.07%
"Dec 29, 2018",139.9,139.9,139.9,139.9,0.00%
"Dec 28, 2018",139.9,139.8,139.96,138.05,0.04%
"Dec 27, 2018",139.85,139.85,140.09,138.35,0.00%
"Dec 26, 2018",139.85,139.9,139.97,139.21,-0.02%
"Dec 25, 2018",139.875,139.875,139.875,139.875,0.00%
"Dec 24, 2018",139.875,139.175,139.875,138.325,0.59%
"Dec 22, 2018",139.05,139.05,139.05,139.05,-0.54%
"Dec 21, 2018",139.81,139.95,140,139.25,-0.05%
"Dec 20, 2018",139.875,139.875,139.875,139.625,0.00%
"Dec 19, 2018",139.875,139.825,139.875,139.185,0.02%
"Dec 18, 2018",139.85,139.85,139.85,138.2,0.00%
"Dec 17, 2018",139.85,139.85,139.85,139.65,0.50%
"Dec 15, 2018",139.15,139.15,139.15,139.15,-0.50%
"Dec 14, 2018",139.85,139.85,139.95,139.21,0.61%
"Dec 13, 2018",139,139.3,139.42,137.8,-0.61%
"Dec 12, 2018",139.85,139.75,140,135,0.04%
"Dec 11, 2018",139.8,139.8,140.05,135.1,0.00%
"Dec 10, 2018",139.8,139.2,139.9,135.05,0.58%
"Dec 08, 2018",139,139,139,139,-0.55%
"Dec 07, 2018",139.775,139.675,139.975,138.025,0.04%
"Dec 06, 2018",139.725,139.475,139.775,137.675,0.09%
"Dec 05, 2018",139.6,138.6,139.9,137.25,0.36%
"Dec 04, 2018",139.1,139.2,139.6,137.55,-0.04%
"Dec 03, 2018",139.15,138.65,139.35,135.7,0.18%
"Dec 01, 2018",138.9,138.9,138.9,138.9,0.00%
"Nov 30, 2018",138.9,136,143.1,134.42,3.31%
"Nov 29, 2018",134.45,134.48,134.6,132.92,-0.01%
"Nov 28, 2018",134.465,134.485,134.615,132.905,-0.01%
"Nov 27, 2018",134.475,134.425,134.605,132.895,0.02%
"Nov 26, 2018",134.45,134.4,134.6,132.87,0.02%
"Nov 24, 2018",134.425,134.425,134.425,134.425,0.00%
"Nov 23, 2018",134.425,134.425,134.605,132.825,0.00%
"Nov 22, 2018",134.425,134.425,134.605,132.925,0.00%
"Nov 21, 2018",134.425,134.425,134.605,133.125,0.00%
"Nov 20, 2018",134.425,134.425,134.605,133.125,0.00%
"Nov 19, 2018",134.425,134.455,134.615,133.125,-0.01%
"Nov 17, 2018",134.44,134.44,134.44,134.44,0.00%
"Nov 16, 2018",134.44,134.42,134.6,133.11,0.01%
"Nov 15, 2018",134.43,134.47,134.6,132.89,-0.01%
"Nov 14, 2018",134.45,134.35,134.6,133.1,0.04%
"Nov 13, 2018",134.4,134.4,134.6,132.58,0.00%
"Nov 12, 2018",134.4,133.6,134.6,131.7,0.30%
"Nov 10, 2018",134,134,134,134,0.00%
"Nov 09, 2018",134,133.25,134.9,132.1,0.28%
"Nov 08, 2018",133.625,133.625,134.775,132.475,0.00%
"Nov 07, 2018",133.625,133.775,134.605,132.475,-0.06%
"Nov 06, 2018",133.7,133.6,134.6,132.4,0.04%
"Nov 05, 2018",133.65,133.71,134.65,132.45,-0.02%
"Nov 03, 2018",133.68,133.68,133.68,133.68,0.00%
"Nov 02, 2018",133.68,133.72,134.6,132.22,-0.01%
"Nov 01, 2018",133.7,133.85,134.19,132.41,-0.06%
"Oct 31, 2018",133.775,133.575,134.185,131.835,0.07%
"Oct 30, 2018",133.675,133.775,134.185,132.015,-0.04%
"Oct 29, 2018",133.725,133.275,134.215,131.235,0.17%
"Oct 27, 2018",133.5,133.5,133.5,133.5,0.00%
"Oct 26, 2018",133.5,133.4,134.26,131.46,0.04%
"Oct 25, 2018",133.45,133.8,134.19,131.51,1.94%
"Oct 24, 2018",130.91,133.51,133.71,130.77,-1.88%
"Oct 23, 2018",133.42,134.68,134.78,133.01,-0.06%
"Oct 22, 2018",133.5,134.41,134.66,132.49,0.77%
"Oct 20, 2018",132.475,132.475,132.475,132.475,0.00%
"Oct 19, 2018",132.475,134.335,134.385,132.465,-0.72%
"Oct 18, 2018",133.44,134.53,134.53,132.39,0.24%
"Oct 17, 2018",133.115,134.485,134.535,128.205,1.33%
"Oct 16, 2018",131.37,134.13,134.58,131.29,-1.14%
"Oct 15, 2018",132.88,132.66,133.81,129.47,-0.09%
"Oct 13, 2018",133,133,133,133,0.00%
"Oct 12, 2018",133,131.81,133,130.8,1.44%
"Oct 11, 2018",131.115,132.605,134.565,127.915,-1.60%
"Oct 10, 2018",133.25,133.56,134.51,132.05,-0.09%
"Oct 09, 2018",133.375,124.915,133.815,124.335,8.29%
"Oct 08, 2018",123.17,123.17,123.17,123.17,-0.47%
"Oct 06, 2018",123.75,123.75,123.75,123.75,0.00%
"Oct 05, 2018",123.745,123.295,123.925,123.015,0.00%
"Oct 04, 2018",123.75,123.46,124.96,123.14,0.00%
"Oct 03, 2018",123.75,123.39,124.91,123.23,0.12%
"Oct 02, 2018",123.6,123.56,123.6,123.56,0.16%
"Oct 01, 2018",123.4,123.16,124.94,123.16,-0.15%
"Sep 29, 2018",123.585,123.585,123.585,123.585,0.00%
"Sep 28, 2018",123.585,124.465,124.465,123.045,-0.13%
"Sep 27, 2018",123.75,123.19,123.81,122.95,0.00%
"Sep 26, 2018",123.75,123.19,123.81,122.95,0.45%
"Sep 25, 2018",123.195,125.025,125.025,123.175,-0.03%
"Sep 24, 2018",123.235,123.155,124.815,123.035,0.07%
"Sep 22, 2018",123.145,123.145,123.145,123.145,0.00%
"Sep 21, 2018",123.145,123.605,124.405,123.145,-0.48%
"Sep 20, 2018",123.735,123.415,124.375,122.995,-0.02%
"Sep 19, 2018",123.76,123.49,124.49,123.08,0.02%
"Sep 18, 2018",123.74,123.59,124.06,123.06,-0.12%
"Sep 17, 2018",123.89,123.78,124.51,122.19,0.04%
"Sep 15, 2018",123.845,123.845,123.845,123.845,0.00%
"Sep 14, 2018",123.845,122.955,124.315,122.955,0.62%
"Sep 13, 2018",123.085,123.915,124.445,122.325,-0.73%
"Sep 12, 2018",123.995,122.705,124.165,121.795,1.26%
"Sep 11, 2018",122.45,123.08,123.13,122.19,-0.45%
"Sep 10, 2018",123.005,123.895,123.895,122.335,-0.37%
"Sep 08, 2018",123.46,123.46,123.46,123.46,0.00%
"Sep 07, 2018",123.46,123.02,124.9,123.02,0.29%
"Sep 06, 2018",123.105,122.265,123.195,121.765,-0.01%
"Sep 05, 2018",123.12,123.35,123.35,122.28,-0.32%
"Sep 04, 2018",123.51,124.88,124.88,122.16,0.32%
"Sep 03, 2018",123.11,123.07,123.11,123.07,0.10%
"Sep 01, 2018",122.985,122.985,122.985,122.985,0.00%
"Aug 31, 2018",122.985,122.985,123.225,122.985,-0.05%
"Aug 30, 2018",123.05,123.01,123.24,123,0.02%
"Aug 29, 2018",123.02,125.07,125.07,122.35,-0.03%
"Aug 28, 2018",123.06,124.59,124.59,122.27,-0.01%
"Aug 27, 2018",123.07,122.86,123.19,122.86,0.55%
"Aug 25, 2018",122.4,122.4,122.4,122.4,0.00%
"Aug 24, 2018",122.4,123.36,123.36,122.4,-1.25%
"Aug 23, 2018",123.945,122.195,124.565,122.105,1.24%
"Aug 22, 2018",122.425,124.725,124.725,122.425,-0.02%
"Aug 21, 2018",122.455,122.455,122.455,122.455,0.00%
"Aug 20, 2018",122.455,124.455,124.455,122.295,-1.01%
"Aug 18, 2018",123.71,123.71,123.71,123.71,0.00%
"Aug 17, 2018",123.71,124.26,124.41,122.1,0.33%
"Aug 16, 2018",123.3,123.5,123.5,121.75,-0.32%
"Aug 15, 2018",123.7,123.71,124.49,122.54,-0.11%
"Aug 14, 2018",123.835,122.915,124.515,122.795,0.75%
"Aug 13, 2018",122.915,124.725,124.725,122.675,-0.84%
"Aug 11, 2018",123.95,123.95,123.95,123.95,0.00%
"Aug 10, 2018",123.95,124.56,124.59,122.71,-0.08%
"Aug 09, 2018",124.05,124.86,124.86,123.01,0.01%
"Aug 08, 2018",124.04,123.69,124.63,123.28,-0.05%
"Aug 07, 2018",124.1,124.2,124.55,122.55,0.90%
"Aug 06, 2018",122.995,124.845,125.045,122.325,-0.79%
"Aug 04, 2018",123.98,123.98,123.98,123.98,0.00%
"Aug 03, 2018",123.98,124.41,124.66,122.19,0.86%
"Aug 02, 2018",122.925,122.895,124.615,122.895,-0.55%
"Aug 01, 2018",123.6,124.41,125.19,122.91,-0.37%
"Jul 31, 2018",124.06,122.3,124.63,122.3,2.01%
"Jul 30, 2018",121.615,128.715,129.065,120.255,-5.27%
"Jul 28, 2018",128.375,128.375,128.375,128.375,0.00%
"Jul 27, 2018",128.375,128.625,128.815,127.115,-0.48%
"Jul 26, 2018",129,129.28,129.85,127.79,-0.11%
"Jul 25, 2018",129.14,129.14,129.35,127.85,0.00%
"Jul 24, 2018",129.14,129.26,129.54,127.85,-0.05%
"Jul 23, 2018",129.2,129.2,129.53,128.06,0.00%
"Jul 21, 2018",129.2,129.2,129.2,129.2,0.00%
"Jul 20, 2018",129.2,128.9,129.2,128.46,0.12%
"Jul 19, 2018",129.05,129.05,129.19,128.64,0.47%
"Jul 18, 2018",128.45,127.82,128.55,126.64,0.47%
"Jul 17, 2018",127.85,126.54,128.05,126.54,2.28%
"Jul 16, 2018",125,122.5,125.19,122.5,2.67%
"Jul 14, 2018",121.75,121.75,121.75,121.75,0.00%
"Jul 13, 2018",121.75,122.32,122.32,121.1,0.00%
"Jul 12, 2018",121.755,121.725,121.765,120.435,0.01%
"Jul 11, 2018",121.74,121.73,121.74,120.55,0.00%
"Jul 10, 2018",121.735,121.735,121.785,121.055,0.00%
"Jul 09, 2018",121.735,121.715,121.735,120.505,0.01%
"Jul 07, 2018",121.725,121.725,121.725,121.725,0.00%
"Jul 06, 2018",121.725,121.725,121.725,120.415,0.00%
"Jul 05, 2018",121.725,121.725,121.725,121.115,0.00%
"Jul 04, 2018",121.725,121.725,121.725,121.725,0.00%
"Jul 03, 2018",121.725,121.705,121.855,120.515,0.01%
"Jul 02, 2018",121.715,121.755,121.755,120.525,-0.02%
"Jun 30, 2018",121.735,121.735,121.735,121.735,0.00%
"Jun 29, 2018",121.735,121.735,121.735,120.505,0.00%
"Jun 28, 2018",121.735,121.725,121.735,120.505,0.00%
"Jun 27, 2018",121.73,121.62,121.73,120.46,0.05%
"Jun 26, 2018",121.675,121.675,121.725,120.365,0.00%
"Jun 25, 2018",121.675,121.625,121.675,120.365,0.02%
"Jun 23, 2018",121.65,121.65,121.65,121.65,0.00%
"Jun 22, 2018",121.65,121.65,121.65,120.39,0.00%
"Jun 21, 2018",121.65,121.35,121.65,120.39,0.12%
"Jun 20, 2018",121.5,121.1,121.9,120.54,0.16%
"Jun 19, 2018",121.3,121.3,122.3,120.24,1.63%
"Jun 18, 2018",119.35,119.35,119.35,119.35,-0.45%
"Jun 16, 2018",119.89,119.89,119.89,119.89,0.00%
"Jun 15, 2018",119.89,119.38,119.89,119.21,0.26%
"Jun 14, 2018",119.585,120.375,120.375,119.585,1.13%
"Jun 13, 2018",118.245,119.945,119.945,118.245,-0.69%
"Jun 12, 2018",119.065,119.315,119.315,117.855,1.13%
"Jun 11, 2018",117.735,116.355,117.975,115.165,1.69%
"Jun 09, 2018",115.78,115.78,115.78,115.78,0.00%
"Jun 08, 2018",115.78,115.78,115.78,114.59,0.00%
"Jun 07, 2018",115.78,115.78,115.78,114.59,0.00%
"Jun 06, 2018",115.78,115.78,115.78,114.59,0.00%
"Jun 05, 2018",115.78,115.78,115.78,114.59,0.00%
"Jun 04, 2018",115.78,115.79,115.79,114.59,0.00%
"Jun 02, 2018",115.785,115.785,115.785,115.785,0.00%
"Jun 01, 2018",115.785,115.765,115.785,114.585,0.01%
"May 31, 2018",115.775,115.775,115.775,114.595,0.14%
"May 30, 2018",115.61,115.75,115.75,114.57,-0.14%
"May 29, 2018",115.775,115.775,115.775,114.595,0.00%
"May 28, 2018",115.775,115.775,115.775,114.595,0.15%
"May 26, 2018",115.6,115.6,115.6,115.6,-0.15%
"May 25, 2018",115.775,115.775,115.775,114.595,0.00%
"May 24, 2018",115.775,115.775,115.775,114.595,0.00%
"May 23, 2018",115.775,115.775,115.775,114.595,0.19%
"May 22, 2018",115.55,116.36,116.36,115.18,-0.19%
"May 21, 2018",115.775,115.785,115.785,114.595,0.00%
"May 19, 2018",115.78,115.78,115.78,115.78,0.00%
"May 18, 2018",115.78,115.78,115.78,114.59,0.00%
"May 17, 2018",115.78,115.78,115.78,114.59,0.00%
"May 16, 2018",115.78,115.77,115.78,114.59,0.00%
"May 15, 2018",115.775,115.775,115.775,114.595,-0.46%
"May 14, 2018",116.305,116.345,116.345,115.155,0.65%
"May 12, 2018",115.55,115.55,115.55,115.55,-0.20%
"May 11, 2018",115.78,115.78,115.78,114.59,0.00%
"May 10, 2018",115.78,115.77,115.78,114.59,0.00%
"May 09, 2018",115.775,115.775,115.775,114.585,0.00%
"May 08, 2018",115.775,115.775,115.775,114.585,0.00%
"May 07, 2018",115.775,115.775,115.775,114.585,0.00%
"May 05, 2018",115.775,115.775,115.775,115.775,0.00%
"May 04, 2018",115.775,115.775,115.775,114.585,0.00%
"May 03, 2018",115.775,115.785,115.785,114.415,0.00%
"May 02, 2018",115.78,115.76,115.78,114.58,0.01%
"May 01, 2018",115.77,115.77,115.77,114.59,0.00%
"Apr 30, 2018",115.77,115.78,115.78,114.59,0.00%
"Apr 28, 2018",115.775,115.775,115.775,115.775,0.00%
"Apr 27, 2018",115.775,115.775,115.775,114.585,0.00%
"Apr 26, 2018",115.775,115.775,115.775,114.585,0.00%
"Apr 25, 2018",115.775,116.355,116.365,115.175,0.00%
"Apr 24, 2018",115.77,115.77,115.77,114.59,0.00%
"Apr 23, 2018",115.77,115.78,115.8,114.59,0.00%
"Apr 21, 2018",115.775,115.775,115.775,115.775,0.00%
"Apr 20, 2018",115.775,115.785,115.785,114.585,0.00%
"Apr 19, 2018",115.78,115.78,115.78,114.58,0.00%
"Apr 18, 2018",115.78,115.77,115.78,114.58,0.00%
"Apr 17, 2018",115.775,115.775,115.775,114.585,0.00%
"Apr 16, 2018",115.775,115.775,115.775,114.585,0.00%
"Apr 14, 2018",115.775,115.775,115.775,115.775,0.00%
"Apr 13, 2018",115.775,115.765,115.775,114.965,0.00%
"Apr 12, 2018",115.77,115.75,115.77,115.04,0.01%
"Apr 11, 2018",115.76,115.8,115.8,115.57,-0.02%
"Apr 10, 2018",115.78,115.74,115.78,115.66,0.02%
"Apr 09, 2018",115.76,115.8,115.8,114.53,-0.02%
"Apr 07, 2018",115.78,115.78,115.78,115.78,0.00%
"Apr 06, 2018",115.78,115.78,115.78,115.62,0.00%
"Apr 05, 2018",115.78,115.67,115.78,114.62,0.05%
"Apr 04, 2018",115.725,115.725,115.725,114.675,0.00%
"Apr 03, 2018",115.725,115.725,115.725,115.615,0.00%
"Apr 02, 2018",115.725,115.695,115.725,114.465,0.01%
"Apr 01, 2018",115.71,115.71,115.71,115.71,0.00%
"Mar 31, 2018",115.71,115.71,115.71,115.71,0.00%
"Mar 30, 2018",115.71,115.69,115.71,115.6,0.01%
"Mar 29, 2018",115.7,115.7,115.7,115.59,0.00%
"Mar 28, 2018",115.7,115.75,115.75,115.5,-0.02%
"Mar 27, 2018",115.725,115.585,115.775,115.375,0.11%
"Mar 26, 2018",115.6,115.6,115.7,114.28,0.00%
"Mar 25, 2018",115.6,115.6,115.6,115.6,0.00%
"Mar 24, 2018",115.6,115.6,115.6,115.6,0.00%
"Mar 23, 2018",115.6,115.19,115.86,115.19,0.00%
"Mar 22, 2018",115.6,114.7,115.98,114.7,0.39%
"Mar 21, 2018",115.15,114.85,115.87,114.85,0.13%
"Mar 20, 2018",115,111.53,115.1,111.53,3.82%
"Mar 19, 2018",110.765,110.755,110.765,109.915,0.00%
"Mar 18, 2018",110.76,110.76,110.76,110.76,0.00%
"Mar 17, 2018",110.76,110.76,110.76,110.76,0.00%
"Mar 16, 2018",110.76,110.76,110.76,110.54,0.00%
"Mar 15, 2018",110.76,110.76,110.76,110.54,0.00%
"Mar 14, 2018",110.76,110.76,110.76,110.65,0.00%
"Mar 13, 2018",110.76,110.71,110.76,110.54,0.00%
"Mar 12, 2018",110.76,110.76,110.76,109.87,0.13%
"Mar 11, 2018",110.62,110.62,110.62,110.62,0.00%
"Mar 10, 2018",110.62,110.62,110.62,110.62,-0.13%
"Mar 09, 2018",110.76,110.77,110.77,109.87,0.00%
"Mar 08, 2018",110.765,110.755,110.765,109.915,0.00%
"Mar 07, 2018",110.76,110.74,110.76,109.87,0.01%
"Mar 06, 2018",110.75,110.75,110.77,109.88,0.00%
"Mar 05, 2018",110.75,110.77,110.77,109.93,0.16%
"Mar 04, 2018",110.57,110.57,110.57,110.57,0.00%
"Mar 03, 2018",110.57,110.57,110.57,110.57,0.00%
"Mar 02, 2018",110.57,110.62,110.62,110.51,-0.17%
"Mar 01, 2018",110.76,110.77,110.77,110.64,0.00%
"Feb 28, 2018",110.765,110.765,110.765,110.705,0.00%
"Feb 27, 2018",110.765,110.655,110.765,110.655,0.10%
"Feb 26, 2018",110.65,111.33,111.34,110.48,0.09%
"Feb 25, 2018",110.55,110.55,110.55,110.55,0.00%
"Feb 24, 2018",110.55,110.55,110.55,110.55,0.00%
"Feb 23, 2018",110.55,110.62,110.62,110.5,-0.19%
"Feb 22, 2018",110.76,110.19,110.76,109.7,0.00%
"Feb 21, 2018",110.76,110.71,110.76,110.64,0.01%
"Feb 20, 2018",110.75,110.75,110.76,110.64,0.00%
"Feb 19, 2018",110.75,110.76,110.76,109.91,0.18%
"Feb 18, 2018",110.55,110.55,110.55,110.55,0.00%
"Feb 17, 2018",110.55,110.55,110.55,110.55,-0.19%
"Feb 16, 2018",110.755,110.755,110.755,110.695,0.00%
"Feb 15, 2018",110.755,110.755,110.755,110.185,0.00%
"Feb 14, 2018",110.755,110.755,110.755,110.645,0.00%
"Feb 13, 2018",110.755,110.765,110.765,110.645,0.13%
"Feb 12, 2018",110.61,111.33,111.33,110.48,0.19%
"Feb 11, 2018",110.4,110.4,110.4,110.4,0.00%
"Feb 10, 2018",110.4,110.4,110.4,110.4,-0.26%
"Feb 09, 2018",110.69,110.84,110.86,110.69,-0.06%
"Feb 08, 2018",110.76,110.76,110.76,110.69,0.00%
"Feb 07, 2018",110.76,110.59,110.76,110.59,0.04%
"Feb 06, 2018",110.715,110.825,110.825,110.715,-0.04%
"Feb 05, 2018",110.76,110.76,110.76,109.91,0.17%
"Feb 04, 2018",110.57,110.57,110.57,110.57,0.00%
"Feb 03, 2018",110.57,110.57,110.57,110.57,0.02%
"Feb 02, 2018",110.55,110.5,110.62,110.5,-0.19%
"Feb 01, 2018",110.755,110.765,110.765,110.625,0.00%
"Jan 31, 2018",110.76,110.76,110.76,110.62,0.00%
"Jan 30, 2018",110.76,110.76,110.76,110.62,0.00%
"Jan 29, 2018",110.76,110.75,110.76,109.88,0.19%
"Jan 28, 2018",110.55,110.55,110.55,110.55,0.00%
"Jan 27, 2018",110.55,110.55,110.55,110.55,-0.19%
"Jan 26, 2018",110.755,110.755,110.755,110.705,0.00%
"Jan 25, 2018",110.755,110.755,110.755,110.645,0.19%
"Jan 24, 2018",110.55,110.61,110.61,110.5,-0.19%
"Jan 23, 2018",110.76,110.78,110.78,109.9,0.00%
"Jan 22, 2018",110.755,110.755,110.755,109.885,-0.18%
"Jan 21, 2018",110.955,110.955,110.955,110.955,0.00%
"Jan 20, 2018",110.955,110.955,110.955,110.955,0.00%
"Jan 19, 2018",110.955,111.075,111.075,109.745,0.18%
"Jan 18, 2018",110.76,110.74,110.76,110.62,-0.34%
"Jan 17, 2018",111.14,111.26,111.26,110.64,0.19%
"Jan 16, 2018",110.925,111.325,111.415,110.655,0.15%
"Jan 15, 2018",110.755,110.755,110.755,109.895,0.19%
"Jan 14, 2018",110.55,110.55,110.55,110.55,0.00%
"Jan 13, 2018",110.55,110.55,110.55,110.55,-0.19%
"Jan 12, 2018",110.755,110.745,110.755,110.645,0.00%
"Jan 11, 2018",110.75,110.75,110.75,109.44,-0.23%
"Jan 10, 2018",111,111.31,111.31,110.55,0.23%
"Jan 09, 2018",110.75,110.75,110.75,109.69,0.00%
"Jan 08, 2018",110.75,111.31,111.31,109.9,0.18%
"Jan 07, 2018",110.55,110.55,110.55,110.55,0.00%
"Jan 06, 2018",110.55,110.55,110.55,110.55,-0.18%
"Jan 05, 2018",110.75,110.72,110.75,110.07,0.01%
"Jan 04, 2018",110.735,110.735,110.735,110.085,0.00%
"Jan 03, 2018",110.735,110.665,110.735,110.185,0.03%
"Jan 02, 2018",110.7,110.7,110.7,109.34,0.35%
"Jan 01, 2018",110.31,110.31,110.31,110.31,-0.35%
"Dec 31, 2017",110.7,110.7,110.7,110.7,0.00%
"Dec 30, 2017",110.7,110.7,110.7,110.7,0.00%
"Dec 29, 2017",110.7,110.7,110.7,110.14,0.00%
"Dec 28, 2017",110.7,110.7,110.8,110.19,0.00%
"Dec 27, 2017",110.7,110.7,110.7,110.59,0.00%
"Dec 26, 2017",110.7,111.21,111.21,110.4,0.45%
"Dec 25, 2017",110.2,110.2,110.2,110.2,-0.45%
"Dec 24, 2017",110.7,110.7,110.7,110.7,0.00%
"Dec 23, 2017",110.7,110.7,110.7,110.7,0.00%
"Dec 22, 2017",110.7,110.7,110.7,110.19,-0.29%
"Dec 21, 2017",111.02,111.04,111.15,109.92,0.61%
"Dec 20, 2017",110.35,110.19,110.52,110.19,-0.23%
"Dec 19, 2017",110.6,110.56,111.11,109.45,0.66%
"Dec 18, 2017",109.875,109.875,109.875,109.185,0.00%
"Dec 17, 2017",109.875,109.875,109.875,109.875,0.00%
"Dec 16, 2017",109.875,109.875,109.875,109.875,0.00%
"Dec 15, 2017",109.875,109.725,110.025,109.015,0.07%
"Dec 14, 2017",109.8,109.2,109.8,109.09,0.27%
"Dec 13, 2017",109.5,109.5,109.85,108.74,0.04%
"Dec 12, 2017",109.455,107.965,109.815,107.965,1.82%
"Dec 11, 2017",107.5,106.81,108.91,106.81,1.56%
"Dec 10, 2017",105.85,105.85,105.85,105.85,0.00%
"Dec 09, 2017",105.85,105.85,105.85,105.85,0.00%
"Dec 08, 2017",105.85,106.1,106.1,105.85,0.41%
"Dec 07, 2017",105.415,105.415,105.415,105.315,0.00%
"Dec 06, 2017",105.415,105.545,105.545,105.395,0.16%
"Dec 05, 2017",105.25,105.3,105.3,105.25,-0.14%
"Dec 04, 2017",105.4,105.55,105.55,105.4,0.02%
"Dec 03, 2017",105.375,105.375,105.375,105.375,0.00%
"Dec 02, 2017",105.375,105.375,105.375,105.375,0.00%
"Dec 01, 2017",105.375,105.375,105.475,105.295,0.00%
"Nov 30, 2017",105.375,105.495,105.495,105.295,-0.04%
"Nov 29, 2017",105.415,105.585,105.585,105.355,0.16%
"Nov 28, 2017",105.25,105.5,105.5,105.25,-0.08%
"Nov 27, 2017",105.33,105.6,105.6,105.33,0.14%
"Nov 26, 2017",105.185,105.185,105.185,105.185,0.00%
"Nov 25, 2017",105.185,105.185,105.185,105.185,0.00%
"Nov 24, 2017",105.185,105.435,105.435,105.185,-0.11%
"Nov 23, 2017",105.3,105.3,105.3,105.3,-0.05%
"Nov 22, 2017",105.35,105.5,105.5,105.35,0.14%
"Nov 21, 2017",105.2,105.24,105.24,105.2,-0.05%
"Nov 20, 2017",105.25,105.31,105.31,105.25,-0.06%
"Nov 19, 2017",105.315,105.315,105.315,105.315,0.00%
"Nov 18, 2017",105.315,105.315,105.315,105.315,0.00%
"Nov 17, 2017",105.315,105.515,105.515,105.315,0.01%
"Nov 16, 2017",105.305,105.305,105.305,105.255,0.00%
"Nov 15, 2017",105.305,105.535,105.535,105.305,0.05%
"Nov 14, 2017",105.25,105.43,105.43,105.25,-0.09%
"Nov 13, 2017",105.35,105.48,105.48,105.3,0.38%
"Nov 12, 2017",104.95,104.95,104.95,104.95,0.00%
"Nov 11, 2017",104.95,104.95,104.95,104.95,0.00%
"Nov 10, 2017",104.95,104.95,104.95,104.95,-0.10%
"Nov 09, 2017",105.05,105.15,105.15,105.05,-0.14%
"Nov 08, 2017",105.2,105.2,105.2,105.2,-0.05%
"Nov 07, 2017",105.25,105.25,105.25,105.25,-0.05%
"Nov 06, 2017",105.3,105.53,105.53,105.3,0.02%
"Nov 05, 2017",105.28,105.28,105.28,105.28,0.00%
"Nov 04, 2017",105.28,105.28,105.28,105.28,0.00%
"Nov 03, 2017",105.28,105.25,105.28,105.25,0.02%
"Nov 02, 2017",105.255,105.365,105.365,105.255,0.05%
"Nov 01, 2017",105.2,105.25,105.25,105.15,-0.17%
"Oct 31, 2017",105.375,105.315,105.495,105.245,0.06%
"Oct 30, 2017",105.315,105.515,105.515,105.295,-0.03%
"Oct 29, 2017",105.35,105.35,105.35,105.35,0.00%
"Oct 28, 2017",105.35,105.35,105.35,105.35,0.00%
"Oct 27, 2017",105.35,105.45,105.45,105.35,0.00%
"Oct 26, 2017",105.355,105.435,105.455,105.335,0.05%
"Oct 25, 2017",105.305,105.355,105.405,105.305,-0.07%
"Oct 24, 2017",105.375,105.275,105.375,105.275,0.07%
"Oct 23, 2017",105.3,105.53,105.53,105.3,-0.05%
"Oct 22, 2017",105.35,105.35,105.35,105.35,0.00%
"Oct 21, 2017",105.35,105.35,105.35,105.35,0.00%
"Oct 20, 2017",105.35,105.45,105.45,105.3,0.14%
"Oct 19, 2017",105.2,105.29,105.29,105.2,-0.05%
"Oct 18, 2017",105.25,105.2,105.39,105.2,-0.05%
"Oct 17, 2017",105.305,105.505,105.505,105.305,0.17%
"Oct 16, 2017",105.125,105.215,105.215,105.125,-0.12%
"Oct 15, 2017",105.25,105.25,105.25,105.25,0.00%
"Oct 14, 2017",105.25,105.25,105.25,105.25,0.00%
"Oct 13, 2017",105.25,105.46,105.46,105.25,0.33%
"Oct 12, 2017",104.9,105.05,105.05,104.9,-0.17%
"Oct 11, 2017",105.075,105.125,105.125,105.075,-0.24%
"Oct 10, 2017",105.33,105.14,105.39,105.14,0.07%
"Oct 09, 2017",105.255,105.255,105.255,105.255,0.00%
"Oct 08, 2017",105.255,105.255,105.255,105.255,0.00%
"Oct 07, 2017",105.255,105.255,105.255,105.255,0.00%
"Oct 06, 2017",105.255,105.445,105.445,105.255,0.00%
"Oct 05, 2017",105.25,105.45,105.45,105.25,-0.15%
"Oct 04, 2017",105.405,105.405,105.405,105.405,0.03%
"Oct 03, 2017",105.375,105.515,105.515,105.305,0.07%
"Oct 02, 2017",105.3,105.3,105.3,105.3,-0.10%
"Oct 01, 2017",105.41,105.41,105.41,105.41,0.00%
"Sep 30, 2017",105.41,105.41,105.41,105.41,0.00%
"Sep 29, 2017",105.41,105.5,105.51,105.38,0.01%
"Sep 28, 2017",105.4,105.4,105.45,105.4,-0.02%
"Sep 27, 2017",105.425,105.275,105.445,105.275,0.05%
"Sep 26, 2017",105.375,105.505,105.505,105.325,0.03%
"Sep 25, 2017",105.345,105.455,105.455,105.245,-0.04%
"Sep 24, 2017",105.385,105.385,105.385,105.385,0.00%
"Sep 23, 2017",105.385,105.385,105.385,105.385,0.00%
"Sep 22, 2017",105.385,105.375,105.385,105.275,0.01%
"Sep 21, 2017",105.375,105.385,105.425,105.375,0.00%
"Sep 20, 2017",105.375,105.335,105.435,105.335,0.02%
"Sep 19, 2017",105.35,105.46,105.46,105.35,0.02%
"Sep 18, 2017",105.325,105.405,105.405,105.325,-0.02%
"Sep 17, 2017",105.35,105.35,105.35,105.35,0.00%
"Sep 16, 2017",105.35,105.35,105.35,105.35,0.00%
"Sep 15, 2017",105.35,105.46,105.46,105.35,0.05%
"Sep 14, 2017",105.295,105.145,105.395,105.145,0.09%
"Sep 13, 2017",105.2,105.35,105.46,105.2,-0.13%
"Sep 12, 2017",105.335,105.285,105.335,105.235,0.00%
"Sep 11, 2017",105.33,105.43,105.43,105.33,0.02%
"Sep 10, 2017",105.31,105.31,105.31,105.31,0.00%
"Sep 09, 2017",105.31,105.31,105.31,105.31,0.00%
"Sep 08, 2017",105.31,105.36,105.41,105.26,-0.04%
"Sep 07, 2017",105.35,105.35,105.35,105.3,0.01%
"Sep 06, 2017",105.34,105.18,105.34,105.04,0.00%
"Sep 05, 2017",105.335,105.435,105.435,105.185,0.22%
"Sep 04, 2017",105.1,105.1,105.1,105.1,0.00%
"Sep 03, 2017",105.1,105.1,105.1,105.1,0.00%
"Sep 02, 2017",105.1,105.1,105.1,105.1,0.00%
"Sep 01, 2017",105.1,105.15,105.2,105.1,-0.12%
"Aug 31, 2017",105.23,105.28,105.28,105.23,0.01%
"Aug 30, 2017",105.215,105.165,105.315,105.165,0.06%
"Aug 29, 2017",105.155,105.375,105.375,105.155,-0.19%
"Aug 28, 2017",105.36,105.31,105.36,105.31,-0.01%
"Aug 27, 2017",105.375,105.375,105.375,105.375,0.00%
"Aug 26, 2017",105.375,105.375,105.375,105.375,0.00%
"Aug 25, 2017",105.375,105.295,105.475,105.295,0.00%
"Aug 24, 2017",105.375,105.365,105.475,105.325,0.02%
"Aug 23, 2017",105.355,105.365,105.365,105.355,0.01%
"Aug 22, 2017",105.345,105.445,105.445,105.335,0.01%
"Aug 21, 2017",105.33,105.44,105.44,105.33,-0.02%
"Aug 20, 2017",105.35,105.35,105.35,105.35,0.00%
"Aug 19, 2017",105.35,105.35,105.35,105.35,0.00%
"Aug 18, 2017",105.35,105.34,105.35,105.34,0.01%
"Aug 17, 2017",105.34,105.46,105.46,105.34,0.01%
"Aug 16, 2017",105.33,105.34,105.34,105.33,-0.04%
"Aug 15, 2017",105.375,105.265,105.375,105.265,0.04%
"Aug 14, 2017",105.33,105.33,105.33,105.33,0.12%
"Aug 13, 2017",105.205,105.205,105.205,105.205,0.00%
"Aug 12, 2017",105.205,105.205,105.205,105.205,0.00%
"Aug 11, 2017",105.205,105.205,105.205,105.205,0.00%
"Aug 10, 2017",105.205,105.205,105.205,105.205,-0.15%
"Aug 09, 2017",105.36,105.46,105.46,105.36,0.10%
"Aug 08, 2017",105.25,105.26,105.3,105.25,-0.07%
"Aug 07, 2017",105.32,105.42,105.42,105.31,-0.04%
"Aug 06, 2017",105.36,105.36,105.36,105.36,0.03%
"Aug 05, 2017",105.33,105.33,105.33,105.33,0.00%
"Aug 04, 2017",105.33,105.34,105.35,105.33,0.00%
"Aug 03, 2017",105.33,105.35,105.44,105.29,-0.03%
"Aug 02, 2017",105.36,105.43,105.46,105.32,0.02%
"Aug 01, 2017",105.335,105.455,105.455,105.285,-0.06%
"Jul 31, 2017",105.4,105.46,105.46,105.4,0.04%
"Jul 30, 2017",105.355,105.355,105.355,105.355,0.00%
"Jul 29, 2017",105.355,105.355,105.355,105.355,0.00%
"Jul 28, 2017",105.355,105.455,105.455,105.345,0.01%
"Jul 27, 2017",105.34,105.44,105.44,105.32,0.01%
"Jul 26, 2017",105.325,105.445,105.455,105.245,0.05%
"Jul 25, 2017",105.27,105.35,105.37,105.27,-0.04%
"Jul 24, 2017",105.31,105.41,105.41,105.31,0.10%
"Jul 23, 2017",105.205,105.205,105.205,105.205,0.00%
"Jul 22, 2017",105.205,105.205,105.205,105.205,0.00%
"Jul 21, 2017",105.205,105.395,105.395,105.195,-0.07%
"Jul 20, 2017",105.28,105.32,105.39,105.28,0.07%
"Jul 19, 2017",105.205,105.345,105.345,105.205,-0.04%
"Jul 18, 2017",105.25,105.15,105.43,105.15,0.04%
"Jul 17, 2017",105.205,105.355,105.355,105.205,-0.01%
"Jul 16, 2017",105.22,105.22,105.22,105.22,0.00%
"Jul 15, 2017",105.22,105.22,105.22,105.22,0.00%
"Jul 14, 2017",105.22,105.18,105.22,105.13,0.02%
"Jul 13, 2017",105.2,105.05,105.35,105.05,0.09%
"Jul 12, 2017",105.11,105.21,105.26,105.11,-0.08%
"Jul 11, 2017",105.19,105.34,105.34,105.14,0.03%
"Jul 10, 2017",105.16,105.36,105.46,105.16,-0.65%
"Jul 09, 2017",105.85,105.85,105.85,105.85,0.00%
"Jul 08, 2017",105.85,105.85,105.85,105.85,0.00%
"Jul 07, 2017",105.85,105.5,105.9,105.5,-0.09%
"Jul 06, 2017",105.95,108,108,105.95,-1.94%
"Jul 05, 2017",108.05,108.16,108.66,108.05,3.08%
"Jul 04, 2017",104.825,104.835,104.835,104.825,-0.03%
"Jul 03, 2017",104.86,104.86,104.86,104.86,0.00%
"Jul 02, 2017",104.86,104.86,104.86,104.86,0.00%
"Jul 01, 2017",104.86,104.86,104.86,104.86,0.00%
"Jun 30, 2017",104.86,104.97,104.97,104.86,0.00%
"Jun 29, 2017",104.86,104.86,104.86,104.78,0.01%
"Jun 28, 2017",104.85,104.78,104.85,104.73,0.05%
"Jun 27, 2017",104.8,104.82,104.82,104.8,-0.04%
"Jun 26, 2017",104.84,104.82,104.87,104.77,0.00%
"Jun 25, 2017",104.845,104.845,104.845,104.845,0.00%
"Jun 24, 2017",104.845,104.845,104.845,104.845,0.00%
"Jun 23, 2017",104.845,104.785,104.845,104.785,0.04%
"Jun 22, 2017",104.805,104.815,104.865,104.805,-0.02%
"Jun 21, 2017",104.825,104.895,104.895,104.825,-0.02%
"Jun 20, 2017",104.85,104.94,104.94,104.8,0.03%
"Jun 19, 2017",104.815,104.955,104.955,104.815,0.04%
"Jun 18, 2017",104.775,104.775,104.775,104.775,0.00%
"Jun 17, 2017",104.775,104.775,104.775,104.775,-0.05%
"Jun 16, 2017",104.83,104.81,104.83,104.81,0.01%
"Jun 15, 2017",104.815,104.915,104.915,104.815,0.01%
"Jun 14, 2017",104.805,104.865,104.865,104.805,-0.01%
"Jun 13, 2017",104.815,104.925,104.925,104.815,0.11%
"Jun 12, 2017",104.7,104.91,104.91,104.65,-0.10%
"Jun 11, 2017",104.8,104.8,104.8,104.8,0.00%
"Jun 10, 2017",104.8,104.8,104.8,104.8,0.00%
"Jun 09, 2017",104.8,104.91,104.91,104.8,-0.04%
"Jun 08, 2017",104.84,104.95,104.95,104.84,0.00%
"Jun 07, 2017",104.84,104.91,104.91,104.84,-0.01%
"Jun 06, 2017",104.85,104.6,104.86,104.6,0.11%
"Jun 05, 2017",104.74,104.71,104.74,104.71,0.04%
"Jun 04, 2017",104.7,104.7,104.7,104.7,0.00%
"Jun 03, 2017",104.7,104.7,104.7,104.7,0.00%
"Jun 02, 2017",104.7,104.9,104.91,104.7,-0.05%
"Jun 01, 2017",104.755,104.845,104.965,104.755,-0.05%
"May 31, 2017",104.81,104.93,104.93,104.81,-0.01%
"May 30, 2017",104.825,104.925,104.925,104.815,0.02%
"May 29, 2017",104.8,104.8,104.8,104.8,0.00%
"May 28, 2017",104.8,104.8,104.8,104.8,0.00%
"May 27, 2017",104.8,104.8,104.8,104.8,0.00%
"May 26, 2017",104.8,104.91,104.91,104.8,0.01%
"May 25, 2017",104.79,104.89,104.89,104.78,-0.05%
"May 24, 2017",104.845,104.935,104.935,104.835,0.01%
"May 23, 2017",104.835,104.935,104.935,104.835,0.01%
"May 22, 2017",104.825,104.925,104.925,104.765,0.03%
"May 21, 2017",104.795,104.795,104.795,104.795,0.00%
"May 20, 2017",104.795,104.795,104.795,104.795,0.00%
"May 19, 2017",104.795,104.855,104.905,104.795,-0.02%
"May 18, 2017",104.815,104.795,104.855,104.795,-0.01%
"May 17, 2017",104.825,104.825,104.825,104.825,-0.02%
"May 16, 2017",104.85,104.95,104.95,104.85,0.05%
"May 15, 2017",104.8,104.88,104.88,104.8,0.02%
"May 14, 2017",104.775,104.775,104.775,104.775,0.00%
"May 13, 2017",104.775,104.775,104.775,104.775,0.00%
"May 12, 2017",104.775,104.865,104.865,104.775,0.07%
"May 11, 2017",104.7,104.85,104.85,104.7,-0.10%
"May 10, 2017",104.8,104.9,104.9,104.75,-0.08%
"May 09, 2017",104.885,104.895,104.895,104.795,0.07%
"May 08, 2017",104.815,104.915,104.915,104.805,0.06%
"May 07, 2017",104.75,104.75,104.75,104.75,0.00%
"May 06, 2017",104.75,104.75,104.75,104.75,0.00%
"May 05, 2017",104.75,104.88,104.88,104.75,-0.05%
"May 04, 2017",104.8,104.88,104.88,104.8,0.14%
"May 03, 2017",104.65,104.75,104.87,104.65,-0.11%
"May 02, 2017",104.76,104.84,104.84,104.6,0.06%
"May 01, 2017",104.7,104.75,104.75,104.7,-0.02%
"Apr 30, 2017",104.725,104.725,104.725,104.725,0.00%
"Apr 29, 2017",104.725,104.725,104.725,104.725,0.00%
"Apr 28, 2017",104.725,104.825,104.825,104.725,-0.02%
"Apr 27, 2017",104.75,104.9,104.9,104.62,0.12%
"Apr 26, 2017",104.625,104.675,104.675,104.575,-0.10%
"Apr 25, 2017",104.725,104.775,104.825,104.725,-0.08%
"Apr 24, 2017",104.805,104.805,104.805,104.805,0.00%
"Apr 23, 2017",104.8,104.8,104.8,104.8,0.00%
"Apr 22, 2017",104.8,104.8,104.9,104.8,0.00%
"Apr 21, 2017",104.8,104.8,104.9,104.8,0.00%
"Apr 20, 2017",104.795,104.795,104.795,104.695,-0.03%
"Apr 19, 2017",104.83,104.95,105.02,104.83,0.00%
"Apr 18, 2017",104.83,104.92,104.92,104.83,-0.04%
"Apr 17, 2017",104.87,104.93,104.93,104.85,0.04%
"Apr 16, 2017",104.825,104.825,104.825,104.825,0.00%
"Apr 15, 2017",104.825,104.825,104.825,104.825,0.00%
"Apr 14, 2017",104.825,104.895,104.895,104.775,-0.02%
"Apr 13, 2017",104.845,104.965,104.965,104.845,0.04%
"Apr 12, 2017",104.8,104.91,104.91,104.8,0.09%
"Apr 11, 2017",104.705,104.835,104.835,104.705,-0.13%
"Apr 10, 2017",104.84,104.94,104.94,104.83,0.02%
"Apr 09, 2017",104.82,104.82,104.82,104.82,0.00%
"Apr 08, 2017",104.82,104.82,104.82,104.82,0.00%
"Apr 07, 2017",104.82,104.67,104.82,104.62,0.01%
"Apr 06, 2017",104.81,104.91,104.91,104.76,0.11%
"Apr 05, 2017",104.7,104.75,104.75,104.7,-0.10%
"Apr 04, 2017",104.8,104.85,104.85,104.8,-0.01%
"Apr 03, 2017",104.81,104.92,104.92,104.76,0.00%
"Apr 02, 2017",104.81,104.81,104.81,104.81,0.00%
"Apr 01, 2017",104.81,104.81,104.81,104.81,0.00%
"Mar 31, 2017",104.81,104.91,104.91,104.8,0.00%
"Mar 30, 2017",104.81,104.84,104.84,104.74,0.00%
