Date,Average Discount,Year,Month,Day,Week Day,Week End,Hijri Dates,eid ul fitr,eid ul Adha,Muharrum,Wheat Harvest,Cotton Harvest,brand t140p,brand v177j,brand T75q,brand w32S,brand G56h
2017-04-01,21,2017,4,1,0,1,74,0,0,0,1,0,0,0,0,0,0
2017-04-02,0,2017,4,2,0,1,75,0,0,0,1,0,1,0,0,0,0
2017-04-03,0,2017,4,3,1,0,76,0,0,0,1,0,1,0,0,0,0
2017-04-04,0,2017,4,4,1,0,77,0,0,0,1,0,0,0,0,0,0
2017-04-06,0,2017,4,6,1,0,79,0,0,0,1,0,0,0,0,0,0
2017-04-07,0,2017,4,7,1,0,710,0,0,0,1,0,0,0,0,0,0
2017-04-08,0,2017,4,8,0,1,711,0,0,0,1,0,0,0,0,0,0
2017-04-09,0,2017,4,9,0,1,712,0,0,0,1,0,0,0,1,0,0
2017-04-10,0,2017,4,10,1,0,713,0,0,0,1,0,0,0,0,0,0
2017-04-11,0,2017,4,11,1,0,714,0,0,0,1,0,0,0,1,0,0
2017-04-12,0,2017,4,12,1,0,715,0,0,0,1,0,0,0,0,0,0
2017-04-13,0,2017,4,13,1,0,716,0,0,0,1,0,0,0,0,0,0
2017-04-14,0,2017,4,14,1,0,717,0,0,0,1,0,0,1,0,0,0
2017-04-16,0,2017,4,16,0,1,719,0,0,0,1,0,0,0,0,0,0
2017-04-17,0,2017,4,17,1,0,720,0,0,0,1,0,0,0,0,0,0
2017-04-18,0,2017,4,18,1,0,721,0,0,0,1,0,0,0,0,0,0
2017-04-19,0,2017,4,19,1,0,722,0,0,0,1,0,0,0,0,0,0
2017-04-20,0,2017,4,20,1,0,723,0,0,0,1,0,0,0,0,0,0
2017-04-21,0,2017,4,21,1,0,724,0,0,0,1,0,0,0,0,0,0
2017-04-23,0,2017,4,23,0,1,726,0,0,0,1,0,0,0,0,0,0
2017-04-24,0,2017,4,24,1,0,727,0,0,0,1,0,0,0,0,0,0
2017-04-25,0,2017,4,25,1,0,728,0,0,0,1,0,0,0,0,0,0
2017-04-26,0,2017,4,26,1,0,729,0,0,0,1,0,0,0,0,0,0
2017-04-27,0,2017,4,27,1,0,81,0,0,0,1,0,0,0,0,0,0
2017-04-28,0,2017,4,28,1,0,82,0,0,0,1,0,0,0,0,0,0
2017-04-29,0,2017,4,29,0,1,83,0,0,0,1,0,0,1,0,0,0
2017-04-30,0,2017,4,30,0,1,84,0,0,0,1,0,0,0,0,0,0
2017-05-01,0,2017,5,1,1,0,85,0,0,0,1,0,1,0,0,0,0
2017-05-03,0,2017,5,3,1,0,87,0,0,0,1,0,0,0,0,0,0
2017-05-04,0,2017,5,4,1,0,88,0,0,0,1,0,0,-1,0,0,0
2017-05-05,0,2017,5,5,1,0,89,0,0,0,1,0,0,0,0,0,0
2017-05-06,0,2017,5,6,0,1,810,0,0,0,1,0,2,0,0,0,0
2017-05-07,0,2017,5,7,0,1,811,0,0,0,1,0,0,0,0,0,0
2017-05-08,0,2017,5,8,1,0,812,0,0,0,1,0,0,0,0,0,0
2017-05-09,20,2017,5,9,1,0,813,0,0,0,1,0,0,0,0,0,0
2017-05-10,0,2017,5,10,1,0,814,0,0,0,1,0,0,0,0,0,0
2017-05-11,0,2017,5,11,1,0,815,0,0,0,1,0,0,0,0,0,0
2017-05-12,0,2017,5,12,1,0,816,0,0,0,1,0,0,0,0,0,0
2017-05-13,0,2017,5,13,0,1,817,0,0,0,1,0,0,0,0,0,0
2017-05-14,0,2017,5,14,0,1,818,0,0,0,1,0,0,0,0,0,0
2017-05-15,0,2017,5,15,1,0,819,0,0,0,1,0,0,0,0,0,0
2017-05-16,0,2017,5,16,1,0,820,0,0,0,1,0,0,0,0,0,0
2017-05-17,0,2017,5,17,1,0,821,0,0,0,1,0,0,0,0,0,0
2017-05-18,0,2017,5,18,1,0,822,0,0,0,1,0,0,0,0,0,0
2017-05-19,0,2017,5,19,1,0,823,0,0,0,1,0,0,0,0,0,0
2017-05-20,0,2017,5,20,0,1,824,0,0,0,1,0,0,0,0,0,0
2017-05-21,0,2017,5,21,0,1,825,0,0,0,1,0,0,0,0,0,0
2017-05-22,20,2017,5,22,1,0,826,0,0,0,1,0,0,0,0,0,0
2017-05-23,0,2017,5,23,1,0,827,0,0,0,1,0,0,0,0,0,0
2017-05-24,0,2017,5,24,1,0,828,0,0,0,1,0,0,0,0,0,0
2017-05-25,25,2017,5,25,1,0,829,0,0,0,1,0,0,0,0,0,0
2017-05-26,0,2017,5,26,1,0,830,0,0,0,1,0,0,0,0,0,0
2017-05-27,0,2017,5,27,0,1,91,0,0,0,1,0,0,0,0,0,0
2017-05-28,15,2017,5,28,0,1,92,0,0,0,1,0,0,0,0,0,0
2017-05-29,0,2017,5,29,1,0,93,0,0,0,1,0,0,0,0,0,0
2017-05-30,0,2017,5,30,1,0,94,0,0,0,1,0,0,0,0,0,0
2017-05-31,20,2017,5,31,1,0,95,0,0,0,1,0,0,0,0,0,0
2017-06-01,0,2017,6,1,1,0,96,0,0,0,0,0,0,0,0,0,0
2017-06-03,0,2017,6,3,0,1,98,0,0,0,0,0,0,0,0,0,0
2017-06-04,20,2017,6,4,0,1,99,0,0,0,0,0,0,0,0,0,0
2017-06-05,0,2017,6,5,1,0,910,0,0,0,0,0,0,0,0,0,0
2017-06-06,0,2017,6,6,1,0,911,0,0,0,0,0,0,0,0,0,0
2017-06-07,20,2017,6,7,1,0,912,0,0,0,0,0,0,0,0,0,0
2017-06-08,0,2017,6,8,1,0,913,0,0,0,0,0,0,0,0,0,0
2017-06-09,0,2017,6,9,1,0,914,0,0,0,0,0,0,0,0,0,0
2017-06-10,20,2017,6,10,0,1,915,0,0,0,0,0,0,0,0,0,0
2017-06-11,0,2017,6,11,0,1,916,0,0,0,0,0,0,0,0,0,0
2017-06-12,20,2017,6,12,1,0,917,1,0,0,0,0,0,0,0,0,0
2017-06-13,0,2017,6,13,1,0,918,1,0,0,0,0,1,0,0,0,0
2017-06-14,0,2017,6,14,1,0,919,1,0,0,0,0,0,0,0,0,0
2017-06-15,0,2017,6,15,1,0,920,1,0,0,0,0,0,0,0,0,0
2017-06-16,20,2017,6,16,1,0,921,1,0,0,0,0,0,0,1,0,0
2017-06-17,0,2017,6,17,0,1,922,1,0,0,0,0,0,0,0,0,0
2017-06-18,0,2017,6,18,0,1,923,1,0,0,0,0,0,0,0,0,0
2017-06-19,0,2017,6,19,1,0,924,1,0,0,0,0,0,0,1,0,0
2017-06-20,0,2017,6,20,1,0,925,1,0,0,0,0,0,0,0,0,0
2017-06-21,0,2017,6,21,1,0,926,1,0,0,0,0,0,0,0,0,0
2017-06-22,0,2017,6,22,1,0,927,1,0,0,0,0,1,0,0,0,0
2017-06-23,0,2017,6,23,1,0,928,1,0,0,0,0,0,0,0,0,0
2017-06-24,20,2017,6,24,0,1,929,1,0,0,0,0,0,0,1,0,0
2017-06-25,0,2017,6,25,0,1,101,1,0,0,0,0,3,0,0,0,0
2017-06-26,0,2017,6,26,1,0,102,1,0,0,0,0,0,0,0,0,0
2017-06-28,0,2017,6,28,1,0,104,0,0,0,0,0,0,0,0,0,0
2017-06-29,0,2017,6,29,1,0,105,0,0,0,0,0,0,0,0,0,0
2017-06-30,0,2017,6,30,1,0,106,0,0,0,0,0,0,0,0,0,0
2017-07-01,0,2017,7,1,0,1,107,0,0,0,0,0,0,0,0,0,0
2017-07-02,0,2017,7,2,0,1,108,0,0,0,0,0,0,0,0,0,0
2017-07-03,0,2017,7,3,1,0,109,0,0,0,0,0,0,0,0,0,0
2017-07-04,20,2017,7,4,1,0,1010,0,0,0,0,0,0,0,0,0,0
2017-07-05,0,2017,7,5,1,0,1011,0,0,0,0,0,0,0,0,0,0
2017-07-06,0,2017,7,6,1,0,1012,0,0,0,0,0,0,0,0,0,0
2017-07-07,0,2017,7,7,1,0,1013,0,0,0,0,0,0,0,0,0,0
2017-07-08,0,2017,7,8,0,1,1014,0,0,0,0,0,0,0,0,0,0
2017-07-09,0,2017,7,9,0,1,1015,0,0,0,0,0,0,0,1,0,0
2017-07-10,0,2017,7,10,1,0,1016,0,0,0,0,0,0,0,0,0,0
2017-07-11,0,2017,7,11,1,0,1017,0,0,0,0,0,1,0,1,0,0
2017-07-12,0,2017,7,12,1,0,1018,0,0,0,0,0,0,2,1,0,0
2017-07-13,0,2017,7,13,1,0,1019,0,0,0,0,0,0,0,1,0,0
2017-07-14,0,2017,7,14,1,0,1020,0,0,0,0,0,0,0,0,0,0
2017-07-15,0,2017,7,15,0,1,1021,0,0,0,0,0,0,0,0,0,0
2017-07-16,0,2017,7,16,0,1,1022,0,0,0,0,0,0,0,0,0,0
2017-07-17,0,2017,7,17,1,0,1023,0,0,0,0,0,0,0,0,0,0
2017-07-18,50,2017,7,18,1,0,1024,0,0,0,0,0,0,0,0,0,0
2017-07-19,0,2017,7,19,1,0,1025,0,0,0,0,0,1,0,0,0,0
2017-07-20,0,2017,7,20,1,0,1026,0,0,0,0,0,0,0,0,0,0
2017-07-21,0,2017,7,21,1,0,1027,0,0,0,0,0,0,0,0,0,0
2017-07-22,0,2017,7,22,0,1,1028,0,0,0,0,0,0,0,0,0,0
2017-07-23,0,2017,7,23,0,1,1029,0,0,0,0,0,0,0,0,0,0
2017-07-24,0,2017,7,24,1,0,111,0,0,0,0,0,0,0,0,0,0
2017-07-25,0,2017,7,25,1,0,112,0,0,0,0,0,0,0,0,0,0
2017-07-26,0,2017,7,26,1,0,113,0,0,0,0,0,0,0,0,0,0
2017-07-27,0,2017,7,27,1,0,114,0,0,0,0,0,0,0,0,0,0
2017-07-28,0,2017,7,28,1,0,115,0,0,0,0,0,0,0,0,0,0
2017-07-29,0,2017,7,29,0,1,116,0,0,0,0,0,0,0,0,0,0
2017-07-30,0,2017,7,30,0,1,117,0,0,0,0,0,0,0,0,0,0
2017-07-31,0,2017,7,31,1,0,118,0,0,0,0,0,0,0,0,0,0
2017-08-01,0,2017,8,1,1,0,119,0,0,0,0,0,0,0,0,0,0
2017-08-02,0,2017,8,2,1,0,1110,0,0,0,0,0,0,0,0,0,0
2017-08-03,0,2017,8,3,1,0,1111,0,0,0,0,0,0,0,0,0,0
2017-08-04,0,2017,8,4,1,0,1112,0,0,0,0,0,0,0,0,0,0
2017-08-05,0,2017,8,5,0,1,1113,0,0,0,0,0,0,0,0,0,0
2017-08-06,0,2017,8,6,0,1,1114,0,0,0,0,0,0,0,0,0,0
2017-08-07,0,2017,8,7,1,0,1115,0,0,0,0,0,0,0,0,0,0
2017-08-08,50,2017,8,8,1,0,1116,0,0,0,0,0,0,0,0,0,0
2017-08-09,0,2017,8,9,1,0,1117,0,0,0,0,0,0,0,0,0,0
2017-08-10,0,2017,8,10,1,0,1118,0,0,0,0,0,1,0,1,0,0
2017-08-11,0,2017,8,11,1,0,1119,0,0,0,0,0,0,0,0,0,0
2017-08-12,0,2017,8,12,0,1,1120,0,0,0,0,0,0,0,0,0,0
2017-08-13,0,2017,8,13,0,1,1121,0,0,0,0,0,0,0,0,0,0
2017-08-14,0,2017,8,14,1,0,1122,0,0,0,0,0,0,0,0,0,0
2017-08-15,0,2017,8,15,1,0,1123,0,0,0,0,0,0,0,0,0,0
2017-08-16,0,2017,8,16,1,0,1124,0,0,0,0,0,0,0,0,0,0
2017-08-17,0,2017,8,17,1,0,1125,0,0,0,0,0,0,0,0,0,0
2017-08-18,0,2017,8,18,1,0,1126,0,0,0,0,0,0,0,0,0,0
2017-08-19,0,2017,8,19,0,1,1127,0,0,0,0,0,0,0,0,0,0
2017-08-20,0,2017,8,20,0,1,1128,0,0,0,0,0,0,0,0,0,0
2017-08-21,0,2017,8,21,1,0,1129,0,0,0,0,0,0,0,0,0,0
2017-08-22,0,2017,8,22,1,0,1130,0,0,0,0,0,0,0,0,0,0
2017-08-23,0,2017,8,23,1,0,121,0,0,0,0,0,0,1,0,0,0
2017-08-24,0,2017,8,24,1,0,122,0,0,0,0,0,0,0,0,0,0
2017-08-25,0,2017,8,25,1,0,123,0,0,0,0,0,0,1,0,0,0
2017-08-26,20,2017,8,26,0,1,124,0,0,0,0,0,0,0,1,0,0
2017-08-27,0,2017,8,27,0,1,125,0,1,0,0,0,0,0,0,0,0
2017-08-28,0,2017,8,28,1,0,126,0,1,0,0,0,0,0,0,0,0
2017-08-29,0,2017,8,29,1,0,127,0,1,0,0,0,0,0,0,0,0
2017-08-30,0,2017,8,30,1,0,128,0,1,0,0,0,0,0,0,0,0
2017-08-31,0,2017,8,31,1,0,129,0,1,0,0,0,0,0,0,0,0
2017-09-01,0,2017,9,1,1,0,1210,0,1,0,0,0,0,0,0,0,0
2017-09-02,0,2017,9,2,0,1,1211,0,1,0,0,0,0,0,0,0,0
2017-09-04,50,2017,9,4,1,0,1213,0,0,0,0,0,0,0,0,0,0
2017-09-05,0,2017,9,5,1,0,1214,0,0,0,0,0,1,0,0,0,0
2017-09-06,0,2017,9,6,1,0,1215,0,0,0,0,0,0,0,1,0,0
2017-09-07,0,2017,9,7,1,0,1216,0,0,0,0,0,0,0,0,0,0
2017-09-08,0,2017,9,8,1,0,1217,0,0,0,0,0,0,0,0,0,0
2017-09-09,0,2017,9,9,0,1,1218,0,0,0,0,0,1,0,0,0,0
2017-09-10,0,2017,9,10,0,1,1219,0,0,0,0,0,0,0,0,0,0
2017-09-11,0,2017,9,11,1,0,1220,0,0,0,0,0,0,0,0,0,0
2017-09-12,50,2017,9,12,1,0,1221,0,0,0,0,0,0,0,0,0,0
2017-09-13,0,2017,9,13,1,0,1222,0,0,0,0,0,0,0,1,0,0
2017-09-14,0,2017,9,14,1,0,1223,0,0,0,0,0,1,0,2,0,0
2017-09-15,0,2017,9,15,1,0,1224,0,0,0,0,0,0,0,0,0,0
2017-09-16,0,2017,9,16,0,1,1225,0,0,0,0,0,0,0,0,0,0
2017-09-17,0,2017,9,17,0,1,1226,0,0,0,0,0,0,0,0,0,0
2017-09-18,0,2017,9,18,1,0,1227,0,0,0,0,0,0,0,0,0,0
2017-09-19,0,2017,9,19,1,0,1228,0,0,0,0,0,0,0,0,0,0
2017-09-20,0,2017,9,20,1,0,1229,0,0,0,0,0,0,0,0,0,0
2017-09-21,0,2017,9,21,1,0,11,0,0,0,0,0,0,0,0,0,0
2017-09-22,0,2017,9,22,1,0,12,0,0,0,0,0,0,0,0,0,0
2017-09-23,0,2017,9,23,0,1,13,0,0,0,0,0,0,0,0,0,0
2017-09-24,50,2017,9,24,0,1,14,0,0,0,0,0,1,0,0,0,0
2017-09-25,0,2017,9,25,1,0,15,0,0,0,0,0,0,0,0,0,0
2017-09-26,0,2017,9,26,1,0,16,0,0,0,0,0,0,0,0,0,0
2017-09-27,0,2017,9,27,1,0,17,0,0,0,0,0,0,0,0,0,0
2017-09-28,0,2017,9,28,1,0,18,0,0,0,0,0,0,0,0,0,0
2017-09-29,50,2017,9,29,1,0,19,0,0,0,0,0,0,0,0,0,0
2017-10-02,0,2017,10,2,1,0,112,0,0,0,0,1,0,0,0,0,0
2017-10-03,0,2017,10,3,1,0,113,0,0,0,0,1,0,0,0,0,0
2017-10-04,0,2017,10,4,1,0,114,0,0,0,0,1,0,0,0,0,0
2017-10-05,0,2017,10,5,1,0,115,0,0,0,0,1,1,0,0,0,0
2017-10-06,0,2017,10,6,1,0,116,0,0,0,0,1,0,0,0,0,0
2017-10-07,0,2017,10,7,0,1,117,0,0,0,0,1,1,0,0,0,0
2017-10-08,0,2017,10,8,0,1,118,0,0,0,0,1,1,0,0,0,0
2017-10-09,0,2017,10,9,1,0,119,0,0,0,0,1,1,0,1,0,0
2017-10-10,50,2017,10,10,1,0,120,0,0,0,0,1,1,0,0,0,0
2017-10-11,0,2017,10,11,1,0,121,0,0,0,0,1,2,0,0,0,0
2017-10-12,0,2017,10,12,1,0,122,0,0,0,0,1,0,0,0,0,0
2017-10-13,0,2017,10,13,1,0,123,0,0,0,0,1,0,0,0,0,0
2017-10-14,0,2017,10,14,0,1,124,0,0,0,0,1,0,0,0,0,0
2017-10-15,0,2017,10,15,0,1,125,0,0,0,0,1,0,0,0,0,0
2017-10-16,0,2017,10,16,1,0,126,0,0,0,0,1,0,0,0,0,0
2017-10-17,50,2017,10,17,1,0,127,0,0,0,0,1,0,0,0,0,0
2017-10-18,0,2017,10,18,1,0,128,0,0,0,0,1,0,0,0,0,0
2017-10-19,0,2017,10,19,1,0,129,0,0,0,0,1,0,0,0,0,0
2017-10-20,0,2017,10,20,1,0,130,0,0,0,0,1,0,0,0,0,0
2017-10-21,0,2017,10,21,0,1,21,0,0,0,0,1,1,0,0,0,0
2017-10-22,0,2017,10,22,0,1,22,0,0,0,0,1,0,0,0,0,0
2017-10-23,0,2017,10,23,1,0,23,0,0,0,0,1,0,0,0,0,0
2017-10-24,0,2017,10,24,1,0,24,0,0,0,0,1,0,0,0,0,0
2017-10-25,0,2017,10,25,1,0,25,0,0,0,0,1,0,0,0,0,0
2017-10-26,0,2017,10,26,1,0,26,0,0,0,0,1,0,0,0,0,0
2017-10-27,0,2017,10,27,1,0,27,0,0,0,0,1,0,0,0,0,0
2017-10-28,0,2017,10,28,0,1,28,0,0,0,0,1,1,0,0,0,0
2017-10-29,0,2017,10,29,0,1,29,0,0,0,0,1,1,1,0,0,0
2017-10-30,0,2017,10,30,1,0,210,0,0,0,0,1,1,0,0,0,0
2017-10-31,0,2017,10,31,1,0,211,0,0,0,0,1,0,0,0,0,0
2017-11-01,0,2017,11,1,1,0,212,0,0,0,0,1,0,0,0,0,0
2017-11-02,0,2017,11,2,1,0,213,0,0,0,0,1,0,0,0,0,0
2017-11-03,0,2017,11,3,1,0,214,0,0,0,0,1,0,0,0,0,0
2017-11-04,20,2017,11,4,0,1,215,0,0,0,0,1,0,0,0,0,0
2017-11-05,20,2017,11,5,0,1,216,0,0,0,0,1,0,0,0,0,0
2017-11-06,0,2017,11,6,1,0,217,0,0,0,0,1,0,0,0,0,0
2017-11-07,50,2017,11,7,1,0,218,0,0,0,0,1,0,0,0,0,0
2017-11-08,0,2017,11,8,1,0,219,0,0,0,0,1,0,0,0,0,0
2017-11-09,0,2017,11,9,1,0,220,0,0,0,0,1,0,0,0,0,0
2017-11-10,20,2017,11,10,1,0,221,0,0,0,0,1,0,0,0,0,0
2017-11-11,20,2017,11,11,0,1,222,0,0,0,0,1,0,0,0,0,0
2017-11-12,20,2017,11,12,0,1,223,0,0,0,0,1,0,0,1,0,0
2017-11-14,0,2017,11,14,1,0,225,0,0,0,0,1,0,0,0,0,0
2017-11-15,20,2017,11,15,1,0,226,0,0,0,0,1,0,0,0,0,0
2017-11-16,20,2017,11,16,1,0,227,0,0,0,0,1,0,0,0,0,0
2017-11-17,20,2017,11,17,1,0,228,0,0,0,0,1,0,0,0,0,0
2017-11-18,20,2017,11,18,0,1,229,0,0,0,0,1,0,0,0,0,0
2017-11-19,20,2017,11,19,0,1,31,0,0,0,0,1,0,0,0,0,0
2017-11-20,0,2017,11,20,1,0,32,0,0,0,0,1,0,0,0,0,0
2017-11-21,20,2017,11,21,1,0,33,0,0,0,0,1,0,0,1,0,0
2017-11-22,28,2017,11,22,1,0,34,0,0,0,0,1,0,0,0,0,0
2017-11-23,20,2017,11,23,1,0,35,0,0,0,0,1,0,0,1,0,0
2017-11-24,32,2017,11,24,1,0,36,0,0,0,0,1,0,0,1,0,0
2017-11-25,32,2017,11,25,0,1,37,0,0,0,0,1,2,0,0,0,0
2017-11-26,32,2017,11,26,0,1,38,0,0,0,0,1,4,0,1,0,0
2017-11-27,20,2017,11,27,1,0,39,0,0,0,0,1,0,0,0,0,0
2017-11-28,33,2017,11,28,1,0,310,0,0,0,0,1,0,0,0,0,0
2017-11-29,20,2017,11,29,1,0,311,0,0,0,0,1,0,0,0,0,0
2017-11-30,20,2017,11,30,1,0,312,0,0,0,0,1,0,0,0,0,0
2017-12-01,22,2017,12,1,1,0,313,0,0,0,0,0,0,0,0,0,0
2017-12-02,20,2017,12,2,0,1,314,0,0,0,0,0,1,0,0,0,0
2017-12-03,20,2017,12,3,0,1,315,0,0,0,0,0,1,0,0,0,0
2017-12-04,20,2017,12,4,1,0,316,0,0,0,0,0,1,0,0,0,0
2017-12-05,49,2017,12,5,1,0,317,0,0,0,0,0,0,0,0,0,0
2017-12-06,0,2017,12,6,1,0,318,0,0,0,0,0,0,0,0,0,0
2017-12-07,0,2017,12,7,1,0,319,0,0,0,0,0,0,1,0,0,0
2017-12-08,20,2017,12,8,1,0,320,0,0,0,0,0,0,0,0,0,0
2017-12-09,0,2017,12,9,0,1,321,0,0,0,0,0,0,0,0,0,0
2017-12-10,20,2017,12,10,0,1,322,0,0,0,0,0,0,0,0,0,0
2017-12-11,0,2017,12,11,1,0,323,0,0,0,0,0,0,0,0,0,0
2017-12-12,20,2017,12,12,1,0,324,0,0,0,0,0,0,0,3,0,0
2017-12-13,20,2017,12,13,1,0,325,0,0,0,0,0,0,0,0,0,0
2017-12-14,33,2017,12,14,1,0,326,0,0,0,0,0,0,0,0,0,0
2017-12-15,0,2017,12,15,1,0,327,0,0,0,0,0,0,0,0,0,0
2017-12-16,20,2017,12,16,0,1,328,0,0,0,0,0,1,0,0,0,0
2017-12-17,0,2017,12,17,0,1,329,0,0,0,0,0,0,0,0,0,0
2017-12-18,20,2017,12,18,1,0,330,0,0,0,0,0,0,0,0,0,0
2017-12-19,20,2017,12,19,1,0,41,0,0,0,0,0,2,0,0,0,0
2017-12-20,20,2017,12,20,1,0,42,0,0,0,0,0,0,0,0,0,0
2017-12-21,20,2017,12,21,1,0,43,0,0,0,0,0,1,1,-2,1,0
2017-12-22,20,2017,12,22,1,0,44,0,0,0,0,0,0,2,0,0,0
2017-12-23,0,2017,12,23,0,1,45,0,0,0,0,0,0,0,0,0,0
2017-12-24,0,2017,12,24,0,1,46,0,0,0,0,0,0,1,0,0,0
2017-12-25,20,2017,12,25,1,0,47,0,0,0,0,0,1,0,0,1,0
2017-12-26,25,2017,12,26,1,0,48,0,0,0,0,0,0,0,1,0,0
2017-12-27,20,2017,12,27,1,0,49,0,0,0,0,0,0,0,0,0,0
2017-12-28,20,2017,12,28,1,0,410,0,0,0,0,0,0,0,0,0,0
2017-12-29,20,2017,12,29,1,0,411,0,0,0,0,0,1,0,0,0,0
2017-12-30,0,2017,12,30,0,1,412,0,0,0,0,0,1,0,0,0,0
2017-12-31,0,2017,12,31,0,1,413,0,0,0,0,0,0,0,0,0,0
2018-01-01,20,2018,1,1,1,0,412,0,0,0,0,0,0,0,0,0,0
2018-01-02,0,2018,1,2,1,0,413,0,0,0,0,0,0,0,0,0,0
2018-01-03,20,2018,1,3,1,0,414,0,0,0,0,0,0,0,0,0,0
2018-01-04,20,2018,1,4,1,0,415,0,0,0,0,0,0,0,0,0,0
2018-01-05,0,2018,1,5,1,0,416,0,0,0,0,0,0,0,0,0,0
2018-01-06,28,2018,1,6,0,1,417,0,0,0,0,0,1,0,0,0,0
2018-01-07,0,2018,1,7,0,1,418,0,0,0,0,0,0,0,0,0,0
2018-01-08,0,2018,1,8,1,0,419,0,0,0,0,0,0,0,0,0,0
2018-01-09,20,2018,1,9,1,0,420,0,0,0,0,0,0,0,0,0,0
2018-01-10,20,2018,1,10,1,0,421,0,0,0,0,0,0,0,0,0,0
2018-01-11,0,2018,1,11,1,0,422,0,0,0,0,0,0,0,0,0,0
2018-01-12,0,2018,1,12,1,0,423,0,0,0,0,0,0,0,0,0,0
2018-01-13,20,2018,1,13,0,1,424,0,0,0,0,0,0,0,0,0,0
2018-01-14,0,2018,1,14,0,1,425,0,0,0,0,0,0,0,0,0,0
2018-01-15,0,2018,1,15,1,0,426,0,0,0,0,0,1,0,0,0,0
2018-01-16,20,2018,1,16,1,0,427,0,0,0,0,0,0,0,0,0,0
2018-01-17,0,2018,1,17,1,0,428,0,0,0,0,0,0,0,0,0,0
2018-01-18,0,2018,1,18,1,0,429,0,0,0,0,0,0,0,1,0,0
2018-01-19,20,2018,1,19,1,0,430,0,0,0,0,0,0,0,0,0,0
2018-01-20,20,2018,1,20,0,1,51,0,0,0,0,0,0,0,1,0,0
2018-01-21,0,2018,1,21,0,1,52,0,0,0,0,0,0,0,0,0,0
2018-01-22,20,2018,1,22,1,0,53,0,0,0,0,0,0,0,0,0,0
2018-01-23,20,2018,1,23,1,0,54,0,0,0,0,0,0,0,0,0,0
2018-01-24,0,2018,1,24,1,0,55,0,0,0,0,0,0,0,0,0,0
2018-01-25,0,2018,1,25,1,0,56,0,0,0,0,0,0,1,0,0,0
2018-01-26,20,2018,1,26,1,0,57,0,0,0,0,0,1,0,0,0,0
2018-01-27,26,2018,1,27,0,1,58,0,0,0,0,0,2,0,0,0,0
2018-01-28,20,2018,1,28,0,1,59,0,0,0,0,0,0,0,0,0,0
2018-01-29,0,2018,1,29,1,0,510,0,0,0,0,0,0,0,0,0,0
2018-01-30,0,2018,1,30,1,0,511,0,0,0,0,0,0,0,0,0,0
2018-01-31,20,2018,1,31,1,0,512,0,0,0,0,0,0,0,0,0,0
2018-02-01,20,2018,2,1,1,0,512,0,0,0,0,0,0,0,0,0,0
2018-02-02,20,2018,2,2,1,0,513,0,0,0,0,0,0,0,0,0,0
2018-02-03,0,2018,2,3,0,1,514,0,0,0,0,0,0,0,0,0,0
2018-02-04,20,2018,2,4,0,1,515,0,0,0,0,0,0,0,0,0,0
2018-02-05,20,2018,2,5,1,0,516,0,0,0,0,0,1,0,0,0,0
2018-02-06,20,2018,2,6,1,0,517,0,0,0,0,0,0,0,0,0,0
2018-02-07,20,2018,2,7,1,0,518,0,0,0,0,0,0,0,0,0,0
2018-02-08,0,2018,2,8,1,0,519,0,0,0,0,0,0,0,0,0,0
2018-02-09,0,2018,2,9,1,0,520,0,0,0,0,0,0,0,1,0,0
2018-02-10,20,2018,2,10,0,1,521,0,0,0,0,0,0,0,0,0,0
2018-02-11,20,2018,2,11,0,1,522,0,0,0,0,0,0,0,1,0,0
2018-02-12,20,2018,2,12,1,0,523,0,0,0,0,0,0,0,0,0,0
2018-02-13,20,2018,2,13,1,0,524,0,0,0,0,0,0,0,0,0,0
2018-02-14,0,2018,2,14,1,0,525,0,0,0,0,0,0,0,0,0,0
2018-02-15,20,2018,2,15,1,0,526,0,0,0,0,0,0,0,0,0,0
2018-02-16,20,2018,2,16,1,0,527,0,0,0,0,0,0,0,0,0,0
2018-02-17,0,2018,2,17,0,1,528,0,0,0,0,0,0,0,0,0,0
2018-02-18,20,2018,2,18,0,1,529,0,0,0,0,0,0,0,0,0,0
2018-02-19,20,2018,2,19,1,0,530,0,0,0,0,0,0,0,0,0,0
2018-02-20,20,2018,2,20,1,0,61,0,0,0,0,0,0,0,0,0,0
2018-02-21,20,2018,2,21,1,0,62,0,0,0,0,0,0,0,0,0,0
2018-02-22,20,2018,2,22,1,0,63,0,0,0,0,0,0,0,0,0,0
2018-02-23,0,2018,2,23,1,0,64,0,0,0,0,0,0,0,0,0,0
2018-02-24,0,2018,2,24,0,1,65,0,0,0,0,0,1,0,0,0,0
2018-02-25,0,2018,2,25,0,1,66,0,0,0,0,0,0,0,1,0,0
2018-02-26,20,2018,2,26,1,0,67,0,0,0,0,0,0,0,0,0,0
2018-02-27,20,2018,2,27,1,0,68,0,0,0,0,0,0,0,0,0,0
2018-02-28,20,2018,2,28,1,0,69,0,0,0,0,0,0,0,0,0,0
2018-03-01,20,2018,3,1,1,0,613,0,0,0,0,0,0,0,0,0,0
2018-03-02,0,2018,3,2,1,0,614,0,0,0,0,0,0,0,0,0,0
2018-03-03,20,2018,3,3,0,1,615,0,0,0,0,0,0,0,0,0,0
2018-03-04,0,2018,3,4,0,1,616,0,0,0,0,0,0,0,0,0,0
2018-03-05,0,2018,3,5,1,0,617,0,0,0,0,0,0,0,0,0,0
2018-03-06,20,2018,3,6,1,0,618,0,0,0,0,0,0,0,0,0,0
2018-03-07,0,2018,3,7,1,0,619,0,0,0,0,0,0,0,0,0,0
2018-03-08,20,2018,3,8,1,0,620,0,0,0,0,0,0,0,0,0,0
2018-03-09,0,2018,3,9,1,0,621,0,0,0,0,0,1,0,0,0,0
2018-03-10,0,2018,3,10,0,1,622,0,0,0,0,0,0,1,0,0,0
2018-03-11,0,2018,3,11,0,1,623,0,0,0,0,0,1,0,0,0,0
2018-03-12,20,2018,3,12,1,0,624,0,0,0,0,0,0,0,0,0,0
2018-03-13,0,2018,3,13,1,0,625,0,0,0,0,0,0,0,0,0,0
2018-03-14,20,2018,3,14,1,0,626,0,0,0,0,0,0,0,0,0,0
2018-03-15,0,2018,3,15,1,0,627,0,0,0,0,0,0,0,0,0,0
2018-03-16,0,2018,3,16,1,0,628,0,0,0,0,0,1,0,0,0,0
2018-03-17,0,2018,3,17,0,1,629,0,0,0,0,0,1,0,0,0,0
2018-03-18,0,2018,3,18,0,1,71,0,0,0,0,0,0,0,0,0,0
2018-03-19,0,2018,3,19,1,0,72,0,0,0,0,0,1,0,0,0,0
2018-03-20,20,2018,3,20,1,0,73,0,0,0,0,0,1,0,0,0,0
2018-03-21,20,2018,3,21,1,0,74,0,0,0,0,0,0,0,0,0,0
2018-03-22,0,2018,3,22,1,0,75,0,0,0,0,0,0,0,0,0,0
2018-03-23,23,2018,3,23,1,0,76,0,0,0,0,0,0,0,0,0,0
2018-03-24,20,2018,3,24,0,1,77,0,0,0,0,0,0,0,0,0,0
2018-03-25,0,2018,3,25,0,1,78,0,0,0,0,0,0,0,0,0,0
2018-03-26,23,2018,3,26,1,0,79,0,0,0,0,0,0,0,0,0,0
2018-03-27,0,2018,3,27,1,0,710,0,0,0,0,0,0,0,0,0,0
2018-03-28,0,2018,3,28,1,0,711,0,0,0,0,0,0,0,0,0,0
2018-03-29,50,2018,3,29,1,0,712,0,0,0,0,0,0,0,0,0,0
2018-03-30,20,2018,3,30,1,0,713,0,0,0,0,0,0,0,1,0,0
2018-03-31,20,2018,3,31,0,1,714,0,0,0,0,0,1,0,0,0,0
2018-04-01,0,2018,4,1,0,1,715,0,0,0,1,0,0,0,0,0,0
2018-04-02,0,2018,4,2,1,0,716,0,0,0,1,0,0,0,0,0,0
2018-04-03,50,2018,4,3,1,0,717,0,0,0,1,0,1,0,0,0,0
2018-04-04,20,2018,4,4,1,0,718,0,0,0,1,0,0,0,0,0,0
2018-04-05,0,2018,4,5,1,0,719,0,0,0,1,0,0,0,0,0,0
2018-04-06,0,2018,4,6,1,0,720,0,0,0,1,0,0,0,0,0,0
2018-04-07,0,2018,4,7,0,1,721,0,0,0,1,0,0,0,0,0,0
2018-04-08,0,2018,4,8,0,1,722,0,0,0,1,0,0,0,0,0,0
2018-04-09,20,2018,4,9,1,0,723,0,0,0,1,0,0,0,0,0,0
2018-04-10,20,2018,4,10,1,0,724,0,0,0,1,0,0,0,0,0,0
2018-04-11,20,2018,4,11,1,0,725,0,0,0,1,0,0,0,0,0,0
2018-04-12,0,2018,4,12,1,0,726,0,0,0,1,0,0,0,0,0,0
2018-04-13,0,2018,4,13,1,0,727,0,0,0,1,0,0,0,0,0,0
2018-04-14,20,2018,4,14,0,1,728,0,0,0,1,0,1,0,0,0,0
2018-04-15,20,2018,4,15,0,1,729,0,0,0,1,0,0,0,1,0,0
2018-04-16,20,2018,4,16,1,0,730,0,0,0,1,0,0,0,0,0,0
2018-04-17,0,2018,4,17,1,0,81,0,0,0,1,0,0,0,0,0,0
2018-04-18,0,2018,4,18,1,0,82,0,0,0,1,0,0,0,0,0,0
2018-04-19,0,2018,4,19,1,0,83,0,0,0,1,0,0,0,0,0,0
2018-04-20,20,2018,4,20,1,0,84,0,0,0,1,0,0,0,0,0,0
2018-04-21,0,2018,4,21,0,1,85,0,0,0,1,0,0,0,0,0,0
2018-04-22,0,2018,4,22,0,1,86,0,0,0,1,0,0,0,0,0,0
2018-04-23,20,2018,4,23,1,0,87,0,0,0,1,0,0,0,0,0,0
2018-04-24,0,2018,4,24,1,0,88,0,0,0,1,0,0,0,0,0,0
2018-04-25,0,2018,4,25,1,0,89,0,0,0,1,0,0,0,0,0,0
2018-04-26,0,2018,4,26,1,0,810,0,0,0,1,0,0,0,0,0,0
2018-04-27,0,2018,4,27,1,0,811,0,0,0,1,0,0,0,0,0,0
2018-04-28,20,2018,4,28,0,1,812,0,0,0,1,0,0,0,0,0,0
2018-04-29,20,2018,4,29,0,1,813,0,0,0,1,0,1,0,0,0,0
2018-04-30,20,2018,4,30,1,0,814,0,0,0,1,0,1,0,0,0,0
2018-05-01,20,2018,5,1,1,0,815,0,0,0,1,0,0,0,0,0,0
2018-05-02,0,2018,5,2,1,0,816,0,0,0,1,0,0,0,0,0,0
2018-05-03,20,2018,5,3,1,0,817,0,0,0,1,0,0,0,0,0,0
2018-05-04,50,2018,5,4,1,0,818,0,0,0,1,0,1,0,0,0,0
2018-05-05,20,2018,5,5,0,1,819,0,0,0,1,0,0,0,0,0,0
2018-05-06,0,2018,5,6,0,1,820,0,0,0,1,0,0,0,0,0,0
2018-05-07,0,2018,5,7,1,0,821,0,0,0,1,0,0,0,0,0,0
2018-05-08,0,2018,5,8,1,0,822,0,0,0,1,0,0,0,0,0,0
2018-05-09,0,2018,5,9,1,0,823,0,0,0,1,0,0,0,0,0,0
2018-05-10,0,2018,5,10,1,0,824,0,0,0,1,0,1,0,0,0,0
2018-05-11,0,2018,5,11,1,0,825,0,0,0,1,0,0,0,0,0,0
2018-05-12,0,2018,5,12,0,1,826,0,0,0,1,0,0,0,0,0,0
2018-05-13,0,2018,5,13,0,1,827,0,0,0,1,0,1,0,0,0,0
2018-05-14,0,2018,5,14,1,0,828,0,0,0,1,0,0,0,0,0,0
2018-05-15,0,2018,5,15,1,0,829,0,0,0,1,0,0,0,0,0,0
2018-05-16,0,2018,5,16,1,0,91,0,0,0,1,0,0,0,0,0,0
2018-05-17,0,2018,5,17,1,0,92,0,0,0,1,0,0,0,0,0,0
2018-05-18,0,2018,5,18,1,0,93,0,0,0,1,0,0,0,0,0,0
2018-05-19,0,2018,5,19,0,1,94,0,0,0,1,0,0,0,0,0,0
2018-05-20,0,2018,5,20,0,1,95,0,0,0,1,0,0,0,0,0,0
2018-05-21,0,2018,5,21,1,0,96,0,0,0,1,0,0,0,0,0,0
2018-05-22,0,2018,5,22,1,0,97,0,0,0,1,0,0,0,0,0,0
2018-05-23,0,2018,5,23,1,0,98,0,0,0,1,0,0,0,0,0,0
2018-05-24,0,2018,5,24,1,0,99,0,0,0,1,0,0,0,0,0,0
2018-05-25,0,2018,5,25,1,0,910,0,0,0,1,0,0,0,0,0,0
2018-05-26,0,2018,5,26,0,1,911,0,0,0,1,0,1,0,0,0,0
2018-05-27,0,2018,5,27,0,1,912,0,0,0,1,0,1,0,0,0,0
2018-05-28,0,2018,5,28,1,0,913,0,0,0,1,0,0,0,0,0,0
2018-05-29,0,2018,5,29,1,0,914,0,0,0,1,0,1,0,0,0,0
2018-05-30,0,2018,5,30,1,0,915,0,0,0,1,0,0,0,0,0,0
2018-05-31,0,2018,5,31,1,0,916,0,0,0,1,0,0,0,0,0,0
2018-06-01,0,2018,6,1,1,0,917,0,0,0,0,0,0,0,0,0,0
2018-06-02,0,2018,6,2,0,1,918,1,0,0,0,0,1,0,0,0,0
2018-06-03,0,2018,6,3,0,1,919,1,0,0,0,0,0,0,0,0,0
2018-06-04,0,2018,6,4,1,0,920,1,0,0,0,0,0,0,0,0,0
2018-06-05,0,2018,6,5,1,0,921,1,0,0,0,0,0,0,0,0,0
2018-06-06,0,2018,6,6,1,0,922,1,0,0,0,0,1,0,0,0,0
2018-06-07,20,2018,6,7,1,0,923,1,0,0,0,0,3,0,0,0,0
2018-06-08,0,2018,6,8,1,0,924,1,0,0,0,0,0,0,0,0,0
2018-06-09,0,2018,6,9,0,1,925,1,0,0,0,0,4,0,0,0,0
2018-06-10,0,2018,6,10,0,1,926,1,0,0,0,0,0,0,0,0,0
2018-06-11,0,2018,6,11,1,0,927,1,0,0,0,0,0,1,0,0,0
2018-06-12,0,2018,6,12,1,0,928,1,0,0,0,0,1,0,0,0,0
2018-06-13,0,2018,6,13,1,0,929,1,0,0,0,0,0,0,0,0,0
2018-06-14,0,2018,6,14,1,0,930,1,0,0,0,0,0,0,1,0,0
2018-06-15,0,2018,6,15,1,0,101,1,0,0,0,0,0,0,0,0,0
2018-06-16,0,2018,6,16,0,1,102,1,0,0,0,0,0,0,0,0,0
2018-06-18,0,2018,6,18,1,0,104,0,0,0,0,0,0,0,1,0,0
2018-06-19,0,2018,6,19,1,0,105,0,0,0,0,0,0,0,0,0,0
2018-06-20,0,2018,6,20,1,0,106,0,0,0,0,0,0,0,1,0,0
2018-06-21,0,2018,6,21,1,0,107,0,0,0,0,0,0,0,0,0,0
2018-06-22,0,2018,6,22,1,0,108,0,0,0,0,0,0,0,0,0,0
2018-06-23,0,2018,6,23,0,1,109,0,0,0,0,0,0,0,0,0,0
2018-06-24,0,2018,6,24,0,1,1010,0,0,0,0,0,0,0,0,0,0
2018-06-25,0,2018,6,25,1,0,1011,0,0,0,0,0,0,0,0,0,0
2018-06-26,0,2018,6,26,1,0,1012,0,0,0,0,0,0,0,1,1,0
2018-06-27,0,2018,6,27,1,0,1013,0,0,0,0,0,0,0,0,0,0
2018-06-28,0,2018,6,28,1,0,1014,0,0,0,0,0,0,0,0,0,0
2018-06-29,30,2018,6,29,1,0,1015,0,0,0,0,0,0,0,0,0,0
2018-06-30,0,2018,6,30,0,1,1016,0,0,0,0,0,0,0,0,0,0
2018-07-01,0,2018,7,1,0,1,1017,0,0,0,0,0,0,0,0,0,0
2018-07-02,0,2018,7,2,1,0,1018,0,0,0,0,0,1,0,0,0,0
2018-07-03,0,2018,7,3,1,0,1019,0,0,0,0,0,0,0,0,0,0
2018-07-04,0,2018,7,4,1,0,1020,0,0,0,0,0,0,0,0,2,0
2018-07-05,0,2018,7,5,1,0,1021,0,0,0,0,0,0,0,0,0,0
2018-07-06,0,2018,7,6,1,0,1022,0,0,0,0,0,1,0,1,0,0
2018-07-07,0,2018,7,7,0,1,1023,0,0,0,0,0,0,0,0,1,0
2018-07-08,0,2018,7,8,0,1,1024,0,0,0,0,0,0,0,0,1,0
2018-07-09,0,2018,7,9,1,0,1025,0,0,0,0,0,0,0,0,0,0
2018-07-10,0,2018,7,10,1,0,1026,0,0,0,0,0,0,0,0,0,0
2018-07-11,49,2018,7,11,1,0,1027,0,0,0,0,0,0,0,0,0,0
2018-07-12,0,2018,7,12,1,0,1028,0,0,0,0,0,0,0,2,0,0
2018-07-13,0,2018,7,13,1,0,1029,0,0,0,0,0,1,0,0,0,0
2018-07-14,0,2018,7,14,0,1,111,0,0,0,0,0,0,0,0,0,0
2018-07-15,0,2018,7,15,0,1,112,0,0,0,0,0,0,0,0,0,0
2018-07-16,0,2018,7,16,1,0,113,0,0,0,0,0,1,0,0,0,0
2018-07-17,0,2018,7,17,1,0,114,0,0,0,0,0,0,0,0,0,0
2018-07-18,0,2018,7,18,1,0,115,0,0,0,0,0,0,0,0,0,0
2018-07-19,0,2018,7,19,1,0,116,0,0,0,0,0,0,0,0,0,0
2018-07-20,0,2018,7,20,1,0,117,0,0,0,0,0,0,0,0,0,0
2018-07-21,0,2018,7,21,0,1,118,0,0,0,0,0,0,0,0,0,0
2018-07-22,0,2018,7,22,0,1,119,0,0,0,0,0,0,0,0,0,0
2018-07-23,0,2018,7,23,1,0,1110,0,0,0,0,0,1,0,0,1,0
2018-07-24,0,2018,7,24,1,0,1111,0,0,0,0,0,0,0,0,1,0
2018-07-25,0,2018,7,25,1,0,1112,0,0,0,0,0,0,0,0,0,0
2018-07-26,0,2018,7,26,1,0,1113,0,0,0,0,0,0,0,0,0,0
2018-07-27,0,2018,7,27,1,0,1114,0,0,0,0,0,0,0,0,0,0
2018-07-28,0,2018,7,28,0,1,1115,0,0,0,0,0,0,0,0,0,0
2018-07-29,0,2018,7,29,0,1,1116,0,0,0,0,0,1,0,0,0,0
2018-07-30,0,2018,7,30,1,0,1117,0,0,0,0,0,1,0,0,0,0
2018-07-31,0,2018,7,31,1,0,1118,0,0,0,0,0,0,0,0,0,0
2018-08-01,0,2018,8,1,1,0,1119,0,0,0,0,0,0,0,0,0,0
2018-08-02,20,2018,8,2,1,0,1120,0,0,0,0,0,0,0,0,0,0
2018-08-03,0,2018,8,3,1,0,1121,0,0,0,0,0,0,0,0,0,0
2018-08-04,0,2018,8,4,0,1,1122,0,0,0,0,0,0,0,0,0,0
2018-08-05,0,2018,8,5,0,1,1123,0,0,0,0,0,0,0,0,0,0
2018-08-06,0,2018,8,6,1,0,1124,0,0,0,0,0,0,0,0,0,0
2018-08-07,0,2018,8,7,1,0,1125,0,0,0,0,0,0,1,0,0,0
2018-08-08,0,2018,8,8,1,0,1126,0,0,0,0,0,0,0,0,0,0
2018-08-09,0,2018,8,9,1,0,1127,0,0,0,0,0,0,0,0,0,0
2018-08-10,0,2018,8,10,1,0,1128,0,0,0,0,0,0,0,0,0,0
2018-08-11,14,2018,8,11,0,1,1129,0,0,0,0,0,0,0,0,0,0
2018-08-12,13,2018,8,12,0,1,121,0,0,0,0,0,0,0,0,0,0
2018-08-13,14,2018,8,13,1,0,122,0,0,0,0,0,0,0,2,0,0
2018-08-14,14,2018,8,14,1,0,123,0,0,0,0,0,0,0,0,0,0
2018-08-15,14,2018,8,15,1,0,124,0,0,0,0,0,0,1,0,0,0
2018-08-16,0,2018,8,16,1,0,125,0,1,0,0,0,0,0,0,0,0
2018-08-17,0,2018,8,17,1,0,126,0,1,0,0,0,0,0,0,0,0
2018-08-18,0,2018,8,18,0,1,127,0,1,0,0,0,0,0,0,0,0
2018-08-19,50,2018,8,19,0,1,128,0,1,0,0,0,0,0,0,0,0
2018-08-20,0,2018,8,20,1,0,129,0,1,0,0,0,0,0,2,0,0
2018-08-21,0,2018,8,21,1,0,1210,0,1,0,0,0,0,0,0,0,0
2018-08-24,0,2018,8,24,1,0,1213,0,0,0,0,0,1,0,0,0,0
2018-08-25,0,2018,8,25,0,1,1214,0,0,0,0,0,0,0,0,0,0
2018-08-26,0,2018,8,26,0,1,1215,0,0,0,0,0,0,0,0,0,0
2018-08-27,0,2018,8,27,1,0,1216,0,0,0,0,0,0,0,0,0,0
2018-08-28,0,2018,8,28,1,0,1217,0,0,0,0,0,0,0,0,0,0
2018-08-29,0,2018,8,29,1,0,1218,0,0,0,0,0,0,0,0,0,0
2018-08-30,0,2018,8,30,1,0,1219,0,0,0,0,0,0,0,0,0,0
2018-08-31,0,2018,8,31,1,0,1220,0,0,0,0,0,0,0,1,1,0
2018-09-01,0,2018,9,1,0,1,1221,0,0,0,0,0,0,0,0,0,0
2018-09-02,50,2018,9,2,0,1,1222,0,0,0,0,0,0,0,0,0,0
2018-09-03,0,2018,9,3,1,0,1223,0,0,0,0,0,0,0,0,0,0
2018-09-04,0,2018,9,4,1,0,1224,0,0,0,0,0,0,0,0,0,0
2018-09-05,0,2018,9,5,1,0,1225,0,0,0,0,0,0,0,0,0,0
2018-09-06,0,2018,9,6,1,0,1226,0,0,0,0,0,0,0,0,0,0
2018-09-07,0,2018,9,7,1,0,1227,0,0,0,0,0,0,0,0,0,0
2018-09-08,0,2018,9,8,0,1,1228,0,0,0,0,0,0,0,0,0,0
2018-09-09,0,2018,9,9,0,1,1229,0,0,0,0,0,0,0,0,0,0
2018-09-10,0,2018,9,10,1,0,1230,0,0,0,0,0,0,0,0,0,0
2018-09-11,0,2018,9,11,1,0,11,0,0,0,0,0,0,0,0,0,0
2018-09-12,0,2018,9,12,1,0,12,0,0,0,0,0,1,0,0,0,0
2018-09-13,0,2018,9,13,1,0,13,0,0,0,0,0,0,0,0,0,0
2018-09-14,0,2018,9,14,1,0,14,0,0,0,0,0,1,0,0,0,0
2018-09-15,0,2018,9,15,0,1,15,0,0,0,0,0,0,0,0,0,0
2018-09-16,0,2018,9,16,0,1,16,0,0,0,0,0,0,0,0,0,0
2018-09-17,0,2018,9,17,1,0,17,0,0,0,0,0,0,0,0,0,0
2018-09-18,0,2018,9,18,1,0,18,0,0,0,0,0,0,0,0,0,0
2018-09-19,0,2018,9,19,1,0,19,0,0,0,0,0,1,0,0,0,0
2018-09-22,0,2018,9,22,0,1,112,0,0,0,0,0,0,0,1,0,0
2018-09-23,0,2018,9,23,0,1,113,0,0,0,0,0,0,0,0,1,0
2018-09-24,0,2018,9,24,1,0,114,0,0,0,0,0,0,0,0,0,0
2018-09-25,0,2018,9,25,1,0,115,0,0,0,0,0,0,0,0,0,0
2018-09-26,0,2018,9,26,1,0,116,0,0,0,0,0,0,0,0,0,0
2018-09-27,0,2018,9,27,1,0,117,0,0,0,0,0,0,0,0,0,0
2018-09-28,0,2018,9,28,1,0,118,0,0,0,0,0,0,0,0,0,0
2018-09-29,0,2018,9,29,0,1,119,0,0,0,0,0,0,0,0,0,0
2018-09-30,0,2018,9,30,0,1,120,0,0,0,0,0,0,0,0,0,0
2018-10-01,50,2018,10,1,1,0,121,0,0,0,0,1,0,0,0,0,0
2018-10-02,0,2018,10,2,1,0,122,0,0,0,0,1,1,0,0,0,0
2018-10-03,0,2018,10,3,1,0,123,0,0,0,0,1,0,0,0,0,0
2018-10-04,0,2018,10,4,1,0,124,0,0,0,0,1,0,0,0,0,0
2018-10-05,0,2018,10,5,1,0,125,0,0,0,0,1,0,0,0,0,0
2018-10-06,0,2018,10,6,0,1,126,0,0,0,0,1,0,0,0,0,0
2018-10-07,0,2018,10,7,0,1,127,0,0,0,0,1,0,0,0,0,0
2018-10-08,0,2018,10,8,1,0,128,0,0,0,0,1,0,0,0,0,0
2018-10-09,0,2018,10,9,1,0,129,0,0,0,0,1,0,0,0,0,0
2018-10-10,0,2018,10,10,1,0,21,0,0,0,0,1,1,0,0,0,0
2018-10-11,0,2018,10,11,1,0,22,0,0,0,0,1,0,0,0,0,0
2018-10-12,0,2018,10,12,1,0,23,0,0,0,0,1,0,0,0,0,0
2018-10-13,0,2018,10,13,0,1,24,0,0,0,0,1,0,0,0,0,0
2018-10-14,20,2018,10,14,0,1,25,0,0,0,0,1,0,0,0,0,0
2018-10-15,0,2018,10,15,1,0,26,0,0,0,0,1,0,0,0,0,0
2018-10-16,30,2018,10,16,1,0,27,0,0,0,0,1,0,0,0,0,0
2018-10-17,17,2018,10,17,1,0,28,0,0,0,0,1,1,0,0,0,0
2018-10-18,16,2018,10,18,1,0,29,0,0,0,0,1,0,0,0,0,0
2018-10-19,15,2018,10,19,1,0,210,0,0,0,0,1,0,0,1,0,0
2018-10-20,15,2018,10,20,0,1,211,0,0,0,0,1,2,0,0,0,0
2018-10-21,16,2018,10,21,0,1,212,0,0,0,0,1,2,0,0,0,0
2018-10-22,15,2018,10,22,1,0,213,0,0,0,0,1,0,0,0,0,0
2018-10-23,16,2018,10,23,1,0,214,0,0,0,0,1,0,0,0,0,0
2018-10-24,15,2018,10,24,1,0,215,0,0,0,0,1,0,0,0,0,0
2018-10-25,15,2018,10,25,1,0,216,0,0,0,0,1,1,0,0,0,0
2018-10-26,15,2018,10,26,1,0,217,0,0,0,0,1,0,0,0,0,0
2018-10-27,15,2018,10,27,0,1,218,0,0,0,0,1,0,0,0,0,0
2018-10-28,15,2018,10,28,0,1,219,0,0,0,0,1,0,0,0,0,0
2018-10-29,15,2018,10,29,1,0,220,0,0,0,0,1,0,0,1,0,0
2018-10-30,15,2018,10,30,1,0,221,0,0,0,0,1,0,0,0,0,0
2018-10-31,15,2018,10,31,1,0,222,0,0,0,0,1,0,0,0,0,0
2018-11-01,15,2018,11,1,1,0,223,0,0,0,0,1,0,0,0,0,0
2018-11-02,17,2018,11,2,1,0,224,0,0,0,0,1,0,0,0,0,0
2018-11-03,16,2018,11,3,0,1,225,0,0,0,0,1,0,0,0,1,0
2018-11-04,16,2018,11,4,0,1,226,0,0,0,0,1,0,0,0,0,0
2018-11-05,15,2018,11,5,1,0,227,0,0,0,0,1,0,0,0,0,0
2018-11-06,15,2018,11,6,1,0,228,0,0,0,0,1,0,0,0,0,0
2018-11-07,15,2018,11,7,1,0,229,0,0,0,0,1,0,0,0,0,0
2018-11-08,15,2018,11,8,1,0,230,0,0,0,0,1,0,0,0,0,0
2018-11-09,17,2018,11,9,1,0,31,0,0,0,0,1,0,0,0,0,0
2018-11-10,17,2018,11,10,0,1,32,0,0,0,0,1,0,0,0,0,0
2018-11-11,15,2018,11,11,0,1,33,0,0,0,0,1,0,0,0,0,0
2018-11-12,15,2018,11,12,1,0,34,0,0,0,0,1,0,0,0,0,0
2018-11-13,15,2018,11,13,1,0,35,0,0,0,0,1,1,0,0,0,0
2018-11-14,15,2018,11,14,1,0,36,0,0,0,0,1,0,0,0,0,0
2018-11-15,15,2018,11,15,1,0,37,0,0,0,0,1,1,0,0,0,0
2018-11-16,15,2018,11,16,1,0,38,0,0,0,0,1,0,0,0,0,0
2018-11-17,15,2018,11,17,0,1,39,0,0,0,0,1,0,0,0,0,0
2018-11-18,15,2018,11,18,0,1,310,0,0,0,0,1,0,0,0,0,0
2018-11-19,15,2018,11,19,1,0,311,0,0,0,0,1,0,0,0,0,0
2018-11-20,15,2018,11,20,1,0,312,0,0,0,0,1,0,0,2,0,1
2018-11-21,15,2018,11,21,1,0,313,0,0,0,0,1,0,0,0,0,0
2018-11-22,15,2018,11,22,1,0,314,0,0,0,0,1,0,0,0,0,0
2018-11-23,23,2018,11,23,1,0,315,0,0,0,0,1,4,0,0,1,1
2018-11-24,16,2018,11,24,0,1,316,0,0,0,0,1,0,0,0,0,0
2018-11-25,15,2018,11,25,0,1,317,0,0,0,0,1,2,0,0,0,0
2018-11-26,15,2018,11,26,1,0,318,0,0,0,0,1,0,0,0,0,0
2018-11-27,15,2018,11,27,1,0,319,0,0,0,0,1,0,0,1,0,0
2018-11-28,15,2018,11,28,1,0,320,0,0,0,0,1,0,0,0,0,0
2018-11-29,15,2018,11,29,1,0,321,0,0,0,0,1,0,0,0,0,0
2018-11-30,15,2018,11,30,1,0,322,0,0,0,0,1,0,0,0,0,0
2018-12-01,16,2018,12,1,0,1,323,0,0,0,0,0,0,0,0,0,0
2018-12-02,15,2018,12,2,0,1,324,0,0,0,0,0,1,0,1,0,0
2018-12-03,15,2018,12,3,1,0,325,0,0,0,0,0,2,0,1,0,0
2018-12-04,17,2018,12,4,1,0,326,0,0,0,0,0,0,0,0,0,0
2018-12-05,15,2018,12,5,1,0,327,0,0,0,0,0,1,0,0,0,0
2018-12-06,17,2018,12,6,1,0,328,0,0,0,0,0,0,0,1,0,0
2018-12-07,15,2018,12,7,1,0,329,0,0,0,0,0,0,0,0,0,0
2018-12-08,15,2018,12,8,0,1,41,0,0,0,0,0,0,0,0,0,0
2018-12-09,15,2018,12,9,0,1,42,0,0,0,0,0,1,0,0,0,0
2018-12-11,15,2018,12,11,1,0,44,0,0,0,0,0,3,0,0,0,0
2018-12-12,15,2018,12,12,1,0,45,0,0,0,0,0,0,0,0,0,0
2018-12-13,15,2018,12,13,1,0,46,0,0,0,0,0,0,0,0,0,0
2018-12-14,15,2018,12,14,1,0,47,0,0,0,0,0,0,0,1,0,0
2018-12-15,15,2018,12,15,0,1,48,0,0,0,0,0,1,0,0,0,0
2018-12-16,15,2018,12,16,0,1,49,0,0,0,0,0,0,0,0,0,0
2018-12-17,15,2018,12,17,1,0,410,0,0,0,0,0,0,0,0,0,0
2018-12-18,15,2018,12,18,1,0,411,0,0,0,0,0,1,0,0,0,0
2018-12-19,15,2018,12,19,1,0,412,0,0,0,0,0,0,0,1,0,0
2018-12-20,15,2018,12,20,1,0,413,0,0,0,0,0,0,0,0,0,0
2018-12-21,15,2018,12,21,1,0,414,0,0,0,0,0,1,0,1,0,0
2018-12-22,15,2018,12,22,0,1,415,0,0,0,0,0,0,0,0,0,0
2018-12-23,15,2018,12,23,0,1,416,0,0,0,0,0,0,0,0,0,0
2018-12-24,16,2018,12,24,1,0,417,0,0,0,0,0,0,0,0,0,0
2018-12-25,15,2018,12,25,1,0,418,0,0,0,0,0,0,0,0,0,0
2018-12-26,15,2018,12,26,1,0,419,0,0,0,0,0,0,0,1,0,0
2018-12-27,15,2018,12,27,1,0,420,0,0,0,0,0,0,0,0,0,0
2018-12-28,15,2018,12,28,1,0,421,0,0,0,0,0,0,0,0,0,0
2018-12-29,15,2018,12,29,0,1,422,0,0,0,0,0,1,0,0,0,0
2018-12-30,17,2018,12,30,0,1,423,0,0,0,0,0,0,0,0,0,0
2018-12-31,15,2018,12,31,1,0,424,0,0,0,0,0,0,0,0,0,0
2019-01-01,15,2019,1,1,1,0,423,0,0,0,0,0,0,0,0,0,0
2019-01-02,15,2019,1,2,1,0,424,0,0,0,0,0,0,0,0,0,0
2019-01-03,16,2019,1,3,1,0,425,0,0,0,0,0,0,0,0,0,0
2019-01-04,15,2019,1,4,1,0,426,0,0,0,0,0,0,0,0,0,0
2019-01-05,15,2019,1,5,0,1,427,0,0,0,0,0,0,0,0,0,0
2019-01-06,15,2019,1,6,0,1,428,0,0,0,0,0,0,0,0,0,0
2019-01-07,15,2019,1,7,1,0,429,0,0,0,0,0,0,0,0,0,0
2019-01-08,15,2019,1,8,1,0,430,0,0,0,0,0,0,0,0,0,0
2019-01-09,15,2019,1,9,1,0,51,0,0,0,0,0,2,0,0,0,0
2019-01-10,15,2019,1,10,1,0,52,0,0,0,0,0,0,0,0,0,0
2019-01-11,15,2019,1,11,1,0,53,0,0,0,0,0,0,0,0,0,0
2019-01-12,15,2019,1,12,0,1,54,0,0,0,0,0,0,0,0,0,0
2019-01-13,15,2019,1,13,0,1,55,0,0,0,0,0,0,0,0,0,0
2019-01-14,15,2019,1,14,1,0,56,0,0,0,0,0,0,0,0,0,0
2019-01-15,15,2019,1,15,1,0,57,0,0,0,0,0,2,0,0,0,0
2019-01-16,15,2019,1,16,1,0,58,0,0,0,0,0,0,0,0,0,0
2019-01-17,15,2019,1,17,1,0,59,0,0,0,0,0,0,0,0,0,0
2019-01-18,16,2019,1,18,1,0,510,0,0,0,0,0,0,0,0,0,0
2019-01-19,15,2019,1,19,0,1,511,0,0,0,0,0,1,0,0,0,0
2019-01-20,16,2019,1,20,0,1,512,0,0,0,0,0,1,0,0,0,0
2019-01-21,15,2019,1,21,1,0,513,0,0,0,0,0,0,0,0,0,0
2019-01-23,15,2019,1,23,1,0,515,0,0,0,0,0,0,0,0,0,0
2019-01-24,15,2019,1,24,1,0,516,0,0,0,0,0,0,0,0,0,0
2019-01-25,15,2019,1,25,1,0,517,0,0,0,0,0,0,0,0,0,0
2019-01-26,15,2019,1,26,0,1,518,0,0,0,0,0,1,0,0,0,0
2019-01-27,15,2019,1,27,0,1,519,0,0,0,0,0,0,0,0,0,0
2019-01-28,15,2019,1,28,1,0,520,0,0,0,0,0,0,0,0,0,0
2019-01-29,15,2019,1,29,1,0,521,0,0,0,0,0,0,0,0,0,0
2019-01-30,16,2019,1,30,1,0,522,0,0,0,0,0,3,10,0,0,0
2019-01-31,15,2019,1,31,1,0,523,0,0,0,0,0,0,0,0,0,0
2019-02-01,15,2019,2,1,1,0,523,0,0,0,0,0,0,0,0,0,0
2019-02-02,15,2019,2,2,0,1,524,0,0,0,0,0,0,0,0,0,0
2019-02-03,15,2019,2,3,0,1,525,0,0,0,0,0,0,0,0,0,0
2019-02-04,15,2019,2,4,1,0,526,0,0,0,0,0,1,0,0,0,0
2019-02-05,16,2019,2,5,1,0,527,0,0,0,0,0,0,0,0,0,0
2019-02-06,15,2019,2,6,1,0,528,0,0,0,0,0,0,0,0,0,0
2019-02-07,15,2019,2,7,1,0,529,0,0,0,0,0,1,0,0,0,0
2019-02-08,15,2019,2,8,1,0,530,0,0,0,0,0,1,0,0,0,0
2019-02-09,15,2019,2,9,0,1,61,0,0,0,0,0,0,0,0,0,0
2019-02-10,15,2019,2,10,0,1,62,0,0,0,0,0,0,0,0,0,0
2019-02-11,15,2019,2,11,1,0,63,0,0,0,0,0,0,0,0,0,0
2019-02-12,15,2019,2,12,1,0,64,0,0,0,0,0,0,0,0,0,0
2019-02-13,15,2019,2,13,1,0,65,0,0,0,0,0,1,0,0,0,0
2019-02-14,15,2019,2,14,1,0,66,0,0,0,0,0,0,0,0,0,0
2019-02-15,15,2019,2,15,1,0,67,0,0,0,0,0,1,0,0,0,0
2019-02-16,15,2019,2,16,0,1,68,0,0,0,0,0,1,0,0,0,0
2019-02-17,15,2019,2,17,0,1,69,0,0,0,0,0,0,0,0,0,0
2019-02-18,15,2019,2,18,1,0,610,0,0,0,0,0,0,0,0,0,0
2019-02-19,15,2019,2,19,1,0,611,0,0,0,0,0,1,0,0,0,0
2019-02-20,15,2019,2,20,1,0,612,0,0,0,0,0,0,0,0,0,0
2019-02-21,15,2019,2,21,1,0,613,0,0,0,0,0,1,0,0,0,0
2019-02-22,15,2019,2,22,1,0,614,0,0,0,0,0,1,0,0,0,0
2019-02-23,15,2019,2,23,0,1,615,0,0,0,0,0,0,0,0,0,0
2019-02-24,15,2019,2,24,0,1,616,0,0,0,0,0,1,0,0,0,0
2019-02-25,15,2019,2,25,1,0,617,0,0,0,0,0,0,0,0,0,0
2019-02-26,15,2019,2,26,1,0,618,0,0,0,0,0,0,0,0,0,0
2019-02-27,16,2019,2,27,1,0,619,0,0,0,0,0,0,0,1,0,0
2019-02-28,15,2019,2,28,1,0,620,0,0,0,0,0,0,0,0,0,0
2019-03-01,15,2019,3,1,1,0,624,0,0,0,0,0,2,0,0,0,0
2019-03-02,15,2019,3,2,0,1,625,0,0,0,0,0,0,0,0,0,0
2019-03-03,15,2019,3,3,0,1,626,0,0,0,0,0,0,0,0,0,0
2019-03-04,15,2019,3,4,1,0,627,0,0,0,0,0,0,0,0,0,0
2019-03-05,15,2019,3,5,1,0,628,0,0,0,0,0,0,0,0,0,0
2019-03-06,15,2019,3,6,1,0,629,0,0,0,0,0,2,0,5,0,0
2019-03-07,15,2019,3,7,1,0,630,0,0,0,0,0,0,0,0,0,0
2019-03-08,15,2019,3,8,1,0,71,0,0,0,0,0,0,0,0,0,0
2019-03-09,15,2019,3,9,0,1,72,0,0,0,0,0,0,0,0,0,0
2019-03-10,15,2019,3,10,0,1,73,0,0,0,0,0,0,0,0,0,0
2019-03-11,15,2019,3,11,1,0,74,0,0,0,0,0,1,0,0,0,0
2019-03-12,15,2019,3,12,1,0,75,0,0,0,0,0,0,0,0,0,0
2019-03-13,15,2019,3,13,1,0,76,0,0,0,0,0,0,0,0,0,0
2019-03-14,16,2019,3,14,1,0,77,0,0,0,0,0,0,0,1,0,0
2019-03-15,15,2019,3,15,1,0,78,0,0,0,0,0,0,0,0,0,0
2019-03-16,15,2019,3,16,0,1,79,0,0,0,0,0,0,0,0,0,1
2019-03-17,15,2019,3,17,0,1,710,0,0,0,0,0,2,0,0,1,0
2019-03-18,15,2019,3,18,1,0,711,0,0,0,0,0,0,0,0,0,0
2019-03-19,15,2019,3,19,1,0,712,0,0,0,0,0,0,0,0,0,0
2019-03-20,16,2019,3,20,1,0,713,0,0,0,0,0,0,0,0,0,0
2019-03-21,15,2019,3,21,1,0,714,0,0,0,0,0,0,0,0,0,0
2019-03-22,15,2019,3,22,1,0,715,0,0,0,0,0,0,0,0,0,0
2019-03-23,15,2019,3,23,0,1,716,0,0,0,0,0,0,0,0,0,0
2019-03-24,15,2019,3,24,0,1,717,0,0,0,0,0,0,0,0,0,0
2019-03-25,15,2019,3,25,1,0,718,0,0,0,0,0,0,0,0,0,0
2019-03-26,15,2019,3,26,1,0,719,0,0,0,0,0,0,0,0,0,0
2019-03-27,15,2019,3,27,1,0,720,0,0,0,0,0,0,0,0,0,0
2019-03-28,15,2019,3,28,1,0,721,0,0,0,0,0,0,0,0,0,0
2019-03-29,15,2019,3,29,1,0,722,0,0,0,0,0,0,0,0,0,0
2019-03-30,15,2019,3,30,0,1,723,0,0,0,0,0,0,0,0,0,0
2019-03-31,15,2019,3,31,0,1,724,0,0,0,0,0,0,0,0,0,0
2019-04-01,15,2019,4,1,1,0,725,0,0,0,1,0,0,0,0,0,0
2019-04-02,15,2019,4,2,1,0,726,0,0,0,1,0,0,0,0,0,0
2019-04-03,15,2019,4,3,1,0,727,0,0,0,1,0,1,0,0,0,0
2019-04-04,15,2019,4,4,1,0,728,0,0,0,1,0,0,0,0,0,0
2019-04-05,16,2019,4,5,1,0,729,0,0,0,1,0,0,0,0,0,0
2019-04-06,15,2019,4,6,0,1,81,0,0,0,1,0,0,0,1,0,0
2019-04-07,15,2019,4,7,0,1,82,0,0,0,1,0,0,0,0,0,0
2019-04-08,15,2019,4,8,1,0,83,0,0,0,1,0,0,0,0,0,0
2019-04-09,15,2019,4,9,1,0,84,0,0,0,1,0,0,0,0,0,0
2019-04-10,15,2019,4,10,1,0,85,0,0,0,1,0,0,0,0,0,0
2019-04-11,15,2019,4,11,1,0,86,0,0,0,1,0,1,0,0,0,0
2019-04-12,15,2019,4,12,1,0,87,0,0,0,1,0,0,0,0,0,0
2019-04-13,15,2019,4,13,0,1,88,0,0,0,1,0,0,0,0,0,0
2019-04-14,15,2019,4,14,0,1,89,0,0,0,1,0,0,0,0,0,0
2019-04-15,15,2019,4,15,1,0,810,0,0,0,1,0,0,0,0,0,0
2019-04-16,15,2019,4,16,1,0,811,0,0,0,1,0,0,0,0,1,0
2019-04-17,15,2019,4,17,1,0,812,0,0,0,1,0,0,0,0,0,0
2019-04-18,15,2019,4,18,1,0,813,0,0,0,1,0,0,0,0,0,0
2019-04-19,15,2019,4,19,1,0,814,0,0,0,1,0,0,0,0,0,0
2019-04-20,15,2019,4,20,0,1,815,0,0,0,1,0,2,0,0,0,0
2019-04-21,15,2019,4,21,0,1,816,0,0,0,1,0,0,0,0,0,0
2019-04-22,15,2019,4,22,1,0,817,0,0,0,1,0,1,0,0,0,0
2019-04-23,15,2019,4,23,1,0,818,0,0,0,1,0,0,0,0,0,0
2019-04-24,15,2019,4,24,1,0,819,0,0,0,1,0,0,0,0,0,0
2019-04-25,15,2019,4,25,1,0,820,0,0,0,1,0,0,0,0,0,0
2019-04-26,15,2019,4,26,1,0,821,0,0,0,1,0,0,0,0,0,0
2019-04-27,15,2019,4,27,0,1,822,0,0,0,1,0,0,0,0,0,0
2019-04-28,15,2019,4,28,0,1,823,0,0,0,1,0,0,0,0,0,0
2019-04-29,15,2019,4,29,1,0,824,0,0,0,1,0,0,0,0,0,0
2019-04-30,15,2019,4,30,1,0,825,0,0,0,1,0,0,0,0,0,0
2019-05-01,15,2019,5,1,1,0,826,0,0,0,1,0,0,0,0,0,0
2019-05-02,15,2019,5,2,1,0,827,0,0,0,1,0,0,0,0,0,0
2019-05-03,15,2019,5,3,1,0,828,0,0,0,1,0,0,0,0,0,0
2019-05-04,19,2019,5,4,0,1,829,0,0,0,1,0,0,0,0,0,0
2019-05-05,15,2019,5,5,0,1,830,0,0,0,1,0,0,0,0,0,0
2019-05-06,0,2019,5,6,1,0,91,0,0,0,1,0,0,0,0,0,0
2019-05-07,0,2019,5,7,1,0,92,0,0,0,1,0,0,0,0,0,0
2019-05-08,15,2019,5,8,1,0,93,0,0,0,1,0,0,0,0,0,0
2019-05-09,16,2019,5,9,1,0,94,0,0,0,1,0,0,0,0,0,0
2019-05-10,15,2019,5,10,1,0,95,0,0,0,1,0,0,0,0,0,0
2019-05-11,15,2019,5,11,0,1,96,0,0,0,1,0,0,0,0,0,0
2019-05-12,15,2019,5,12,0,1,97,0,0,0,1,0,0,0,0,0,0
2019-05-13,15,2019,5,13,1,0,98,0,0,0,1,0,0,0,0,0,0
2019-05-14,17,2019,5,14,1,0,99,0,0,0,1,0,0,0,0,0,0
2019-05-15,15,2019,5,15,1,0,910,0,0,0,1,0,0,0,0,0,0
2019-05-16,15,2019,5,16,1,0,911,0,0,0,1,0,0,0,0,0,0
2019-05-17,15,2019,5,17,1,0,912,0,0,0,1,0,0,0,0,0,0
2019-05-18,15,2019,5,18,0,1,913,0,0,0,1,0,0,0,0,0,0
2019-05-19,15,2019,5,19,0,1,914,0,0,0,1,0,0,0,0,0,0
2019-05-20,15,2019,5,20,1,0,915,0,0,0,1,0,0,0,0,0,0
2019-05-21,15,2019,5,21,1,0,916,0,0,0,1,0,0,0,0,0,0
2019-05-22,15,2019,5,22,1,0,917,1,0,0,1,0,0,0,0,0,0
2019-05-23,17,2019,5,23,1,0,918,1,0,0,1,0,0,0,0,0,0
2019-05-24,15,2019,5,24,1,0,919,1,0,0,1,0,0,0,0,0,0
2019-05-25,15,2019,5,25,0,1,920,1,0,0,1,0,0,0,0,0,0
2019-05-26,15,2019,5,26,0,1,921,1,0,0,1,0,0,0,0,0,0
2019-05-27,15,2019,5,27,1,0,922,1,0,0,1,0,0,0,0,0,0
2019-05-28,16,2019,5,28,1,0,923,1,0,0,1,0,0,0,0,0,0
2019-05-29,15,2019,5,29,1,0,924,1,0,0,1,0,0,0,0,0,0
2019-05-30,15,2019,5,30,1,0,925,1,0,0,1,0,0,0,0,0,0
2019-05-31,15,2019,5,31,1,0,926,1,0,0,1,0,0,0,0,0,0
2019-06-01,15,2019,6,1,0,1,927,1,0,0,0,0,0,0,0,0,0
2019-06-02,15,2019,6,2,0,1,928,1,0,0,0,0,0,0,0,0,0
2019-06-03,15,2019,6,3,1,0,929,1,0,0,0,0,0,0,0,0,0
2019-06-04,15,2019,6,4,1,0,101,1,0,0,0,0,0,0,0,0,0
2019-06-07,15,2019,6,7,1,0,104,0,0,0,0,0,0,0,0,0,0
2019-06-08,15,2019,6,8,0,1,105,0,0,0,0,0,0,0,0,0,0
2019-06-09,0,2019,6,9,0,1,106,0,0,0,0,0,0,0,0,0,0
2019-06-10,15,2019,6,10,1,0,107,0,0,0,0,0,0,0,0,0,0
2019-06-11,15,2019,6,11,1,0,108,0,0,0,0,0,0,0,0,0,0
2019-06-12,15,2019,6,12,1,0,109,0,0,0,0,0,1,0,0,0,0
2019-06-13,15,2019,6,13,1,0,1010,0,0,0,0,0,0,0,0,0,0
2019-06-14,15,2019,6,14,1,0,1011,0,0,0,0,0,0,0,0,0,0
2019-06-15,16,2019,6,15,0,1,1012,0,0,0,0,0,0,0,0,0,0
2019-06-16,15,2019,6,16,0,1,1013,0,0,0,0,0,0,0,0,0,0
2019-06-17,15,2019,6,17,1,0,1014,0,0,0,0,0,0,0,0,0,0
2019-06-18,15,2019,6,18,1,0,1015,0,0,0,0,0,0,0,0,0,0
2019-06-19,15,2019,6,19,1,0,1016,0,0,0,0,0,0,0,0,0,0
2019-06-20,16,2019,6,20,1,0,1017,0,0,0,0,0,0,0,0,0,0
2019-06-21,15,2019,6,21,1,0,1018,0,0,0,0,0,0,0,0,1,0
2019-06-22,15,2019,6,22,0,1,1019,0,0,0,0,0,0,0,0,0,0
2019-06-23,15,2019,6,23,0,1,1020,0,0,0,0,0,0,0,0,0,0
2019-06-24,15,2019,6,24,1,0,1021,0,0,0,0,0,0,0,0,0,0
2019-06-25,15,2019,6,25,1,0,1022,0,0,0,0,0,0,0,0,0,0
2019-06-26,15,2019,6,26,1,0,1023,0,0,0,0,0,0,0,0,0,0
2019-06-27,17,2019,6,27,1,0,1024,0,0,0,0,0,0,0,0,0,0
2019-06-28,45,2019,6,28,1,0,1025,0,0,0,0,0,0,0,0,0,0
2019-06-29,50,2019,6,29,0,1,1026,0,0,0,0,0,1,0,0,0,0
2019-06-30,0,2019,6,30,0,1,1027,0,0,0,0,0,1,0,0,0,0
2019-07-01,50,2019,7,1,1,0,1028,0,0,0,0,0,0,0,0,1,0
2019-07-02,50,2019,7,2,1,0,1029,0,0,0,0,0,0,0,0,0,0
2019-07-03,0,2019,7,3,1,0,1030,0,0,0,0,0,0,0,0,0,0
2019-07-04,50,2019,7,4,1,0,111,0,0,0,0,0,0,0,0,0,0
2019-07-05,50,2019,7,5,1,0,112,0,0,0,0,0,1,0,0,0,0
2019-07-06,50,2019,7,6,0,1,113,0,0,0,0,0,-1,0,0,0,0
2019-07-07,50,2019,7,7,0,1,114,0,0,0,0,0,0,0,0,0,0
2019-07-08,49,2019,7,8,1,0,115,0,0,0,0,0,0,0,0,0,0
2019-07-09,35,2019,7,9,1,0,116,0,0,0,0,0,0,0,0,0,0
2019-07-10,50,2019,7,10,1,0,117,0,0,0,0,0,0,0,0,0,0
2019-07-11,49,2019,7,11,1,0,118,0,0,0,0,0,0,0,0,0,0
2019-07-12,49,2019,7,12,1,0,119,0,0,0,0,0,0,0,0,0,0
2019-07-13,49,2019,7,13,0,1,1110,0,0,0,0,0,0,0,0,0,0
2019-07-14,20,2019,7,14,0,1,1111,0,0,0,0,0,0,0,0,0,0
2019-07-15,50,2019,7,15,1,0,1112,0,0,0,0,0,0,0,0,0,0
2019-07-16,50,2019,7,16,1,0,1113,0,0,0,0,0,0,0,0,0,0
2019-07-17,49,2019,7,17,1,0,1114,0,0,0,0,0,0,0,0,0,0
2019-07-18,0,2019,7,18,1,0,1115,0,0,0,0,0,0,0,0,0,0
2019-07-19,47,2019,7,19,1,0,1116,0,0,0,0,0,0,0,0,0,0
2019-07-20,50,2019,7,20,0,1,1117,0,0,0,0,0,0,0,0,0,0
2019-07-21,50,2019,7,21,0,1,1118,0,0,0,0,0,0,0,0,0,0
2019-07-22,49,2019,7,22,1,0,1119,0,0,0,0,0,0,0,0,0,0
2019-07-23,50,2019,7,23,1,0,1120,0,0,0,0,0,0,0,0,0,0
2019-07-24,50,2019,7,24,1,0,1121,0,0,0,0,0,0,0,0,0,0
2019-07-25,0,2019,7,25,1,0,1122,0,0,0,0,0,0,0,0,0,0
2019-07-26,50,2019,7,26,1,0,1123,0,0,0,0,0,1,0,0,0,0
2019-07-27,50,2019,7,27,0,1,1124,0,0,0,0,0,0,0,0,0,0
2019-07-28,50,2019,7,28,0,1,1125,0,0,0,0,0,0,0,0,0,0
2019-07-29,49,2019,7,29,1,0,1126,0,0,0,0,0,0,0,0,0,0
2019-07-30,50,2019,7,30,1,0,1127,0,0,0,0,0,0,0,0,0,0
2019-07-31,40,2019,7,31,1,0,1128,0,0,0,0,0,0,0,0,0,0
2019-08-01,41,2019,8,1,1,0,1129,0,0,0,0,0,0,0,0,0,0
2019-08-02,50,2019,8,2,1,0,121,0,0,0,0,0,0,0,0,0,0
2019-08-03,31,2019,8,3,0,1,122,0,0,0,0,0,0,0,0,0,0
2019-08-04,50,2019,8,4,0,1,123,0,0,0,0,0,0,0,0,0,0
2019-08-05,49,2019,8,5,1,0,124,0,0,0,0,0,0,0,0,0,0
2019-08-06,50,2019,8,6,1,0,125,0,1,0,0,0,1,0,0,0,0
2019-08-07,50,2019,8,7,1,0,126,0,1,0,0,0,0,0,0,0,0
2019-08-08,50,2019,8,8,1,0,127,0,1,0,0,0,0,0,0,0,0
2019-08-09,45,2019,8,9,1,0,128,0,1,0,0,0,0,0,0,0,0
2019-08-10,50,2019,8,10,0,1,129,0,1,0,0,0,1,0,0,0,0
2019-08-11,49,2019,8,11,0,1,1210,0,1,0,0,0,0,0,0,0,0
2019-08-12,0,2019,8,12,1,0,1211,0,1,0,0,0,0,0,0,0,0
2019-08-14,0,2019,8,14,1,0,1213,0,0,0,0,0,0,0,0,0,0
2019-08-15,0,2019,8,15,1,0,1214,0,0,0,0,0,0,0,0,0,0
2019-08-16,27,2019,8,16,1,0,1215,0,0,0,0,0,0,0,0,0,0
2019-08-17,48,2019,8,17,0,1,1216,0,0,0,0,0,0,0,0,0,0
2019-08-18,45,2019,8,18,0,1,1217,0,0,0,0,0,0,0,0,0,0
2019-08-19,40,2019,8,19,1,0,1218,0,0,0,0,0,0,0,0,0,0
2019-08-20,50,2019,8,20,1,0,1219,0,0,0,0,0,0,0,0,0,0
2019-08-21,0,2019,8,21,1,0,1220,0,0,0,0,0,0,0,0,0,0
2019-08-22,50,2019,8,22,1,0,1221,0,0,0,0,0,0,0,0,0,0
2019-08-23,0,2019,8,23,1,0,1222,0,0,0,0,0,0,0,0,0,0
2019-08-24,50,2019,8,24,0,1,1223,0,0,0,0,0,1,0,0,0,0
2019-08-25,48,2019,8,25,0,1,1224,0,0,0,0,0,0,0,0,0,0
2019-08-26,50,2019,8,26,1,0,1225,0,0,0,0,0,0,0,0,0,0
2019-08-27,0,2019,8,27,1,0,1226,0,0,0,0,0,0,0,0,0,0
2019-08-28,50,2019,8,28,1,0,1227,0,0,0,0,0,1,0,0,0,0
2019-08-29,0,2019,8,29,1,0,1228,0,0,0,0,0,0,0,0,0,0
2019-08-30,0,2019,8,30,1,0,1229,0,0,0,0,0,0,0,0,0,0
2019-08-31,45,2019,8,31,0,1,11,0,0,0,0,0,0,0,0,0,0
2019-09-01,19,2019,9,1,0,1,12,0,0,0,0,0,0,0,0,0,0
2019-09-02,50,2019,9,2,1,0,13,0,0,0,0,0,0,0,0,0,0
2019-09-03,38,2019,9,3,1,0,14,0,0,0,0,0,0,0,0,0,0
2019-09-04,0,2019,9,4,1,0,15,0,0,0,0,0,0,0,0,0,0
2019-09-05,0,2019,9,5,1,0,16,0,0,0,0,0,0,0,0,0,0
2019-09-06,0,2019,9,6,1,0,17,0,0,0,0,0,0,0,0,0,0
2019-09-07,50,2019,9,7,0,1,18,0,0,0,0,0,0,0,0,0,0
2019-09-08,44,2019,9,8,0,1,19,0,0,0,0,0,0,0,0,1,0
2019-09-11,49,2019,9,11,1,0,112,0,0,0,0,0,1,0,0,0,0
2019-09-12,50,2019,9,12,1,0,113,0,0,0,0,0,0,0,0,0,0
2019-09-13,50,2019,9,13,1,0,114,0,0,0,0,0,1,0,0,0,1
2019-09-14,45,2019,9,14,0,1,115,0,0,0,0,0,0,0,0,0,0
2019-09-15,48,2019,9,15,0,1,116,0,0,0,0,0,2,0,0,0,0
2019-09-16,0,2019,9,16,1,0,117,0,0,0,0,0,0,0,0,0,0
2019-09-17,50,2019,9,17,1,0,118,0,0,0,0,0,0,0,0,0,0
2019-09-18,0,2019,9,18,1,0,119,0,0,0,0,0,0,0,0,0,1
2019-09-19,50,2019,9,19,1,0,120,0,0,0,0,0,0,0,0,0,0
2019-09-20,0,2019,9,20,1,0,121,0,0,0,0,0,0,0,0,0,0
2019-09-21,50,2019,9,21,0,1,122,0,0,0,0,0,0,0,0,0,0
2019-09-22,40,2019,9,22,0,1,123,0,0,0,0,0,0,0,0,0,0
2019-09-23,50,2019,9,23,1,0,124,0,0,0,0,0,1,0,0,0,0
2019-09-24,50,2019,9,24,1,0,125,0,0,0,0,0,0,0,0,0,0
2019-09-25,0,2019,9,25,1,0,126,0,0,0,0,0,0,0,0,0,0
2019-09-26,50,2019,9,26,1,0,127,0,0,0,0,0,1,0,0,0,0
2019-09-27,50,2019,9,27,1,0,128,0,0,0,0,0,2,0,0,0,0
2019-09-28,49,2019,9,28,0,1,129,0,0,0,0,0,0,0,0,0,0
2019-09-29,50,2019,9,29,0,1,130,0,0,0,0,0,2,0,0,0,0
2019-09-30,0,2019,9,30,1,0,21,0,0,0,0,0,0,0,0,1,0
2019-10-01,45,2019,10,1,1,0,22,0,0,0,0,1,0,0,0,0,0
2019-10-02,50,2019,10,2,1,0,23,0,0,0,0,1,1,0,0,0,0
2019-10-03,49,2019,10,3,1,0,24,0,0,0,0,1,1,0,0,0,0
2019-10-04,0,2019,10,4,1,0,25,0,0,0,0,1,0,0,0,0,1
2019-10-05,50,2019,10,5,0,1,26,0,0,0,0,1,1,0,0,0,0
2019-10-06,50,2019,10,6,0,1,27,0,0,0,0,1,0,0,0,0,2
2019-10-07,50,2019,10,7,1,0,28,0,0,0,0,1,1,0,0,0,0
2019-10-08,50,2019,10,8,1,0,29,0,0,0,0,1,0,0,0,0,0
2019-10-09,50,2019,10,9,1,0,210,0,0,0,0,1,1,0,0,0,0
2019-10-10,49,2019,10,10,1,0,211,0,0,0,0,1,0,0,0,0,0
2019-10-11,50,2019,10,11,1,0,212,0,0,0,0,1,0,0,0,0,0
2019-10-12,50,2019,10,12,0,1,213,0,0,0,0,1,0,0,0,0,0
2019-10-13,50,2019,10,13,0,1,214,0,0,0,0,1,0,0,0,0,0
2019-10-14,50,2019,10,14,1,0,215,0,0,0,0,1,0,0,0,0,1
2019-10-15,50,2019,10,15,1,0,216,0,0,0,0,1,1,0,0,0,0
2019-10-16,50,2019,10,16,1,0,217,0,0,0,0,1,0,0,0,0,0
2019-10-17,49,2019,10,17,1,0,218,0,0,0,0,1,0,0,0,0,0
2019-10-18,0,2019,10,18,1,0,219,0,0,0,0,1,0,0,0,0,0
2019-10-19,0,2019,10,19,0,1,220,0,0,0,0,1,0,0,0,0,0
2019-10-20,45,2019,10,20,0,1,221,0,0,0,0,1,0,0,0,0,0
2019-10-21,0,2019,10,21,1,0,222,0,0,0,0,1,0,0,0,0,0
2019-10-22,49,2019,10,22,1,0,223,0,0,0,0,1,0,0,0,0,0
2019-10-23,0,2019,10,23,1,0,224,0,0,0,0,1,1,0,0,0,0
2019-10-24,50,2019,10,24,1,0,225,0,0,0,0,1,0,0,0,0,0
2019-10-25,50,2019,10,25,1,0,226,0,0,0,0,1,0,0,0,0,0
2019-10-26,50,2019,10,26,0,1,227,0,0,0,0,1,0,0,0,0,0
2019-10-27,20,2019,10,27,0,1,228,0,0,0,0,1,0,0,0,0,0
2019-10-28,50,2019,10,28,1,0,229,0,0,0,0,1,1,0,0,0,0
2019-10-29,50,2019,10,29,1,0,31,0,0,0,0,1,1,0,0,0,0
2019-10-30,49,2019,10,30,1,0,32,0,0,0,0,1,0,0,0,0,0
2019-10-31,50,2019,10,31,1,0,33,0,0,0,0,1,0,0,0,0,0
2019-11-01,50,2019,11,1,1,0,34,0,0,0,0,1,0,0,0,0,0
2019-11-02,50,2019,11,2,0,1,35,0,0,0,0,1,0,0,0,1,0
2019-11-03,50,2019,11,3,0,1,36,0,0,0,0,1,0,0,0,0,0
2019-11-04,50,2019,11,4,1,0,37,0,0,0,0,1,0,0,0,0,0
2019-11-05,50,2019,11,5,1,0,38,0,0,0,0,1,0,0,0,0,0
2019-11-06,50,2019,11,6,1,0,39,0,0,0,0,1,0,0,0,0,1
2019-11-07,0,2019,11,7,1,0,310,0,0,0,0,1,0,0,0,0,0
2019-11-08,50,2019,11,8,1,0,311,0,0,0,0,1,0,0,0,0,0
2019-11-09,50,2019,11,9,0,1,312,0,0,0,0,1,0,0,0,0,0
2019-11-10,50,2019,11,10,0,1,313,0,0,0,0,1,3,0,0,0,0
2019-11-11,49,2019,11,11,1,0,314,0,0,0,0,1,1,0,0,0,0
2019-11-12,25,2019,11,12,1,0,315,0,0,0,0,1,1,0,0,0,0
2019-11-13,0,2019,11,13,1,0,316,0,0,0,0,1,0,0,0,0,0
2019-11-14,49,2019,11,14,1,0,317,0,0,0,0,1,0,0,0,0,0
2019-11-15,38,2019,11,15,1,0,318,0,0,0,0,1,1,0,0,0,0
2019-11-16,49,2019,11,16,0,1,319,0,0,0,0,1,0,0,0,0,0
2019-11-17,50,2019,11,17,0,1,320,0,0,0,0,1,0,0,0,0,0
2019-11-18,50,2019,11,18,1,0,321,0,0,0,0,1,0,0,0,0,0
2019-11-19,0,2019,11,19,1,0,322,0,0,0,0,1,0,0,0,0,0
2019-11-20,50,2019,11,20,1,0,323,0,0,0,0,1,2,0,0,0,0
2019-11-21,0,2019,11,21,1,0,324,0,0,0,0,1,0,0,0,0,0
2019-11-22,49,2019,11,22,1,0,325,0,0,0,0,1,1,0,0,0,0
2019-11-23,48,2019,11,23,0,1,326,0,0,0,0,1,0,0,0,0,0
2019-11-24,50,2019,11,24,0,1,327,0,0,0,0,1,0,0,0,1,0
2019-11-25,50,2019,11,25,1,0,328,0,0,0,0,1,0,0,0,0,0
2019-11-26,49,2019,11,26,1,0,329,0,0,0,0,1,0,0,0,0,0
2019-11-27,50,2019,11,27,1,0,330,0,0,0,0,1,0,0,0,0,0
2019-11-28,20,2019,11,28,1,0,41,0,0,0,0,1,0,0,0,0,0
2019-11-29,30,2019,11,29,1,0,42,0,0,0,0,1,3,0,0,0,0
2019-11-30,31,2019,11,30,0,1,43,0,0,0,0,1,3,0,0,0,0
2019-12-01,30,2019,12,1,0,1,44,0,0,0,0,0,0,0,0,0,0
2019-12-02,35,2019,12,2,1,0,45,0,0,0,0,0,0,0,0,0,0
2019-12-03,50,2019,12,3,1,0,46,0,0,0,0,0,0,0,0,0,0
2019-12-04,50,2019,12,4,1,0,47,0,0,0,0,0,1,0,0,0,0
2019-12-05,0,2019,12,5,1,0,48,0,0,0,0,0,0,0,0,0,0
2019-12-06,50,2019,12,6,1,0,49,0,0,0,0,0,0,0,0,0,0
2019-12-07,50,2019,12,7,0,1,410,0,0,0,0,0,0,0,0,0,0
2019-12-08,50,2019,12,8,0,1,411,0,0,0,0,0,0,0,0,0,0
2019-12-09,0,2019,12,9,1,0,412,0,0,0,0,0,1,0,0,0,0
2019-12-10,0,2019,12,10,1,0,413,0,0,0,0,0,0,0,0,0,0
2019-12-11,50,2019,12,11,1,0,414,0,0,0,0,0,0,0,0,0,0
2019-12-12,0,2019,12,12,1,0,415,0,0,0,0,0,0,0,0,0,0
2019-12-13,50,2019,12,13,1,0,416,0,0,0,0,0,0,0,0,0,0
2019-12-14,50,2019,12,14,0,1,417,0,0,0,0,0,1,0,0,0,1
2019-12-15,49,2019,12,15,0,1,418,0,0,0,0,0,1,0,1,0,0
2019-12-16,48,2019,12,16,1,0,419,0,0,0,0,0,0,0,0,0,0
2019-12-17,50,2019,12,17,1,0,420,0,0,0,0,0,0,0,0,0,0
2019-12-18,50,2019,12,18,1,0,421,0,0,0,0,0,0,0,0,0,0
2019-12-19,50,2019,12,19,1,0,422,0,0,0,0,0,2,0,0,0,0
2019-12-20,50,2019,12,20,1,0,423,0,0,0,0,0,0,0,0,0,0
2019-12-21,50,2019,12,21,0,1,424,0,0,0,0,0,0,0,0,0,0
2019-12-22,50,2019,12,22,0,1,425,0,0,0,0,0,1,0,0,2,0
2019-12-23,50,2019,12,23,1,0,426,0,0,0,0,0,0,0,0,0,0
2019-12-24,50,2019,12,24,1,0,427,0,0,0,0,0,0,0,0,0,0
2019-12-25,50,2019,12,25,1,0,428,0,0,0,0,0,0,0,1,1,0
2019-12-26,17,2019,12,26,1,0,429,0,0,0,0,0,0,0,0,0,0
2019-12-27,50,2019,12,27,1,0,51,0,0,0,0,0,0,0,0,0,1
2019-12-28,49,2019,12,28,0,1,52,0,0,0,0,0,0,0,0,0,2
2019-12-29,20,2019,12,29,0,1,53,0,0,0,0,0,0,0,0,0,0
2019-12-30,50,2019,12,30,1,0,54,0,0,0,0,0,0,0,0,0,0
2019-12-31,50,2019,12,31,1,0,55,0,0,0,0,0,1,0,0,0,0
2020-01-01,0,2020,1,1,1,0,55,0,0,0,0,0,0,0,0,0,0
2020-01-02,50,2020,1,2,1,0,56,0,0,0,0,0,0,0,0,0,0
2020-01-03,35,2020,1,3,1,0,57,0,0,0,0,0,0,0,0,0,0
2020-01-04,48,2020,1,4,0,1,58,0,0,0,0,0,0,0,0,0,0
2020-01-05,27,2020,1,5,0,1,59,0,0,0,0,0,1,0,0,0,0
2020-01-06,25,2020,1,6,1,0,510,0,0,0,0,0,0,0,0,0,1
2020-01-07,0,2020,1,7,1,0,511,0,0,0,0,0,0,0,0,0,1
2020-01-08,50,2020,1,8,1,0,512,0,0,0,0,0,0,0,0,0,0
2020-01-09,0,2020,1,9,1,0,513,0,0,0,0,0,1,0,0,0,0
2020-01-10,50,2020,1,10,1,0,514,0,0,0,0,0,0,0,0,0,0
2020-01-11,35,2020,1,11,0,1,515,0,0,0,0,0,0,0,0,1,0
2020-01-12,50,2020,1,12,0,1,516,0,0,0,0,0,0,0,0,0,0
2020-01-13,50,2020,1,13,1,0,517,0,0,0,0,0,1,0,0,0,0
2020-01-14,50,2020,1,14,1,0,518,0,0,0,0,0,0,0,0,0,0
2020-01-15,50,2020,1,15,1,0,519,0,0,0,0,0,0,0,0,0,0
2020-01-16,50,2020,1,16,1,0,520,0,0,0,0,0,0,0,0,0,0
2020-01-17,50,2020,1,17,1,0,521,0,0,0,0,0,0,0,0,0,0
2020-01-18,50,2020,1,18,0,1,522,0,0,0,0,0,0,0,0,0,0
2020-01-19,28,2020,1,19,0,1,523,0,0,0,0,0,0,0,0,0,0
2020-01-20,25,2020,1,20,1,0,524,0,0,0,0,0,0,0,0,0,0
2020-01-21,50,2020,1,21,1,0,525,0,0,0,0,0,0,0,0,0,0
2020-01-22,20,2020,1,22,1,0,526,0,0,0,0,0,0,0,0,0,0
2020-01-23,49,2020,1,23,1,0,527,0,0,0,0,0,1,0,0,0,0
2020-01-24,39,2020,1,24,1,0,528,0,0,0,0,0,0,0,0,0,0
2020-01-25,0,2020,1,25,0,1,529,0,0,0,0,0,0,0,0,0,0
2020-01-26,44,2020,1,26,0,1,530,0,0,0,0,0,0,0,0,0,0
2020-01-27,50,2020,1,27,1,0,61,0,0,0,0,0,0,0,0,0,0
2020-01-28,50,2020,1,28,1,0,62,0,0,0,0,0,0,0,0,0,0
2020-01-29,50,2020,1,29,1,0,63,0,0,0,0,0,0,0,0,0,0
2020-01-30,50,2020,1,30,1,0,64,0,0,0,0,0,0,0,0,0,0
2020-01-31,50,2020,1,31,1,0,65,0,0,0,0,0,0,0,0,0,0
2020-02-01,50,2020,2,1,0,1,65,0,0,0,0,0,0,0,0,0,0
2020-02-02,41,2020,2,2,0,1,66,0,0,0,0,0,0,0,0,0,0
2020-02-03,49,2020,2,3,1,0,67,0,0,0,0,0,1,0,0,0,0
2020-02-04,50,2020,2,4,1,0,68,0,0,0,0,0,0,0,0,0,0
2020-02-05,0,2020,2,5,1,0,69,0,0,0,0,0,0,0,0,0,0
2020-02-06,50,2020,2,6,1,0,610,0,0,0,0,0,0,0,0,0,0
2020-02-07,50,2020,2,7,1,0,611,0,0,0,0,0,0,0,0,0,0
2020-02-08,28,2020,2,8,0,1,612,0,0,0,0,0,0,0,0,0,0
2020-02-09,49,2020,2,9,0,1,613,0,0,0,0,0,0,0,0,0,0
2020-02-10,50,2020,2,10,1,0,614,0,0,0,0,0,1,0,0,0,0
2020-02-11,50,2020,2,11,1,0,615,0,0,0,0,0,0,0,0,0,0
2020-02-12,50,2020,2,12,1,0,616,0,0,0,0,0,0,0,0,0,0
2020-02-13,46,2020,2,13,1,0,617,0,0,0,0,0,0,0,0,1,0
2020-02-14,42,2020,2,14,1,0,618,0,0,0,0,0,2,0,0,0,0
2020-02-15,50,2020,2,15,0,1,619,0,0,0,0,0,0,0,0,0,0
2020-02-16,50,2020,2,16,0,1,620,0,0,0,0,0,0,0,0,0,0
2020-02-17,0,2020,2,17,1,0,621,0,0,0,0,0,0,0,0,0,0
2020-02-18,49,2020,2,18,1,0,622,0,0,0,0,0,0,0,0,0,0
2020-02-19,50,2020,2,19,1,0,623,0,0,0,0,0,0,0,0,0,0
2020-02-20,50,2020,2,20,1,0,624,0,0,0,0,0,0,0,0,1,0
2020-02-21,50,2020,2,21,1,0,625,0,0,0,0,0,2,0,0,0,0
2020-02-22,50,2020,2,22,0,1,626,0,0,0,0,0,0,0,0,0,0
2020-02-23,50,2020,2,23,0,1,627,0,0,0,0,0,0,0,0,0,0
2020-02-24,49,2020,2,24,1,0,628,0,0,0,0,0,0,0,0,0,0
2020-02-25,50,2020,2,25,1,0,629,0,0,0,0,0,0,0,0,0,0
2020-02-26,50,2020,2,26,1,0,630,0,0,0,0,0,0,0,0,0,0
2020-02-27,50,2020,2,27,1,0,71,0,0,0,0,0,0,0,0,0,0
2020-02-28,49,2020,2,28,1,0,72,0,0,0,0,0,0,0,0,0,3
2020-02-29,35,2020,2,29,0,1,73,0,0,0,0,0,1,0,0,0,0
2020-03-01,50,2020,3,1,0,1,76,0,0,0,0,0,0,0,0,0,0
2020-03-02,50,2020,3,2,1,0,77,0,0,0,0,0,0,0,0,0,0
2020-03-03,0,2020,3,3,1,0,78,0,0,0,0,0,0,0,0,0,0
2020-03-04,50,2020,3,4,1,0,79,0,0,0,0,0,0,0,0,0,0
2020-03-05,47,2020,3,5,1,0,710,0,0,0,0,0,0,0,0,0,0
2020-03-06,50,2020,3,6,1,0,711,0,0,0,0,0,0,0,0,0,0
2020-03-07,50,2020,3,7,0,1,712,0,0,0,0,0,0,1,0,0,0
2020-03-08,50,2020,3,8,0,1,713,0,0,0,0,0,0,0,0,0,0
2020-03-09,50,2020,3,9,1,0,714,0,0,0,0,0,0,0,0,0,0
2020-03-10,50,2020,3,10,1,0,715,0,0,0,0,0,0,0,0,0,0
2020-03-11,50,2020,3,11,1,0,716,0,0,0,0,0,0,0,0,0,0
2020-03-12,35,2020,3,12,1,0,717,0,0,0,0,0,0,0,0,0,0
2020-03-13,50,2020,3,13,1,0,718,0,0,0,0,0,0,0,0,0,0
2020-03-14,50,2020,3,14,0,1,719,0,0,0,0,0,1,0,0,0,0
2020-03-15,50,2020,3,15,0,1,720,0,0,0,0,0,0,0,0,1,0
2020-03-16,0,2020,3,16,1,0,721,1,0,0,0,0,0,0,0,0,1
2020-03-17,50,2020,3,17,1,0,722,1,0,0,0,0,0,0,0,0,0
2020-03-18,50,2020,3,18,1,0,723,1,0,0,0,0,1,0,0,0,0
2020-03-19,0,2020,3,19,1,0,724,1,0,0,0,0,0,0,0,0,0
2020-03-20,0,2020,3,20,1,0,725,1,0,0,0,0,0,0,0,0,0
2020-05-01,22,2020,5,1,1,0,98,1,0,0,1,0,0,0,0,0,0
2020-05-18,30,2020,5,18,1,0,925,1,0,0,1,0,0,0,0,0,0
2020-05-19,50,2020,5,19,1,0,926,1,0,0,1,0,0,0,0,0,0
2020-05-20,49,2020,5,20,1,0,927,1,0,0,1,0,0,0,0,0,0
2020-05-21,50,2020,5,21,1,0,928,1,0,0,1,0,0,0,0,0,0
2020-05-22,50,2020,5,22,1,0,929,1,0,0,1,0,0,0,0,0,0
2020-05-23,50,2020,5,23,0,1,930,1,0,0,1,0,0,0,0,0,0
2020-05-27,0,2020,5,27,1,0,104,0,0,0,1,0,0,0,0,0,0
2020-05-28,0,2020,5,28,1,0,105,0,0,0,1,0,0,0,0,0,0
2020-05-30,0,2020,5,30,0,1,107,0,0,0,1,0,0,0,0,0,0
2020-05-31,50,2020,5,31,0,1,108,0,0,0,1,0,0,0,0,0,0
2020-06-01,50,2020,6,1,1,0,109,0,0,0,0,0,0,0,0,0,0
2020-06-02,50,2020,6,2,1,0,1010,0,0,0,0,0,0,0,0,0,0
2020-06-03,0,2020,6,3,1,0,1011,0,0,0,0,0,0,0,0,1,0
2020-06-04,50,2020,6,4,1,0,1012,0,0,0,0,0,0,0,0,0,0
2020-06-05,50,2020,6,5,1,0,1013,0,0,0,0,0,1,0,0,0,0
2020-06-08,50,2020,6,8,1,0,1016,0,0,0,0,0,0,0,0,0,0
2020-06-09,50,2020,6,9,1,0,1017,0,0,0,0,0,0,0,0,0,0
2020-06-10,0,2020,6,10,1,0,1018,0,0,0,0,0,0,0,0,0,0
2020-06-11,0,2020,6,11,1,0,1019,0,0,0,0,0,0,0,0,0,0
2020-06-12,0,2020,6,12,1,0,1020,0,0,0,0,0,0,0,0,0,0
2020-06-15,0,2020,6,15,1,0,1023,0,0,0,0,0,0,0,0,0,0
2020-06-16,0,2020,6,16,1,0,1024,0,0,0,0,0,0,0,0,0,0
2020-06-17,50,2020,6,17,1,0,1025,0,0,0,0,0,0,0,0,0,0
2020-06-18,50,2020,6,18,1,0,1026,0,0,0,0,0,0,0,0,0,0
2020-06-19,49,2020,6,19,1,0,1027,0,0,0,0,0,1,0,0,0,0
2020-06-22,0,2020,6,22,1,0,111,0,0,0,0,0,0,0,0,0,0
2020-06-23,50,2020,6,23,1,0,112,0,0,0,0,0,0,0,0,0,0
2020-06-24,50,2020,6,24,1,0,113,0,0,0,0,0,0,0,0,0,0
2020-07-06,0,2020,7,6,1,0,1115,0,0,0,0,0,0,0,0,0,0
2020-07-07,50,2020,7,7,1,0,1116,0,0,0,0,0,0,0,0,0,0
2020-07-08,0,2020,7,8,1,0,1117,0,0,0,0,0,0,0,0,0,0
2020-07-09,42,2020,7,9,1,0,1118,0,0,0,0,0,0,0,0,1,0
2020-07-10,50,2020,7,10,1,0,1119,0,0,0,0,0,0,0,0,0,0
2020-07-13,0,2020,7,13,1,0,1122,0,0,0,0,0,0,0,0,0,0
2020-07-14,50,2020,7,14,1,0,1123,0,0,0,0,0,0,0,0,0,0
2020-07-15,0,2020,7,15,1,0,1124,0,0,0,0,0,0,0,0,0,0
2020-07-16,0,2020,7,16,1,0,1125,0,0,0,0,0,0,0,0,0,0
2020-07-17,0,2020,7,17,1,0,1126,0,0,0,0,0,0,0,0,1,0
2020-07-20,0,2020,7,20,1,0,1129,0,0,0,0,0,0,0,0,0,0
2020-07-21,0,2020,7,21,1,0,1130,0,0,0,0,0,0,0,0,0,0
2020-07-22,0,2020,7,22,1,0,121,0,0,0,0,0,0,0,0,0,0
2020-07-23,49,2020,7,23,1,0,122,0,0,0,0,0,0,0,0,0,0
2020-07-24,0,2020,7,24,1,0,123,0,1,0,0,0,0,0,0,0,0
2020-07-27,50,2020,7,27,1,0,126,0,1,0,0,0,1,0,0,0,0
2020-08-03,11,2020,8,3,1,0,1213,0,0,0,0,0,0,0,0,0,0
2020-08-04,50,2020,8,4,1,0,1214,0,0,0,0,0,0,0,0,0,0
2020-08-05,0,2020,8,5,1,0,1215,0,0,0,0,0,1,0,0,0,0
2020-08-06,50,2020,8,6,1,0,1216,0,0,0,0,0,0,0,0,0,0
2020-08-07,50,2020,8,7,1,0,1217,0,0,0,0,0,0,0,0,0,0
2020-08-10,33,2020,8,10,1,0,1220,0,0,0,0,0,0,0,0,1,0
2020-08-11,50,2020,8,11,1,0,1221,0,0,0,0,0,0,0,0,0,0
2020-08-12,50,2020,8,12,1,0,1222,0,0,0,0,0,0,0,0,0,0
2020-08-13,0,2020,8,13,1,0,1223,0,0,0,0,0,0,0,0,0,0
2020-08-14,50,2020,8,14,1,0,1224,0,0,0,0,0,0,0,0,0,0
2020-08-15,50,2020,8,15,0,1,1225,0,0,0,0,0,0,0,0,0,0
2020-08-16,33,2020,8,16,0,1,1226,0,0,0,0,0,0,0,0,0,0
2020-08-17,50,2020,8,17,1,0,1227,0,0,0,0,0,0,0,0,0,0
2020-08-18,50,2020,8,18,1,0,1228,0,0,0,0,0,1,0,0,0,0
2020-08-19,50,2020,8,19,1,0,1229,0,0,0,0,0,0,0,0,0,0
2020-08-20,50,2020,8,20,1,0,11,0,0,0,0,0,0,0,0,0,0
2020-08-21,0,2020,8,21,1,0,12,0,0,0,0,0,0,0,0,0,0
2020-08-22,50,2020,8,22,0,1,13,0,0,0,0,0,0,0,0,0,1
2020-08-23,49,2020,8,23,0,1,14,0,0,0,0,0,0,0,0,0,0
2020-08-24,50,2020,8,24,1,0,15,0,0,0,0,0,0,0,0,0,0
2020-08-25,50,2020,8,25,1,0,16,0,0,0,0,0,0,0,0,0,0
2020-08-26,50,2020,8,26,1,0,17,0,0,0,0,0,0,0,0,0,0
2020-08-27,50,2020,8,27,1,0,18,0,0,0,0,0,0,0,0,0,0
2020-08-28,50,2020,8,28,1,0,19,0,0,0,0,0,0,0,0,0,0
2020-08-31,0,2020,8,31,1,0,112,0,0,0,0,0,0,0,0,0,0
2020-09-01,50,2020,9,1,1,0,113,0,0,0,0,0,0,0,0,0,0
2020-09-02,49,2020,9,2,1,0,114,0,0,0,0,0,0,0,0,0,0
2020-09-03,50,2020,9,3,1,0,115,0,0,0,0,0,0,0,0,0,0
2020-09-04,50,2020,9,4,1,0,116,0,0,0,0,0,0,0,0,1,0
2020-09-05,0,2020,9,5,0,1,117,0,0,0,0,0,0,0,0,0,0
2020-09-06,50,2020,9,6,0,1,118,0,0,0,0,0,0,0,0,0,0
2020-09-07,50,2020,9,7,1,0,119,0,0,0,0,0,0,0,0,0,0
2020-09-08,49,2020,9,8,1,0,120,0,0,0,0,0,0,0,0,0,0
2020-09-09,50,2020,9,9,1,0,121,0,0,0,0,0,0,0,0,0,0
2020-09-10,0,2020,9,10,1,0,122,0,0,0,0,0,0,0,0,1,0
2020-09-11,49,2020,9,11,1,0,123,0,0,0,0,0,0,0,0,0,0
2020-09-12,50,2020,9,12,0,1,124,0,0,0,0,0,0,1,0,0,0
2020-09-13,50,2020,9,13,0,1,125,0,0,0,0,0,0,0,0,0,0
2020-09-14,0,2020,9,14,1,0,126,0,0,0,0,0,0,0,0,0,0
2020-09-15,50,2020,9,15,1,0,127,0,0,0,0,0,0,0,0,0,0
2020-09-16,49,2020,9,16,1,0,128,0,0,0,0,0,0,0,0,0,0
2020-09-17,0,2020,9,17,1,0,129,0,0,0,0,0,0,0,0,0,0
2020-09-18,50,2020,9,18,1,0,21,0,0,0,0,0,0,0,0,0,0
2020-09-19,50,2020,9,19,0,1,22,0,0,0,0,0,0,0,0,1,1
2020-09-20,49,2020,9,20,0,1,23,0,0,0,0,0,0,0,0,0,0
2020-09-21,50,2020,9,21,1,0,24,0,0,0,0,0,0,0,0,0,0
2020-09-22,50,2020,9,22,1,0,25,0,0,0,0,0,0,0,0,0,0
2020-09-23,49,2020,9,23,1,0,26,0,0,0,0,0,0,0,0,0,0
2020-09-24,50,2020,9,24,1,0,27,0,0,0,0,0,0,0,0,0,1
2020-09-25,50,2020,9,25,1,0,28,0,0,0,0,0,0,0,0,0,0
2020-09-26,49,2020,9,26,0,1,29,0,0,0,0,0,0,0,0,0,0
2020-09-27,50,2020,9,27,0,1,210,0,0,0,0,0,0,0,0,0,0
2020-09-28,50,2020,9,28,1,0,211,0,0,0,0,0,0,0,0,0,0
2020-09-29,50,2020,9,29,1,0,212,0,0,0,0,0,0,0,0,0,0
2020-09-30,50,2020,9,30,1,0,213,0,0,0,0,0,0,0,0,1,0
2020-10-01,0,2020,10,1,1,0,214,0,0,0,0,1,0,0,0,0,0
2020-10-02,50,2020,10,2,1,0,215,0,0,0,0,1,0,0,0,0,0
2020-10-03,50,2020,10,3,0,1,216,0,0,0,0,1,0,0,0,0,0
2020-10-04,49,2020,10,4,0,1,217,0,0,0,0,1,0,0,0,0,0
2020-10-05,0,2020,10,5,1,0,218,0,0,0,0,1,1,0,0,0,0
2020-10-06,49,2020,10,6,1,0,219,0,0,0,0,1,0,0,0,0,0
2020-10-07,50,2020,10,7,1,0,220,0,0,0,0,1,1,0,0,0,0
2020-10-08,50,2020,10,8,1,0,221,0,0,0,0,1,0,0,0,0,0
2020-10-09,50,2020,10,9,1,0,222,0,0,0,0,1,1,0,0,0,0
2020-10-10,50,2020,10,10,0,1,223,0,0,0,0,1,0,0,0,0,0
2020-10-11,50,2020,10,11,0,1,224,0,0,0,0,1,0,0,0,0,0
2020-10-12,0,2020,10,12,1,0,225,0,0,0,0,1,0,0,0,0,0
2020-10-13,0,2020,10,13,1,0,226,0,0,0,0,1,0,0,0,0,0
2020-10-14,50,2020,10,14,1,0,227,0,0,0,0,1,0,0,0,0,0
2020-10-15,50,2020,10,15,1,0,228,0,0,0,0,1,0,0,0,0,1
2020-10-16,0,2020,10,16,1,0,229,0,0,0,0,1,0,0,0,0,0
2020-10-17,50,2020,10,17,0,1,230,0,0,0,0,1,0,0,0,0,0
2020-10-18,49,2020,10,18,0,1,31,0,0,0,0,1,1,0,0,0,0
2020-10-19,49,2020,10,19,1,0,32,0,0,0,0,1,0,0,0,0,1
2020-10-20,0,2020,10,20,1,0,33,0,0,0,0,1,1,0,0,0,0
2020-10-21,50,2020,10,21,1,0,34,0,0,0,0,1,0,0,0,1,0
2020-10-22,50,2020,10,22,1,0,35,0,0,0,0,1,0,0,0,0,0
2020-10-23,50,2020,10,23,1,0,36,0,0,0,0,1,0,0,0,0,0
2020-10-24,35,2020,10,24,0,1,37,0,0,0,0,1,0,0,0,0,1
2020-10-25,50,2020,10,25,0,1,38,0,0,0,0,1,1,0,0,0,0
2020-10-29,0,2020,10,29,1,0,312,0,0,0,0,1,0,0,0,0,0
2020-10-31,0,2020,10,31,0,1,314,0,0,0,0,1,3,0,1,5,2
2020-11-08,50,2020,11,8,0,1,322,0,0,0,0,1,0,0,0,2,0
2020-11-09,24,2020,11,9,1,0,323,0,0,0,0,1,0,0,0,0,0
2020-11-10,30,2020,11,10,1,0,324,0,0,0,0,1,1,0,0,1,0
2020-11-11,35,2020,11,11,1,0,325,0,0,0,0,1,0,0,0,4,0
2020-11-12,25,2020,11,12,1,0,326,0,0,0,0,1,0,0,0,0,0
2020-11-13,21,2020,11,13,1,0,327,0,0,0,0,1,1,0,0,0,0
2020-11-14,28,2020,11,14,0,1,328,0,0,0,0,1,0,0,0,0,0
2020-11-15,22,2020,11,15,0,1,329,0,0,0,0,1,0,0,0,0,0
2020-11-16,20,2020,11,16,1,0,41,0,0,0,0,1,1,0,0,0,0
2020-11-17,38,2020,11,17,1,0,42,0,0,0,0,1,0,0,0,0,0
2020-11-18,20,2020,11,18,1,0,43,0,0,0,0,1,0,0,0,0,0
2020-11-19,23,2020,11,19,1,0,44,0,0,0,0,1,0,0,0,0,0
2020-11-20,0,2020,11,20,1,0,45,0,0,0,0,1,0,0,0,0,0
2020-11-21,25,2020,11,21,0,1,46,0,0,0,0,1,2,0,0,0,0
2020-11-22,40,2020,11,22,0,1,47,0,0,0,0,1,0,0,0,0,0
2020-11-23,22,2020,11,23,1,0,48,0,0,0,0,1,0,0,0,0,0
2020-11-24,29,2020,11,24,1,0,49,0,0,0,0,1,0,0,0,0,0
2020-11-25,20,2020,11,25,1,0,410,0,0,0,0,1,0,0,0,0,0
2020-11-26,22,2020,11,26,1,0,411,0,0,0,0,1,0,0,0,0,0
2020-11-27,22,2020,11,27,1,0,412,0,0,0,0,1,0,0,0,0,0
2020-11-28,24,2020,11,28,0,1,413,0,0,0,0,1,0,0,0,0,0
2020-11-29,23,2020,11,29,0,1,414,0,0,0,0,1,0,0,0,0,0
2020-11-30,22,2020,11,30,1,0,415,0,0,0,0,1,0,0,0,0,0
2020-12-01,20,2020,12,1,1,0,416,0,0,0,0,0,0,0,0,0,0
2020-12-02,23,2020,12,2,1,0,417,0,0,0,0,0,1,0,0,0,0
2020-12-03,24,2020,12,3,1,0,418,0,0,0,0,0,0,0,0,0,0
2020-12-04,24,2020,12,4,1,0,419,0,0,0,0,0,1,0,0,0,0
2020-12-05,20,2020,12,5,0,1,420,0,0,0,0,0,0,0,0,0,0
2020-12-06,20,2020,12,6,0,1,421,0,0,0,0,0,1,0,0,0,0
2020-12-07,21,2020,12,7,1,0,422,0,0,0,0,0,0,0,0,0,0
2020-12-08,30,2020,12,8,1,0,423,0,0,0,0,0,0,0,0,0,0
2020-12-09,30,2020,12,9,1,0,424,0,0,0,0,0,0,0,0,0,0
2020-12-10,21,2020,12,10,1,0,425,0,0,0,0,0,0,0,0,0,0
2020-12-11,21,2020,12,11,1,0,426,0,0,0,0,0,0,0,0,0,0
2020-12-12,20,2020,12,12,0,1,427,0,0,0,0,0,0,0,0,0,0
2020-12-13,20,2020,12,13,0,1,428,0,0,0,0,0,0,0,0,0,0
2020-12-14,26,2020,12,14,1,0,429,0,0,0,0,0,0,0,0,0,0
2020-12-15,20,2020,12,15,1,0,430,0,0,0,0,0,0,0,0,0,0
2020-12-16,24,2020,12,16,1,0,51,0,0,0,0,0,0,0,0,0,0
2020-12-17,24,2020,12,17,1,0,52,0,0,0,0,0,0,0,0,0,0
2020-12-18,27,2020,12,18,1,0,53,0,0,0,0,0,0,0,0,0,0
2020-12-19,20,2020,12,19,0,1,54,0,0,0,0,0,0,0,0,0,0
2020-12-20,22,2020,12,20,0,1,55,0,0,0,0,0,0,0,0,1,0
2020-12-21,23,2020,12,21,1,0,56,0,0,0,0,0,0,0,0,0,0
2020-12-22,30,2020,12,22,1,0,57,0,0,0,0,0,1,0,0,0,0
2020-12-23,22,2020,12,23,1,0,58,0,0,0,0,0,0,0,0,0,0
2020-12-24,20,2020,12,24,1,0,59,0,0,0,0,0,0,0,0,0,0
2020-12-25,28,2020,12,25,1,0,510,0,0,0,0,0,0,0,0,0,0
2020-12-26,21,2020,12,26,0,1,511,0,0,0,0,0,0,0,0,0,0
2020-12-27,23,2020,12,27,0,1,512,0,0,0,0,0,1,0,0,0,0
2020-12-28,20,2020,12,28,1,0,513,0,0,0,0,0,0,0,0,0,0
2020-12-29,20,2020,12,29,1,0,514,0,0,0,0,0,0,0,0,0,0
2020-12-30,22,2020,12,30,1,0,515,0,0,0,0,0,0,0,0,0,0
2020-12-31,21,2020,12,31,1,0,516,0,0,0,0,0,0,0,0,0,0
2021-01-01,25,2021,1,1,1,0,515,0,0,0,0,0,0,0,0,0,0
2021-01-02,30,2021,1,2,0,1,516,0,0,0,0,0,0,0,0,0,0
2021-01-03,21,2021,1,3,0,1,517,0,0,0,0,0,1,-1,0,-3,0
2021-01-04,36,2021,1,4,1,0,518,0,0,0,0,0,0,0,0,0,0
2021-01-05,35,2021,1,5,1,0,519,0,0,0,0,0,0,0,0,0,0
2021-01-06,0,2021,1,6,1,0,520,0,0,0,0,0,0,0,0,0,0
2021-01-07,25,2021,1,7,1,0,521,0,0,0,0,0,0,0,0,0,0
2021-01-08,30,2021,1,8,1,0,522,0,0,0,0,0,0,0,0,0,1
2021-01-09,30,2021,1,9,0,1,523,0,0,0,0,0,0,1,0,0,0
2021-01-10,28,2021,1,10,0,1,524,0,0,0,0,0,1,0,0,0,0
2021-01-11,25,2021,1,11,1,0,525,0,0,0,0,0,0,0,0,0,0
2021-01-12,26,2021,1,12,1,0,526,0,0,0,0,0,1,0,0,0,0
2021-01-13,25,2021,1,13,1,0,527,0,0,0,0,0,0,1,0,0,0
2021-01-14,20,2021,1,14,1,0,528,0,0,0,0,0,0,0,0,0,0
2021-01-15,24,2021,1,15,1,0,529,0,0,0,0,0,0,0,1,0,0
2021-01-16,27,2021,1,16,0,1,61,0,0,0,0,0,0,0,0,1,0
2021-01-17,24,2021,1,17,0,1,62,0,0,0,0,0,0,0,0,0,0
2021-01-18,31,2021,1,18,1,0,63,0,0,0,0,0,0,0,0,0,0
2021-01-19,38,2021,1,19,1,0,64,0,0,0,0,0,0,0,0,0,0
2021-01-20,40,2021,1,20,1,0,65,0,0,0,0,0,0,0,0,0,0
2021-01-21,33,2021,1,21,1,0,66,0,0,0,0,0,0,0,0,0,0
2021-01-22,25,2021,1,22,1,0,67,0,0,0,0,0,1,0,0,0,0
2021-01-23,35,2021,1,23,0,1,68,0,0,0,0,0,0,0,0,0,0
2021-01-24,32,2021,1,24,0,1,69,0,0,0,0,0,1,0,0,0,0
2021-01-25,28,2021,1,25,1,0,610,0,0,0,0,0,0,0,0,0,0
2021-01-26,20,2021,1,26,1,0,611,0,0,0,0,0,1,0,0,0,0
2021-01-27,22,2021,1,27,1,0,612,0,0,0,0,0,2,0,0,0,0
2021-01-28,20,2021,1,28,1,0,613,0,0,0,0,0,1,0,0,0,0
2021-01-29,23,2021,1,29,1,0,614,0,0,0,0,0,0,0,0,0,0
2021-01-30,30,2021,1,30,0,1,615,0,0,0,0,0,1,0,0,0,0
2021-01-31,22,2021,1,31,0,1,616,0,0,0,0,0,0,0,0,0,0
2021-02-01,48,2021,2,1,1,0,616,0,0,0,0,0,0,0,0,0,0
2021-02-02,29,2021,2,2,1,0,617,0,0,0,0,0,0,0,0,0,0
2021-02-03,0,2021,2,3,1,0,618,0,0,0,0,0,0,0,0,0,0
2021-02-04,26,2021,2,4,1,0,619,0,0,0,0,0,1,0,0,0,0
2021-02-05,27,2021,2,5,1,0,620,0,0,0,0,0,0,0,0,0,0
2021-02-06,27,2021,2,6,0,1,621,0,0,0,0,0,0,0,0,0,0
2021-02-07,30,2021,2,7,0,1,622,0,0,0,0,0,0,0,0,0,0
2021-02-08,32,2021,2,8,1,0,623,0,0,0,0,0,0,1,0,0,0
2021-02-09,26,2021,2,9,1,0,624,0,0,0,0,0,0,0,0,0,0
2021-02-10,38,2021,2,10,1,0,625,0,0,0,0,0,1,1,0,0,0
2021-02-11,25,2021,2,11,1,0,626,0,0,0,0,0,1,0,0,0,0
2021-02-12,20,2021,2,12,1,0,627,0,0,0,0,0,1,0,0,0,0
2021-02-13,25,2021,2,13,0,1,628,0,0,0,0,0,0,0,0,0,0
2021-02-14,36,2021,2,14,0,1,629,0,0,0,0,0,0,0,0,0,0
2021-02-15,46,2021,2,15,1,0,630,0,0,0,0,0,2,0,0,0,0
2021-02-16,20,2021,2,16,1,0,71,0,0,0,0,0,0,0,0,0,0
2021-02-17,0,2021,2,17,1,0,72,0,0,0,0,0,0,0,0,0,0
2021-02-18,38,2021,2,18,1,0,73,0,0,0,0,0,0,0,0,0,0
2021-02-19,27,2021,2,19,1,0,74,0,0,0,0,0,1,0,0,0,0
2021-02-20,20,2021,2,20,0,1,75,0,0,0,0,0,0,0,0,0,0
2021-02-21,20,2021,2,21,0,1,76,0,0,0,0,0,0,0,0,0,0
2021-02-22,30,2021,2,22,1,0,77,0,0,0,0,0,1,0,0,0,0
2021-02-23,22,2021,2,23,1,0,78,0,0,0,0,0,1,0,0,0,0
2021-02-24,0,2021,2,24,1,0,79,0,0,0,0,0,0,0,0,0,0
2021-02-25,24,2021,2,25,1,0,710,0,0,0,0,0,0,0,0,0,0
2021-02-26,21,2021,2,26,1,0,711,0,0,0,0,0,0,0,0,0,0
2021-02-27,23,2021,2,27,0,1,712,0,0,0,0,0,0,0,0,0,0
2021-02-28,26,2021,2,28,0,1,713,0,0,0,0,0,0,0,1,0,0
2021-03-01,28,2021,3,1,1,0,717,0,0,0,0,0,0,0,0,0,0
2021-03-02,24,2021,3,2,1,0,718,0,0,0,0,0,1,0,0,0,0
2021-03-03,20,2021,3,3,1,0,719,0,0,0,0,0,2,0,0,0,0
2021-03-04,50,2021,3,4,1,0,720,0,0,0,0,0,0,0,0,0,0
2021-03-05,20,2021,3,5,1,0,721,0,0,0,0,0,0,0,0,0,0
2021-03-06,25,2021,3,6,0,1,722,0,0,0,0,0,0,0,0,0,0
2021-03-07,23,2021,3,7,0,1,723,0,0,0,0,0,0,0,0,0,0
2021-03-08,33,2021,3,8,1,0,724,0,0,0,0,0,0,0,0,0,0
2021-03-09,32,2021,3,9,1,0,725,0,0,0,0,0,1,0,0,0,0
2021-03-10,40,2021,3,10,1,0,726,0,0,0,0,0,0,0,0,0,0
2021-03-11,30,2021,3,11,1,0,727,0,0,0,0,0,0,0,0,0,0
2021-03-12,22,2021,3,12,1,0,728,0,0,0,0,0,0,0,0,0,0
2021-03-13,30,2021,3,13,0,1,729,0,0,0,0,0,0,0,0,0,0
2021-03-15,50,2021,3,15,1,0,82,0,0,0,0,0,0,0,0,0,0
2021-03-16,27,2021,3,16,1,0,83,0,0,0,0,0,0,0,0,0,0
2021-03-17,38,2021,3,17,1,0,84,0,0,0,0,0,0,0,0,0,0
2021-03-18,24,2021,3,18,1,0,85,0,0,0,0,0,0,0,0,0,0
2021-03-19,30,2021,3,19,1,0,86,0,0,0,0,0,0,0,0,0,0
2021-03-22,32,2021,3,22,1,0,89,0,0,0,0,0,0,0,0,0,0
2021-03-23,27,2021,3,23,1,0,810,0,0,0,0,0,0,0,0,0,0
2021-03-24,0,2021,3,24,1,0,811,0,0,0,0,0,0,0,0,0,0
2021-03-25,30,2021,3,25,1,0,812,0,0,0,0,0,0,0,0,0,0
2021-03-26,26,2021,3,26,1,0,813,0,0,0,0,0,0,0,0,0,0
2021-03-29,24,2021,3,29,1,0,816,0,0,0,0,0,0,0,0,0,0
2021-03-30,30,2021,3,30,1,0,817,0,0,0,0,0,0,0,0,0,0
2021-03-31,29,2021,3,31,1,0,818,0,0,0,0,0,0,0,2,0,0
2021-04-01,30,2021,4,1,1,0,819,0,0,0,1,0,0,0,0,0,0
2021-04-02,0,2021,4,2,1,0,820,0,0,0,1,0,0,0,0,0,0
2021-04-05,30,2021,4,5,1,0,823,0,0,0,1,0,0,0,0,0,0
2021-04-06,30,2021,4,6,1,0,824,0,0,0,1,0,0,0,0,0,0
2021-04-07,22,2021,4,7,1,0,825,0,0,0,1,0,0,0,0,0,0
2021-04-08,22,2021,4,8,1,0,826,0,0,0,1,0,0,0,0,0,0
2021-04-09,24,2021,4,9,1,0,827,0,0,0,1,0,0,0,0,0,0
2021-04-12,20,2021,4,12,1,0,830,0,0,0,1,0,0,0,0,0,0
2021-04-13,20,2021,4,13,1,0,91,0,0,0,1,0,0,0,0,0,0
2021-04-14,21,2021,4,14,1,0,92,0,0,0,1,0,0,0,0,0,0
2021-04-15,31,2021,4,15,1,0,93,0,0,0,1,0,0,0,0,0,0
2021-04-16,20,2021,4,16,1,0,94,0,0,0,1,0,0,0,0,0,0
2021-04-19,22,2021,4,19,1,0,97,0,0,0,1,0,0,0,0,0,0
2021-04-20,30,2021,4,20,1,0,98,0,0,0,1,0,0,0,0,1,0
2021-04-21,0,2021,4,21,1,0,99,0,0,0,1,0,0,0,0,0,0
2021-04-22,23,2021,4,22,1,0,910,0,0,0,1,0,0,0,0,0,0
2021-04-23,0,2021,4,23,1,0,911,0,0,0,1,0,0,0,0,0,0
2021-04-26,20,2021,4,26,1,0,914,0,0,0,1,0,0,0,0,0,0
2021-04-27,25,2021,4,27,1,0,915,0,0,0,1,0,0,0,0,0,0
2021-04-28,22,2021,4,28,1,0,916,0,0,0,1,0,0,0,0,0,0
2021-04-29,22,2021,4,29,1,0,917,0,0,0,1,0,0,0,0,0,0
2021-04-30,30,2021,4,30,1,0,918,0,0,0,1,0,0,0,0,0,0
2021-05-03,30,2021,5,3,1,0,921,1,0,0,1,0,0,0,0,0,0
2021-05-04,26,2021,5,4,1,0,922,1,0,0,1,0,0,0,0,0,0
2021-05-05,0,2021,5,5,1,0,923,1,0,0,1,0,0,0,0,0,0
2021-05-06,0,2021,5,6,1,0,924,1,0,0,1,0,0,0,0,0,0
2021-05-07,31,2021,5,7,1,0,925,1,0,0,1,0,0,0,0,0,0
2021-05-17,50,2021,5,17,1,0,105,0,0,0,1,0,0,0,0,0,0
2021-05-18,50,2021,5,18,1,0,106,0,0,0,1,0,0,0,0,0,0
2021-05-19,20,2021,5,19,1,0,107,0,0,0,1,0,0,0,0,0,0
2021-05-20,30,2021,5,20,1,0,108,0,0,0,1,0,0,0,0,0,0
2021-05-21,21,2021,5,21,1,0,109,0,0,0,1,0,0,0,0,0,0
2021-05-24,21,2021,5,24,1,0,1012,0,0,0,1,0,0,0,0,0,0
2021-05-25,0,2021,5,25,1,0,1013,0,0,0,1,0,0,0,0,0,0
2021-05-26,25,2021,5,26,1,0,1014,0,0,0,1,0,0,0,0,0,0
2021-05-27,31,2021,5,27,1,0,1015,0,0,0,1,0,0,0,0,0,0
2021-05-28,20,2021,5,28,1,0,1016,0,0,0,1,0,0,0,0,0,0
2021-05-31,21,2021,5,31,1,0,1019,0,0,0,1,0,0,0,0,0,0
2021-06-01,30,2021,6,1,1,0,1020,0,0,0,0,0,0,0,0,0,0
2021-06-02,22,2021,6,2,1,0,1021,0,0,0,0,0,0,0,0,0,0
2021-06-03,20,2021,6,3,1,0,1022,0,0,0,0,0,0,0,0,0,0
2021-06-04,22,2021,6,4,1,0,1023,0,0,0,0,0,0,0,0,0,0
2021-06-07,21,2021,6,7,1,0,1026,0,0,0,0,0,0,0,0,0,0
2021-06-08,23,2021,6,8,1,0,1027,0,0,0,0,0,0,0,0,0,0
2021-06-09,20,2021,6,9,1,0,1028,0,0,0,0,0,0,0,0,0,0
2021-06-10,20,2021,6,10,1,0,1029,0,0,0,0,0,0,0,0,0,0
2021-06-11,20,2021,6,11,1,0,111,0,0,0,0,0,0,0,0,0,0
2021-06-14,20,2021,6,14,1,0,114,0,0,0,0,0,0,0,0,0,0
2021-06-15,34,2021,6,15,1,0,115,0,0,0,0,0,0,0,0,0,0
2021-06-16,20,2021,6,16,1,0,116,0,0,0,0,0,0,0,0,0,0
2021-06-17,23,2021,6,17,1,0,117,0,0,0,0,0,0,0,0,1,0
2021-06-18,23,2021,6,18,1,0,118,0,0,0,0,0,1,0,0,0,0
2021-06-19,24,2021,6,19,0,1,119,0,0,0,0,0,0,0,0,0,0
2021-06-21,30,2021,6,21,1,0,1111,0,0,0,0,0,0,0,0,0,0
2021-06-22,20,2021,6,22,1,0,1112,0,0,0,0,0,0,0,0,0,0
2021-06-23,23,2021,6,23,1,0,1113,0,0,0,0,0,0,0,0,0,0
2021-06-24,20,2021,6,24,1,0,1114,0,0,0,0,0,0,0,0,0,0
2021-06-25,21,2021,6,25,1,0,1115,0,0,0,0,0,0,0,0,0,0
2021-06-26,50,2021,6,26,0,1,1116,0,0,0,0,0,0,0,0,0,0
2021-06-28,20,2021,6,28,1,0,1118,0,0,0,0,0,0,0,0,1,0
2021-06-29,22,2021,6,29,1,0,1119,0,0,0,0,0,0,0,0,0,0
2021-06-30,21,2021,6,30,1,0,1120,0,0,0,0,0,0,0,0,0,0
2021-07-01,50,2021,7,1,1,0,1121,0,0,0,0,0,0,0,0,0,0
2021-07-02,20,2021,7,2,1,0,1122,0,0,0,0,0,0,0,0,0,0
2021-07-03,20,2021,7,3,0,1,1123,0,0,0,0,0,0,0,1,0,0
2021-07-05,20,2021,7,5,1,0,1125,0,0,0,0,0,0,0,0,0,0
2021-07-06,29,2021,7,6,1,0,1126,0,0,0,0,0,1,0,0,0,0
2021-07-07,22,2021,7,7,1,0,1127,0,0,0,0,0,0,0,0,0,0
2021-07-08,20,2021,7,8,1,0,1128,0,0,0,0,0,0,0,0,0,0
2021-07-09,0,2021,7,9,1,0,1129,0,0,0,0,0,0,0,0,0,0
2021-07-10,20,2021,7,10,0,1,1130,0,0,0,0,0,0,0,1,2,0
2021-07-12,21,2021,7,12,1,0,122,0,0,0,0,0,0,0,0,0,0
2021-07-13,20,2021,7,13,1,0,123,0,1,0,0,0,0,0,0,0,0
2021-07-14,20,2021,7,14,1,0,124,0,1,0,0,0,0,0,0,0,0
2021-07-15,26,2021,7,15,1,0,125,0,1,0,0,0,0,0,0,0,0
2021-07-16,20,2021,7,16,1,0,126,0,1,0,0,0,0,0,0,0,0
2021-07-17,23,2021,7,17,0,1,127,0,1,0,0,0,0,0,0,0,0
2021-07-19,20,2021,7,19,1,0,129,0,1,0,0,0,0,0,0,0,0
2021-07-20,22,2021,7,20,1,0,1210,0,1,0,0,0,1,0,0,0,0
2021-07-23,21,2021,7,23,1,0,1213,0,0,0,0,0,1,0,0,0,0
2021-07-24,30,2021,7,24,0,1,1214,0,0,0,0,0,0,0,0,0,0
2021-07-26,22,2021,7,26,1,0,1216,0,0,0,0,0,0,0,0,0,0
2021-07-27,20,2021,7,27,1,0,1217,0,0,0,0,0,0,0,0,0,0
2021-07-28,22,2021,7,28,1,0,1218,0,0,0,0,0,0,0,0,1,0
2021-07-29,20,2021,7,29,1,0,1219,0,0,0,0,0,0,0,0,0,0
2021-07-30,22,2021,7,30,1,0,1220,0,0,0,0,0,0,0,0,0,0
2021-07-31,21,2021,7,31,0,1,1221,0,0,0,0,0,0,0,0,0,0
2021-08-02,40,2021,8,2,1,0,1223,0,0,0,0,0,0,0,0,0,0
2021-08-03,20,2021,8,3,1,0,1224,0,0,0,0,0,0,0,0,0,0
2021-08-04,24,2021,8,4,1,0,1225,0,0,0,0,0,0,0,0,0,0
2021-08-05,20,2021,8,5,1,0,1226,0,0,0,0,0,0,0,0,0,0
2021-08-06,21,2021,8,6,1,0,1227,0,0,0,0,0,0,0,0,0,0
2021-08-09,25,2021,8,9,1,0,11,0,0,0,0,0,0,0,0,0,0
2021-08-10,0,2021,8,10,1,0,12,0,0,0,0,0,0,0,0,0,0
2021-08-11,22,2021,8,11,1,0,13,0,0,0,0,0,0,0,0,0,0
2021-08-12,20,2021,8,12,1,0,14,0,0,0,0,0,0,0,0,0,0
2021-08-13,20,2021,8,13,1,0,15,0,0,0,0,0,0,0,0,0,0
2021-08-16,20,2021,8,16,1,0,18,0,0,0,0,0,0,0,0,0,0
2021-08-17,20,2021,8,17,1,0,19,0,0,0,0,0,0,0,0,0,0
2021-08-20,22,2021,8,20,1,0,112,0,0,0,0,0,0,0,0,0,0
2021-08-23,0,2021,8,23,1,0,115,0,0,0,0,0,0,0,0,0,0
2021-08-24,21,2021,8,24,1,0,116,0,0,0,0,0,0,0,0,0,0
2021-08-25,20,2021,8,25,1,0,117,0,0,0,0,0,0,0,0,0,0
2021-08-26,21,2021,8,26,1,0,118,0,0,0,0,0,0,0,0,0,0
2021-08-27,20,2021,8,27,1,0,119,0,0,0,0,0,0,0,0,0,0
2021-08-30,20,2021,8,30,1,0,122,0,0,0,0,0,1,0,0,0,0
2021-08-31,20,2021,8,31,1,0,123,0,0,0,0,0,0,0,0,0,0
2021-09-01,0,2021,9,1,1,0,124,0,0,0,0,0,0,0,0,0,0
2021-09-02,21,2021,9,2,1,0,125,0,0,0,0,0,0,0,0,0,0
2021-09-03,21,2021,9,3,1,0,126,0,0,0,0,0,0,0,0,0,0
2021-09-06,30,2021,9,6,1,0,129,0,0,0,0,0,0,0,0,0,0
2021-09-07,20,2021,9,7,1,0,130,0,0,0,0,0,0,0,0,0,0
2021-09-08,24,2021,9,8,1,0,21,0,0,0,0,0,0,0,0,0,0
2021-09-09,20,2021,9,9,1,0,22,0,0,0,0,0,0,0,0,0,0
2021-09-10,21,2021,9,10,1,0,23,0,0,0,0,0,0,0,0,0,0
2021-09-13,22,2021,9,13,1,0,26,0,0,0,0,0,0,0,0,1,0
2021-09-14,21,2021,9,14,1,0,27,0,0,0,0,0,0,0,0,0,1
2021-09-15,20,2021,9,15,1,0,28,0,0,0,0,0,0,0,0,2,0
2021-09-16,25,2021,9,16,1,0,29,0,0,0,0,0,0,0,0,0,0
2021-09-17,20,2021,9,17,1,0,210,0,0,0,0,0,0,0,0,0,0
2021-09-20,20,2021,9,20,1,0,213,0,0,0,0,0,0,0,0,0,0
2021-09-21,22,2021,9,21,1,0,214,0,0,0,0,0,0,0,0,0,0
2021-09-22,20,2021,9,22,1,0,215,0,0,0,0,0,0,0,0,0,0
2021-09-23,20,2021,9,23,1,0,216,0,0,0,0,0,0,0,0,0,0
2021-09-24,21,2021,9,24,1,0,217,0,0,0,0,0,0,0,0,0,0
2021-09-25,20,2021,9,25,0,1,218,0,0,0,0,0,0,0,0,0,0
2021-09-27,22,2021,9,27,1,0,220,0,0,0,0,0,0,0,0,0,0
2021-09-28,20,2021,9,28,1,0,221,0,0,0,0,0,0,0,0,0,0
2021-09-29,21,2021,9,29,1,0,222,0,0,0,0,0,0,0,0,0,0
2021-09-30,20,2021,9,30,1,0,223,0,0,0,0,0,0,0,0,0,0
2021-10-01,20,2021,10,1,1,0,224,0,0,0,0,1,0,0,0,0,0
2021-10-02,20,2021,10,2,0,1,225,0,0,0,0,1,0,0,0,0,0
2021-10-04,20,2021,10,4,1,0,227,0,0,0,0,1,0,0,0,0,0
2021-10-05,20,2021,10,5,1,0,228,0,0,0,0,1,0,0,0,0,0
2021-10-06,23,2021,10,6,1,0,229,0,0,0,0,1,0,0,0,1,0
2021-10-07,20,2021,10,7,1,0,31,0,0,0,0,1,0,0,0,0,0
2021-10-08,0,2021,10,8,1,0,32,0,0,0,0,1,0,0,0,0,0
2021-10-09,23,2021,10,9,0,1,33,0,0,0,0,1,0,0,0,0,0
2021-10-11,20,2021,10,11,1,0,35,0,0,0,0,1,0,0,0,0,0
2021-10-12,24,2021,10,12,1,0,36,0,0,0,0,1,0,0,0,0,0
2021-10-13,22,2021,10,13,1,0,37,0,0,0,0,1,0,0,0,0,1
2021-10-14,20,2021,10,14,1,0,38,0,0,0,0,1,0,0,0,0,0
2021-10-15,22,2021,10,15,1,0,39,0,0,0,0,1,0,0,0,0,0
2021-10-16,20,2021,10,16,0,1,310,0,0,0,0,1,0,0,0,0,0
2021-10-17,0,2021,10,17,0,1,311,0,0,0,0,1,0,0,0,0,0
2021-10-18,23,2021,10,18,1,0,312,0,0,0,0,1,1,0,0,0,0
2021-10-19,0,2021,10,19,1,0,313,0,0,0,0,1,0,0,0,0,0
2021-10-20,20,2021,10,20,1,0,314,0,0,0,0,1,0,0,0,0,0
2021-10-21,20,2021,10,21,1,0,315,0,0,0,0,1,0,0,0,0,0
2021-10-22,22,2021,10,22,1,0,316,0,0,0,0,1,0,0,0,0,0
2021-10-23,20,2021,10,23,0,1,317,0,0,0,0,1,0,0,0,0,0
2021-10-24,50,2021,10,24,0,1,318,0,0,0,0,1,0,0,0,0,0
2021-10-25,20,2021,10,25,1,0,319,0,0,0,0,1,0,0,0,0,0
2021-10-26,20,2021,10,26,1,0,320,0,0,0,0,1,0,0,0,0,0
2021-10-27,20,2021,10,27,1,0,321,0,0,0,0,1,0,0,0,0,0
2021-10-28,20,2021,10,28,1,0,322,0,0,0,0,1,0,0,0,1,0
2021-10-29,20,2021,10,29,1,0,323,0,0,0,0,1,0,0,0,0,0
2021-10-30,20,2021,10,30,0,1,324,0,0,0,0,1,0,0,0,0,0
2021-10-31,23,2021,10,31,0,1,325,0,0,0,0,1,0,0,0,0,0
2021-11-01,20,2021,11,1,1,0,326,0,0,0,0,1,1,0,1,0,0
2021-11-02,20,2021,11,2,1,0,327,0,0,0,0,1,1,0,0,0,0
2021-11-03,20,2021,11,3,1,0,328,0,0,0,0,1,0,0,0,0,0
2021-11-04,20,2021,11,4,1,0,329,0,0,0,0,1,0,0,0,0,0
2021-11-05,20,2021,11,5,1,0,330,0,0,0,0,1,0,0,0,0,0
2021-11-06,20,2021,11,6,0,1,41,0,0,0,0,1,0,0,0,0,0
2021-11-07,20,2021,11,7,0,1,42,0,0,0,0,1,0,0,0,0,0
2021-11-08,0,2021,11,8,1,0,43,0,0,0,0,1,0,0,0,0,0
2021-11-09,25,2021,11,9,1,0,44,0,0,0,0,1,0,0,0,0,0
2021-11-10,20,2021,11,10,1,0,45,0,0,0,0,1,0,0,0,0,0
2021-11-11,21,2021,11,11,1,0,46,0,0,0,0,1,0,0,0,0,0
2021-11-12,20,2021,11,12,1,0,47,0,0,0,0,1,0,0,0,0,0
2021-11-13,20,2021,11,13,0,1,48,0,0,0,0,1,0,0,0,1,0
2021-11-14,24,2021,11,14,0,1,49,0,0,0,0,1,0,1,0,0,0
2021-11-15,0,2021,11,15,1,0,410,0,0,0,0,1,0,0,0,0,0
2021-11-16,20,2021,11,16,1,0,411,0,0,0,0,1,0,0,0,0,0
2021-11-17,20,2021,11,17,1,0,412,0,0,0,0,1,0,0,0,1,0
2021-11-18,20,2021,11,18,1,0,413,0,0,0,0,1,1,0,0,0,0
2021-11-19,31,2021,11,19,1,0,414,0,0,0,0,1,0,0,0,0,0
2021-11-20,28,2021,11,20,0,1,415,0,0,0,0,1,0,0,0,0,0
2021-11-21,31,2021,11,21,0,1,416,0,0,0,0,1,1,0,0,1,0
2021-11-22,50,2021,11,22,1,0,417,0,0,0,0,1,0,0,0,0,0
2021-11-23,31,2021,11,23,1,0,418,0,0,0,0,1,0,0,0,0,0
2021-11-24,24,2021,11,24,1,0,419,0,0,0,0,1,0,0,0,0,0
2021-11-25,26,2021,11,25,1,0,420,0,0,0,0,1,0,0,0,0,0
2021-11-26,23,2021,11,26,1,0,421,0,0,0,0,1,0,0,0,1,0
2021-11-27,27,2021,11,27,0,1,422,0,0,0,0,1,0,0,0,0,0
2021-11-28,50,2021,11,28,0,1,423,0,0,0,0,1,0,0,0,0,0
2021-11-29,28,2021,11,29,1,0,424,0,0,0,0,1,0,0,0,0,0
2021-11-30,41,2021,11,30,1,0,425,0,0,0,0,1,0,0,0,0,0
2021-12-01,30,2021,12,1,1,0,426,0,0,0,0,0,1,0,0,2,1
