Date,Sales,Average Discount,eid ul fitr,eid ul Adha,Wheat Harvest,Cotton Harvest,January,February,March,April,May,June,July,August,September,October,November,December,Muharram,Safar,Rabi al Awwal,Rabi ath Thani,Jamada al Ula,Jumada ath Thaniyah,Rajab,Shaban,Ramadan,Shawal,Dhu al Qa'dah,Dhu al Hijah,Week 1,Week 2,Week 3,Week 4,Week 5,Year
2017-04-02,28088,10.5,0.0,0.0,1.0,0.0,0,0,0,1,0,0,0,0,0,0,0,0,0,0,0,0,0,1,0,0,0,0,0,0,1,0,0,0,0,"Int64Index([2017, 2017, 2017, 2017, 2017, 2017, 2017, 2017, 2017, 2017,
            ...
            2021, 2021, 2021, 2021, 2021, 2021, 2021, 2021, 2021, 2021],
           dtype='int64', name='Date', length=245)"
2017-04-09,73471,0.0,0.0,0.0,1.0,0.0,0,0,0,1,0,0,0,0,0,0,0,0,0,0,0,0,0,1,0,0,0,0,0,0,0,1,0,0,0,"Int64Index([2017, 2017, 2017, 2017, 2017, 2017, 2017, 2017, 2017, 2017,
            ...
            2021, 2021, 2021, 2021, 2021, 2021, 2021, 2021, 2021, 2021],
           dtype='int64', name='Date', length=245)"
2017-04-16,29785,0.0,0.0,0.0,1.0,0.0,0,0,0,1,0,0,0,0,0,0,0,0,0,0,0,0,0,1,0,0,0,0,0,0,0,0,1,0,0,"Int64Index([2017, 2017, 2017, 2017, 2017, 2017, 2017, 2017, 2017, 2017,
            ...
            2021, 2021, 2021, 2021, 2021, 2021, 2021, 2021, 2021, 2021],
           dtype='int64', name='Date', length=245)"
2017-04-23,59785,0.0,0.0,0.0,1.0,0.0,0,0,0,1,0,0,0,0,0,0,0,0,0,0,0,0,0,1,0,0,0,0,0,0,0,0,0,1,0,"Int64Index([2017, 2017, 2017, 2017, 2017, 2017, 2017, 2017, 2017, 2017,
            ...
            2021, 2021, 2021, 2021, 2021, 2021, 2021, 2021, 2021, 2021],
           dtype='int64', name='Date', length=245)"
2017-04-30,35325,0.0,0.0,0.0,1.0,0.0,0,0,0,1,0,0,0,0,0,0,0,0,0,0,0,0,0,0,1,0,0,0,0,0,0,0,0,0,1,"Int64Index([2017, 2017, 2017, 2017, 2017, 2017, 2017, 2017, 2017, 2017,
            ...
            2021, 2021, 2021, 2021, 2021, 2021, 2021, 2021, 2021, 2021],
           dtype='int64', name='Date', length=245)"
2017-05-07,40525,0.0,0.0,0.0,1.0,0.0,0,0,0,0,1,0,0,0,0,0,0,0,0,0,0,0,0,0,1,0,0,0,0,0,1,0,0,0,0,"Int64Index([2017, 2017, 2017, 2017, 2017, 2017, 2017, 2017, 2017, 2017,
            ...
            2021, 2021, 2021, 2021, 2021, 2021, 2021, 2021, 2021, 2021],
           dtype='int64', name='Date', length=245)"
2017-05-14,84635,2.857142857142857,0.0,0.0,1.0,0.0,0,0,0,0,1,0,0,0,0,0,0,0,0,0,0,0,0,0,1,0,0,0,0,0,0,1,0,0,0,"Int64Index([2017, 2017, 2017, 2017, 2017, 2017, 2017, 2017, 2017, 2017,
            ...
            2021, 2021, 2021, 2021, 2021, 2021, 2021, 2021, 2021, 2021],
           dtype='int64', name='Date', length=245)"
2017-05-21,39825,0.0,0.0,0.0,1.0,0.0,0,0,0,0,1,0,0,0,0,0,0,0,0,0,0,0,0,0,1,0,0,0,0,0,0,0,1,0,0,"Int64Index([2017, 2017, 2017, 2017, 2017, 2017, 2017, 2017, 2017, 2017,
            ...
            2021, 2021, 2021, 2021, 2021, 2021, 2021, 2021, 2021, 2021],
           dtype='int64', name='Date', length=245)"
2017-05-28,56391,8.571428571428571,0.0,0.0,1.0,0.0,0,0,0,0,1,0,0,0,0,0,0,0,0,0,0,0,0,0,0,1,0,0,0,0,0,0,0,1,0,"Int64Index([2017, 2017, 2017, 2017, 2017, 2017, 2017, 2017, 2017, 2017,
            ...
            2021, 2021, 2021, 2021, 2021, 2021, 2021, 2021, 2021, 2021],
           dtype='int64', name='Date', length=245)"
2017-06-04,49879,6.666666666666667,0.0,0.0,0.5,0.0,0,0,0,0,0,1,0,0,0,0,0,0,0,0,0,0,0,0,0,1,0,0,0,0,1,0,0,0,0,"Int64Index([2017, 2017, 2017, 2017, 2017, 2017, 2017, 2017, 2017, 2017,
            ...
            2021, 2021, 2021, 2021, 2021, 2021, 2021, 2021, 2021, 2021],
           dtype='int64', name='Date', length=245)"
2017-06-11,46847,5.714285714285714,0.0,0.0,0.0,0.0,0,0,0,0,0,1,0,0,0,0,0,0,0,0,0,0,0,0,0,1,0,0,0,0,0,1,0,0,0,"Int64Index([2017, 2017, 2017, 2017, 2017, 2017, 2017, 2017, 2017, 2017,
            ...
            2021, 2021, 2021, 2021, 2021, 2021, 2021, 2021, 2021, 2021],
           dtype='int64', name='Date', length=245)"
2017-06-18,64195,5.714285714285714,1.0,0.0,0.0,0.0,0,0,0,0,0,1,0,0,0,0,0,0,0,0,0,0,0,0,0,1,0,0,0,0,0,0,1,0,0,"Int64Index([2017, 2017, 2017, 2017, 2017, 2017, 2017, 2017, 2017, 2017,
            ...
            2021, 2021, 2021, 2021, 2021, 2021, 2021, 2021, 2021, 2021],
           dtype='int64', name='Date', length=245)"
2017-06-25,227672,2.857142857142857,1.0,0.0,0.0,0.0,0,0,0,0,0,1,0,0,0,0,0,0,0,0,0,0,0,0,0,0,1,0,0,0,0,0,0,1,0,"Int64Index([2017, 2017, 2017, 2017, 2017, 2017, 2017, 2017, 2017, 2017,
            ...
            2021, 2021, 2021, 2021, 2021, 2021, 2021, 2021, 2021, 2021],
           dtype='int64', name='Date', length=245)"
2017-07-02,37115,0.0,0.16666666666666666,0.0,0.0,0.0,0,0,0,0,0,0,1,0,0,0,0,0,0,0,0,0,0,0,0,0,1,0,0,0,1,0,0,0,0,"Int64Index([2017, 2017, 2017, 2017, 2017, 2017, 2017, 2017, 2017, 2017,
            ...
            2021, 2021, 2021, 2021, 2021, 2021, 2021, 2021, 2021, 2021],
           dtype='int64', name='Date', length=245)"
2017-07-09,92557,2.857142857142857,0.0,0.0,0.0,0.0,0,0,0,0,0,0,1,0,0,0,0,0,0,0,0,0,0,0,0,0,1,0,0,0,0,1,0,0,0,"Int64Index([2017, 2017, 2017, 2017, 2017, 2017, 2017, 2017, 2017, 2017,
            ...
            2021, 2021, 2021, 2021, 2021, 2021, 2021, 2021, 2021, 2021],
           dtype='int64', name='Date', length=245)"
2017-07-16,94566,0.0,0.0,0.0,0.0,0.0,0,0,0,0,0,0,1,0,0,0,0,0,0,0,0,0,0,0,0,0,1,0,0,0,0,0,1,0,0,"Int64Index([2017, 2017, 2017, 2017, 2017, 2017, 2017, 2017, 2017, 2017,
            ...
            2021, 2021, 2021, 2021, 2021, 2021, 2021, 2021, 2021, 2021],
           dtype='int64', name='Date', length=245)"
2017-07-23,94305,7.142857142857143,0.0,0.0,0.0,0.0,0,0,0,0,0,0,1,0,0,0,0,0,0,0,0,0,0,0,0,0,1,0,0,0,0,0,0,1,0,"Int64Index([2017, 2017, 2017, 2017, 2017, 2017, 2017, 2017, 2017, 2017,
            ...
            2021, 2021, 2021, 2021, 2021, 2021, 2021, 2021, 2021, 2021],
           dtype='int64', name='Date', length=245)"
2017-07-30,60220,0.0,0.0,0.0,0.0,0.0,0,0,0,0,0,0,1,0,0,0,0,0,0,0,0,0,0,0,0,0,0,1,0,0,0,0,0,0,1,"Int64Index([2017, 2017, 2017, 2017, 2017, 2017, 2017, 2017, 2017, 2017,
            ...
            2021, 2021, 2021, 2021, 2021, 2021, 2021, 2021, 2021, 2021],
           dtype='int64', name='Date', length=245)"
2017-08-06,111230,0.0,0.0,0.0,0.0,0.0,0,0,0,0,0,0,0,1,0,0,0,0,0,0,0,0,0,0,0,0,0,1,0,0,1,0,0,0,0,"Int64Index([2017, 2017, 2017, 2017, 2017, 2017, 2017, 2017, 2017, 2017,
            ...
            2021, 2021, 2021, 2021, 2021, 2021, 2021, 2021, 2021, 2021],
           dtype='int64', name='Date', length=245)"
2017-08-13,100951,7.142857142857143,0.0,0.0,0.0,0.0,0,0,0,0,0,0,0,1,0,0,0,0,0,0,0,0,0,0,0,0,0,1,0,0,0,1,0,0,0,"Int64Index([2017, 2017, 2017, 2017, 2017, 2017, 2017, 2017, 2017, 2017,
            ...
            2021, 2021, 2021, 2021, 2021, 2021, 2021, 2021, 2021, 2021],
           dtype='int64', name='Date', length=245)"
2017-08-20,84005,0.0,0.0,0.0,0.0,0.0,0,0,0,0,0,0,0,1,0,0,0,0,0,0,0,0,0,0,0,0,0,1,0,0,0,0,1,0,0,"Int64Index([2017, 2017, 2017, 2017, 2017, 2017, 2017, 2017, 2017, 2017,
            ...
            2021, 2021, 2021, 2021, 2021, 2021, 2021, 2021, 2021, 2021],
           dtype='int64', name='Date', length=245)"
2017-08-27,115385,2.857142857142857,0.0,0.14285714285714285,0.0,0.0,0,0,0,0,0,0,0,1,0,0,0,0,0,0,0,0,0,0,0,0,0,0,1,0,0,0,0,1,0,"Int64Index([2017, 2017, 2017, 2017, 2017, 2017, 2017, 2017, 2017, 2017,
            ...
            2021, 2021, 2021, 2021, 2021, 2021, 2021, 2021, 2021, 2021],
           dtype='int64', name='Date', length=245)"
2017-09-03,99235,0.0,0.0,1.0,0.0,0.0,0,0,0,0,0,0,0,0,1,0,0,0,0,0,0,0,0,0,0,0,0,0,1,0,1,0,0,0,0,"Int64Index([2017, 2017, 2017, 2017, 2017, 2017, 2017, 2017, 2017, 2017,
            ...
            2021, 2021, 2021, 2021, 2021, 2021, 2021, 2021, 2021, 2021],
           dtype='int64', name='Date', length=245)"
2017-09-10,151001,7.142857142857143,0.0,0.0,0.0,0.0,0,0,0,0,0,0,0,0,1,0,0,0,0,0,0,0,0,0,0,0,0,0,1,0,0,1,0,0,0,"Int64Index([2017, 2017, 2017, 2017, 2017, 2017, 2017, 2017, 2017, 2017,
            ...
            2021, 2021, 2021, 2021, 2021, 2021, 2021, 2021, 2021, 2021],
           dtype='int64', name='Date', length=245)"
2017-09-17,98695,7.142857142857143,0.0,0.0,0.0,0.0,0,0,0,0,0,0,0,0,1,0,0,0,0,0,0,0,0,0,0,0,0,0,1,0,0,0,1,0,0,"Int64Index([2017, 2017, 2017, 2017, 2017, 2017, 2017, 2017, 2017, 2017,
            ...
            2021, 2021, 2021, 2021, 2021, 2021, 2021, 2021, 2021, 2021],
           dtype='int64', name='Date', length=245)"
2017-09-24,90000,7.142857142857143,0.0,0.0,0.0,0.0,0,0,0,0,0,0,0,0,1,0,0,0,0,0,0,0,0,0,0,0,0,0,0,1,0,0,0,1,0,"Int64Index([2017, 2017, 2017, 2017, 2017, 2017, 2017, 2017, 2017, 2017,
            ...
            2021, 2021, 2021, 2021, 2021, 2021, 2021, 2021, 2021, 2021],
           dtype='int64', name='Date', length=245)"
2017-10-01,44366,10.0,0.0,0.0,0.0,0.0,0,0,0,0,0,0,0,0,0,1,0,0,0,0,0,0,0,0,0,0,0,0,0,1,1,0,0,0,0,"Int64Index([2017, 2017, 2017, 2017, 2017, 2017, 2017, 2017, 2017, 2017,
            ...
            2021, 2021, 2021, 2021, 2021, 2021, 2021, 2021, 2021, 2021],
           dtype='int64', name='Date', length=245)"
2017-10-08,73930,0.0,0.0,0.0,0.0,1.0,0,0,0,0,0,0,0,0,0,1,0,0,0,0,0,0,0,0,0,0,0,0,0,1,0,1,0,0,0,"Int64Index([2017, 2017, 2017, 2017, 2017, 2017, 2017, 2017, 2017, 2017,
            ...
            2021, 2021, 2021, 2021, 2021, 2021, 2021, 2021, 2021, 2021],
           dtype='int64', name='Date', length=245)"
2017-10-15,93693,7.142857142857143,0.0,0.0,0.0,1.0,0,0,0,0,0,0,0,0,0,1,0,0,0,0,0,0,0,0,0,0,0,0,0,1,0,0,1,0,0,"Int64Index([2017, 2017, 2017, 2017, 2017, 2017, 2017, 2017, 2017, 2017,
            ...
            2021, 2021, 2021, 2021, 2021, 2021, 2021, 2021, 2021, 2021],
           dtype='int64', name='Date', length=245)"
2017-10-22,78010,7.142857142857143,0.0,0.0,0.0,1.0,0,0,0,0,0,0,0,0,0,1,0,0,1,0,0,0,0,0,0,0,0,0,0,0,0,0,0,1,0,"Int64Index([2017, 2017, 2017, 2017, 2017, 2017, 2017, 2017, 2017, 2017,
            ...
            2021, 2021, 2021, 2021, 2021, 2021, 2021, 2021, 2021, 2021],
           dtype='int64', name='Date', length=245)"
2017-10-29,152775,0.0,0.0,0.0,0.0,1.0,0,0,0,0,0,0,0,0,0,1,0,0,1,0,0,0,0,0,0,0,0,0,0,0,0,0,0,0,1,"Int64Index([2017, 2017, 2017, 2017, 2017, 2017, 2017, 2017, 2017, 2017,
            ...
            2021, 2021, 2021, 2021, 2021, 2021, 2021, 2021, 2021, 2021],
           dtype='int64', name='Date', length=245)"
2017-11-05,119562,5.714285714285714,0.0,0.0,0.0,1.0,0,0,0,0,0,0,0,0,0,0,1,0,1,0,0,0,0,0,0,0,0,0,0,0,1,0,0,0,0,"Int64Index([2017, 2017, 2017, 2017, 2017, 2017, 2017, 2017, 2017, 2017,
            ...
            2021, 2021, 2021, 2021, 2021, 2021, 2021, 2021, 2021, 2021],
           dtype='int64', name='Date', length=245)"
2017-11-12,87481,15.714285714285714,0.0,0.0,0.0,1.0,0,0,0,0,0,0,0,0,0,0,1,0,1,0,0,0,0,0,0,0,0,0,0,0,0,1,0,0,0,"Int64Index([2017, 2017, 2017, 2017, 2017, 2017, 2017, 2017, 2017, 2017,
            ...
            2021, 2021, 2021, 2021, 2021, 2021, 2021, 2021, 2021, 2021],
           dtype='int64', name='Date', length=245)"
2017-11-19,132703,16.666666666666668,0.0,0.0,0.0,1.0,0,0,0,0,0,0,0,0,0,0,1,0,0,1,0,0,0,0,0,0,0,0,0,0,0,0,1,0,0,"Int64Index([2017, 2017, 2017, 2017, 2017, 2017, 2017, 2017, 2017, 2017,
            ...
            2021, 2021, 2021, 2021, 2021, 2021, 2021, 2021, 2021, 2021],
           dtype='int64', name='Date', length=245)"
2017-11-26,219314,23.428571428571427,0.0,0.0,0.0,1.0,0,0,0,0,0,0,0,0,0,0,1,0,0,1,0,0,0,0,0,0,0,0,0,0,0,0,0,1,0,"Int64Index([2017, 2017, 2017, 2017, 2017, 2017, 2017, 2017, 2017, 2017,
            ...
            2021, 2021, 2021, 2021, 2021, 2021, 2021, 2021, 2021, 2021],
           dtype='int64', name='Date', length=245)"
2017-12-03,97239,22.142857142857142,0.0,0.0,0.0,0.5714285714285714,0,0,0,0,0,0,0,0,0,0,0,1,0,1,0,0,0,0,0,0,0,0,0,0,1,0,0,0,0,"Int64Index([2017, 2017, 2017, 2017, 2017, 2017, 2017, 2017, 2017, 2017,
            ...
            2021, 2021, 2021, 2021, 2021, 2021, 2021, 2021, 2021, 2021],
           dtype='int64', name='Date', length=245)"
2017-12-10,94181,15.571428571428571,0.0,0.0,0.0,0.0,0,0,0,0,0,0,0,0,0,0,0,1,0,1,0,0,0,0,0,0,0,0,0,0,0,1,0,0,0,"Int64Index([2017, 2017, 2017, 2017, 2017, 2017, 2017, 2017, 2017, 2017,
            ...
            2021, 2021, 2021, 2021, 2021, 2021, 2021, 2021, 2021, 2021],
           dtype='int64', name='Date', length=245)"
2017-12-17,82843,13.285714285714286,0.0,0.0,0.0,0.0,0,0,0,0,0,0,0,0,0,0,0,1,0,1,0,0,0,0,0,0,0,0,0,0,0,0,1,0,0,"Int64Index([2017, 2017, 2017, 2017, 2017, 2017, 2017, 2017, 2017, 2017,
            ...
            2021, 2021, 2021, 2021, 2021, 2021, 2021, 2021, 2021, 2021],
           dtype='int64', name='Date', length=245)"
2017-12-24,115252,14.285714285714286,0.0,0.0,0.0,0.0,0,0,0,0,0,0,0,0,0,0,0,1,0,0,1,0,0,0,0,0,0,0,0,0,0,0,0,1,0,"Int64Index([2017, 2017, 2017, 2017, 2017, 2017, 2017, 2017, 2017, 2017,
            ...
            2021, 2021, 2021, 2021, 2021, 2021, 2021, 2021, 2021, 2021],
           dtype='int64', name='Date', length=245)"
2017-12-31,114755,15.0,0.0,0.0,0.0,0.0,0,0,0,0,0,0,0,0,0,0,0,1,0,0,1,0,0,0,0,0,0,0,0,0,0,0,0,0,1,"Int64Index([2017, 2017, 2017, 2017, 2017, 2017, 2017, 2017, 2017, 2017,
            ...
            2021, 2021, 2021, 2021, 2021, 2021, 2021, 2021, 2021, 2021],
           dtype='int64', name='Date', length=245)"
2018-01-07,96937,12.571428571428571,0.0,0.0,0.0,0.0,1,0,0,0,0,0,0,0,0,0,0,0,0,0,1,0,0,0,0,0,0,0,0,0,1,0,0,0,0,"Int64Index([2017, 2017, 2017, 2017, 2017, 2017, 2017, 2017, 2017, 2017,
            ...
            2021, 2021, 2021, 2021, 2021, 2021, 2021, 2021, 2021, 2021],
           dtype='int64', name='Date', length=245)"
2018-01-14,53430,8.571428571428571,0.0,0.0,0.0,0.0,1,0,0,0,0,0,0,0,0,0,0,0,0,0,1,0,0,0,0,0,0,0,0,0,0,1,0,0,0,"Int64Index([2017, 2017, 2017, 2017, 2017, 2017, 2017, 2017, 2017, 2017,
            ...
            2021, 2021, 2021, 2021, 2021, 2021, 2021, 2021, 2021, 2021],
           dtype='int64', name='Date', length=245)"
2018-01-21,78229,8.571428571428571,0.0,0.0,0.0,0.0,1,0,0,0,0,0,0,0,0,0,0,0,0,0,0,1,0,0,0,0,0,0,0,0,0,0,1,0,0,"Int64Index([2017, 2017, 2017, 2017, 2017, 2017, 2017, 2017, 2017, 2017,
            ...
            2021, 2021, 2021, 2021, 2021, 2021, 2021, 2021, 2021, 2021],
           dtype='int64', name='Date', length=245)"
2018-01-28,77511,15.142857142857142,0.0,0.0,0.0,0.0,1,0,0,0,0,0,0,0,0,0,0,0,0,0,0,1,0,0,0,0,0,0,0,0,0,0,0,1,0,"Int64Index([2017, 2017, 2017, 2017, 2017, 2017, 2017, 2017, 2017, 2017,
            ...
            2021, 2021, 2021, 2021, 2021, 2021, 2021, 2021, 2021, 2021],
           dtype='int64', name='Date', length=245)"
2018-02-04,62432,11.428571428571429,0.0,0.0,0.0,0.0,0,1,0,0,0,0,0,0,0,0,0,0,0,0,0,1,0,0,0,0,0,0,0,0,1,0,0,0,0,"Int64Index([2017, 2017, 2017, 2017, 2017, 2017, 2017, 2017, 2017, 2017,
            ...
            2021, 2021, 2021, 2021, 2021, 2021, 2021, 2021, 2021, 2021],
           dtype='int64', name='Date', length=245)"
2018-02-11,139442,14.285714285714286,0.0,0.0,0.0,0.0,0,1,0,0,0,0,0,0,0,0,0,0,0,0,0,1,0,0,0,0,0,0,0,0,0,1,0,0,0,"Int64Index([2017, 2017, 2017, 2017, 2017, 2017, 2017, 2017, 2017, 2017,
            ...
            2021, 2021, 2021, 2021, 2021, 2021, 2021, 2021, 2021, 2021],
           dtype='int64', name='Date', length=245)"
2018-02-18,88693,14.285714285714286,0.0,0.0,0.0,0.0,0,1,0,0,0,0,0,0,0,0,0,0,0,0,0,0,1,0,0,0,0,0,0,0,0,0,1,0,0,"Int64Index([2017, 2017, 2017, 2017, 2017, 2017, 2017, 2017, 2017, 2017,
            ...
            2021, 2021, 2021, 2021, 2021, 2021, 2021, 2021, 2021, 2021],
           dtype='int64', name='Date', length=245)"
2018-02-25,69203,11.428571428571429,0.0,0.0,0.0,0.0,0,1,0,0,0,0,0,0,0,0,0,0,0,0,0,0,1,0,0,0,0,0,0,0,0,0,0,1,0,"Int64Index([2017, 2017, 2017, 2017, 2017, 2017, 2017, 2017, 2017, 2017,
            ...
            2021, 2021, 2021, 2021, 2021, 2021, 2021, 2021, 2021, 2021],
           dtype='int64', name='Date', length=245)"
2018-03-04,75631,14.285714285714286,0.0,0.0,0.0,0.0,0,0,1,0,0,0,0,0,0,0,0,0,0,0,0,0,1,0,0,0,0,0,0,0,1,0,0,0,0,"Int64Index([2017, 2017, 2017, 2017, 2017, 2017, 2017, 2017, 2017, 2017,
            ...
            2021, 2021, 2021, 2021, 2021, 2021, 2021, 2021, 2021, 2021],
           dtype='int64', name='Date', length=245)"
2018-03-11,72285,5.714285714285714,0.0,0.0,0.0,0.0,0,0,1,0,0,0,0,0,0,0,0,0,0,0,0,0,1,0,0,0,0,0,0,0,0,1,0,0,0,"Int64Index([2017, 2017, 2017, 2017, 2017, 2017, 2017, 2017, 2017, 2017,
            ...
            2021, 2021, 2021, 2021, 2021, 2021, 2021, 2021, 2021, 2021],
           dtype='int64', name='Date', length=245)"
2018-03-18,54794,5.714285714285714,0.0,0.0,0.0,0.0,0,0,1,0,0,0,0,0,0,0,0,0,0,0,0,0,0,1,0,0,0,0,0,0,0,0,1,0,0,"Int64Index([2017, 2017, 2017, 2017, 2017, 2017, 2017, 2017, 2017, 2017,
            ...
            2021, 2021, 2021, 2021, 2021, 2021, 2021, 2021, 2021, 2021],
           dtype='int64', name='Date', length=245)"
2018-03-25,85724,11.857142857142858,0.0,0.0,0.0,0.0,0,0,1,0,0,0,0,0,0,0,0,0,0,0,0,0,0,1,0,0,0,0,0,0,0,0,0,1,0,"Int64Index([2017, 2017, 2017, 2017, 2017, 2017, 2017, 2017, 2017, 2017,
            ...
            2021, 2021, 2021, 2021, 2021, 2021, 2021, 2021, 2021, 2021],
           dtype='int64', name='Date', length=245)"
2018-04-01,83736,16.142857142857142,0.0,0.0,0.14285714285714285,0.0,0,0,0,1,0,0,0,0,0,0,0,0,0,0,0,0,0,1,0,0,0,0,0,0,1,0,0,0,0,"Int64Index([2017, 2017, 2017, 2017, 2017, 2017, 2017, 2017, 2017, 2017,
            ...
            2021, 2021, 2021, 2021, 2021, 2021, 2021, 2021, 2021, 2021],
           dtype='int64', name='Date', length=245)"
2018-04-08,85500,10.0,0.0,0.0,1.0,0.0,0,0,0,1,0,0,0,0,0,0,0,0,0,0,0,0,0,1,0,0,0,0,0,0,0,1,0,0,0,"Int64Index([2017, 2017, 2017, 2017, 2017, 2017, 2017, 2017, 2017, 2017,
            ...
            2021, 2021, 2021, 2021, 2021, 2021, 2021, 2021, 2021, 2021],
           dtype='int64', name='Date', length=245)"
2018-04-15,85771,14.285714285714286,0.0,0.0,1.0,0.0,0,0,0,1,0,0,0,0,0,0,0,0,0,0,0,0,0,1,0,0,0,0,0,0,0,0,1,0,0,"Int64Index([2017, 2017, 2017, 2017, 2017, 2017, 2017, 2017, 2017, 2017,
            ...
            2021, 2021, 2021, 2021, 2021, 2021, 2021, 2021, 2021, 2021],
           dtype='int64', name='Date', length=245)"
2018-04-22,53083,5.714285714285714,0.0,0.0,1.0,0.0,0,0,0,1,0,0,0,0,0,0,0,0,0,0,0,0,0,0,1,0,0,0,0,0,0,0,0,1,0,"Int64Index([2017, 2017, 2017, 2017, 2017, 2017, 2017, 2017, 2017, 2017,
            ...
            2021, 2021, 2021, 2021, 2021, 2021, 2021, 2021, 2021, 2021],
           dtype='int64', name='Date', length=245)"
2018-04-29,60039,8.571428571428571,0.0,0.0,1.0,0.0,0,0,0,1,0,0,0,0,0,0,0,0,0,0,0,0,0,0,1,0,0,0,0,0,0,0,0,0,1,"Int64Index([2017, 2017, 2017, 2017, 2017, 2017, 2017, 2017, 2017, 2017,
            ...
            2021, 2021, 2021, 2021, 2021, 2021, 2021, 2021, 2021, 2021],
           dtype='int64', name='Date', length=245)"
2018-05-06,105357,18.571428571428573,0.0,0.0,1.0,0.0,0,0,0,0,1,0,0,0,0,0,0,0,0,0,0,0,0,0,1,0,0,0,0,0,1,0,0,0,0,"Int64Index([2017, 2017, 2017, 2017, 2017, 2017, 2017, 2017, 2017, 2017,
            ...
            2021, 2021, 2021, 2021, 2021, 2021, 2021, 2021, 2021, 2021],
           dtype='int64', name='Date', length=245)"
2018-05-13,77400,0.0,0.0,0.0,1.0,0.0,0,0,0,0,1,0,0,0,0,0,0,0,0,0,0,0,0,0,1,0,0,0,0,0,0,1,0,0,0,"Int64Index([2017, 2017, 2017, 2017, 2017, 2017, 2017, 2017, 2017, 2017,
            ...
            2021, 2021, 2021, 2021, 2021, 2021, 2021, 2021, 2021, 2021],
           dtype='int64', name='Date', length=245)"
2018-05-20,57915,0.0,0.0,0.0,1.0,0.0,0,0,0,0,1,0,0,0,0,0,0,0,0,0,0,0,0,0,0,1,0,0,0,0,0,0,1,0,0,"Int64Index([2017, 2017, 2017, 2017, 2017, 2017, 2017, 2017, 2017, 2017,
            ...
            2021, 2021, 2021, 2021, 2021, 2021, 2021, 2021, 2021, 2021],
           dtype='int64', name='Date', length=245)"
2018-05-27,40250,0.0,0.0,0.0,1.0,0.0,0,0,0,0,1,0,0,0,0,0,0,0,0,0,0,0,0,0,0,1,0,0,0,0,0,0,0,1,0,"Int64Index([2017, 2017, 2017, 2017, 2017, 2017, 2017, 2017, 2017, 2017,
            ...
            2021, 2021, 2021, 2021, 2021, 2021, 2021, 2021, 2021, 2021],
           dtype='int64', name='Date', length=245)"
2018-06-03,85105,0.0,0.2857142857142857,0.0,0.5714285714285714,0.0,0,0,0,0,0,1,0,0,0,0,0,0,0,0,0,0,0,0,0,1,0,0,0,0,1,0,0,0,0,"Int64Index([2017, 2017, 2017, 2017, 2017, 2017, 2017, 2017, 2017, 2017,
            ...
            2021, 2021, 2021, 2021, 2021, 2021, 2021, 2021, 2021, 2021],
           dtype='int64', name='Date', length=245)"
2018-06-10,206710,2.857142857142857,1.0,0.0,0.0,0.0,0,0,0,0,0,1,0,0,0,0,0,0,0,0,0,0,0,0,0,1,0,0,0,0,0,1,0,0,0,"Int64Index([2017, 2017, 2017, 2017, 2017, 2017, 2017, 2017, 2017, 2017,
            ...
            2021, 2021, 2021, 2021, 2021, 2021, 2021, 2021, 2021, 2021],
           dtype='int64', name='Date', length=245)"
2018-06-17,202365,0.0,1.0,0.0,0.0,0.0,0,0,0,0,0,1,0,0,0,0,0,0,0,0,0,0,0,0,0,0,1,0,0,0,0,0,1,0,0,"Int64Index([2017, 2017, 2017, 2017, 2017, 2017, 2017, 2017, 2017, 2017,
            ...
            2021, 2021, 2021, 2021, 2021, 2021, 2021, 2021, 2021, 2021],
           dtype='int64', name='Date', length=245)"
2018-06-24,178075,0.0,0.0,0.0,0.0,0.0,0,0,0,0,0,1,0,0,0,0,0,0,0,0,0,0,0,0,0,0,1,0,0,0,0,0,0,1,0,"Int64Index([2017, 2017, 2017, 2017, 2017, 2017, 2017, 2017, 2017, 2017,
            ...
            2021, 2021, 2021, 2021, 2021, 2021, 2021, 2021, 2021, 2021],
           dtype='int64', name='Date', length=245)"
2018-07-01,106337,4.285714285714286,0.0,0.0,0.0,0.0,0,0,0,0,0,0,1,0,0,0,0,0,0,0,0,0,0,0,0,0,1,0,0,0,1,0,0,0,0,"Int64Index([2017, 2017, 2017, 2017, 2017, 2017, 2017, 2017, 2017, 2017,
            ...
            2021, 2021, 2021, 2021, 2021, 2021, 2021, 2021, 2021, 2021],
           dtype='int64', name='Date', length=245)"
2018-07-08,140785,0.0,0.0,0.0,0.0,0.0,0,0,0,0,0,0,1,0,0,0,0,0,0,0,0,0,0,0,0,0,1,0,0,0,0,1,0,0,0,"Int64Index([2017, 2017, 2017, 2017, 2017, 2017, 2017, 2017, 2017, 2017,
            ...
            2021, 2021, 2021, 2021, 2021, 2021, 2021, 2021, 2021, 2021],
           dtype='int64', name='Date', length=245)"
2018-07-15,109712,7.0,0.0,0.0,0.0,0.0,0,0,0,0,0,0,1,0,0,0,0,0,0,0,0,0,0,0,0,0,0,1,0,0,0,0,1,0,0,"Int64Index([2017, 2017, 2017, 2017, 2017, 2017, 2017, 2017, 2017, 2017,
            ...
            2021, 2021, 2021, 2021, 2021, 2021, 2021, 2021, 2021, 2021],
           dtype='int64', name='Date', length=245)"
2018-07-22,130716,0.0,0.0,0.0,0.0,0.0,0,0,0,0,0,0,1,0,0,0,0,0,0,0,0,0,0,0,0,0,0,1,0,0,0,0,0,1,0,"Int64Index([2017, 2017, 2017, 2017, 2017, 2017, 2017, 2017, 2017, 2017,
            ...
            2021, 2021, 2021, 2021, 2021, 2021, 2021, 2021, 2021, 2021],
           dtype='int64', name='Date', length=245)"
2018-07-29,107305,0.0,0.0,0.0,0.0,0.0,0,0,0,0,0,0,1,0,0,0,0,0,0,0,0,0,0,0,0,0,0,1,0,0,0,0,0,0,1,"Int64Index([2017, 2017, 2017, 2017, 2017, 2017, 2017, 2017, 2017, 2017,
            ...
            2021, 2021, 2021, 2021, 2021, 2021, 2021, 2021, 2021, 2021],
           dtype='int64', name='Date', length=245)"
2018-08-05,156780,2.857142857142857,0.0,0.0,0.0,0.0,0,0,0,0,0,0,0,1,0,0,0,0,0,0,0,0,0,0,0,0,0,1,0,0,1,0,0,0,0,"Int64Index([2017, 2017, 2017, 2017, 2017, 2017, 2017, 2017, 2017, 2017,
            ...
            2021, 2021, 2021, 2021, 2021, 2021, 2021, 2021, 2021, 2021],
           dtype='int64', name='Date', length=245)"
2018-08-12,105412,3.857142857142857,0.0,0.0,0.0,0.0,0,0,0,0,0,0,0,1,0,0,0,0,0,0,0,0,0,0,0,0,0,0,1,0,0,1,0,0,0,"Int64Index([2017, 2017, 2017, 2017, 2017, 2017, 2017, 2017, 2017, 2017,
            ...
            2021, 2021, 2021, 2021, 2021, 2021, 2021, 2021, 2021, 2021],
           dtype='int64', name='Date', length=245)"
2018-08-19,124700,13.142857142857142,0.0,0.5714285714285714,0.0,0.0,0,0,0,0,0,0,0,1,0,0,0,0,0,0,0,0,0,0,0,0,0,0,1,0,0,0,1,0,0,"Int64Index([2017, 2017, 2017, 2017, 2017, 2017, 2017, 2017, 2017, 2017,
            ...
            2021, 2021, 2021, 2021, 2021, 2021, 2021, 2021, 2021, 2021],
           dtype='int64', name='Date', length=245)"
2018-08-26,55275,0.0,0.0,0.4,0.0,0.0,0,0,0,0,0,0,0,1,0,0,0,0,0,0,0,0,0,0,0,0,0,0,1,0,0,0,0,1,0,"Int64Index([2017, 2017, 2017, 2017, 2017, 2017, 2017, 2017, 2017, 2017,
            ...
            2021, 2021, 2021, 2021, 2021, 2021, 2021, 2021, 2021, 2021],
           dtype='int64', name='Date', length=245)"
2018-09-02,108415,7.142857142857143,0.0,0.0,0.0,0.0,0,0,0,0,0,0,0,0,1,0,0,0,0,0,0,0,0,0,0,0,0,0,1,0,1,0,0,0,0,"Int64Index([2017, 2017, 2017, 2017, 2017, 2017, 2017, 2017, 2017, 2017,
            ...
            2021, 2021, 2021, 2021, 2021, 2021, 2021, 2021, 2021, 2021],
           dtype='int64', name='Date', length=245)"
2018-09-09,111535,0.0,0.0,0.0,0.0,0.0,0,0,0,0,0,0,0,0,1,0,0,0,0,0,0,0,0,0,0,0,0,0,1,0,0,1,0,0,0,"Int64Index([2017, 2017, 2017, 2017, 2017, 2017, 2017, 2017, 2017, 2017,
            ...
            2021, 2021, 2021, 2021, 2021, 2021, 2021, 2021, 2021, 2021],
           dtype='int64', name='Date', length=245)"
2018-09-16,89841,0.0,0.0,0.0,0.0,0.0,0,0,0,0,0,0,0,0,1,0,0,0,0,0,0,0,0,0,0,0,0,0,0,1,0,0,1,0,0,"Int64Index([2017, 2017, 2017, 2017, 2017, 2017, 2017, 2017, 2017, 2017,
            ...
            2021, 2021, 2021, 2021, 2021, 2021, 2021, 2021, 2021, 2021],
           dtype='int64', name='Date', length=245)"
2018-09-23,113075,0.0,0.0,0.0,0.0,0.0,0,0,0,0,0,0,0,0,1,0,0,0,0,0,0,0,0,0,0,0,0,0,0,1,0,0,0,1,0,"Int64Index([2017, 2017, 2017, 2017, 2017, 2017, 2017, 2017, 2017, 2017,
            ...
            2021, 2021, 2021, 2021, 2021, 2021, 2021, 2021, 2021, 2021],
           dtype='int64', name='Date', length=245)"
2018-09-30,123435,0.0,0.0,0.0,0.0,0.0,0,0,0,0,0,0,0,0,1,0,0,0,0,0,0,0,0,0,0,0,0,0,0,1,0,0,0,0,1,"Int64Index([2017, 2017, 2017, 2017, 2017, 2017, 2017, 2017, 2017, 2017,
            ...
            2021, 2021, 2021, 2021, 2021, 2021, 2021, 2021, 2021, 2021],
           dtype='int64', name='Date', length=245)"
2018-10-07,75045,7.142857142857143,0.0,0.0,0.0,1.0,0,0,0,0,0,0,0,0,0,1,0,0,0,0,0,0,0,0,0,0,0,0,0,1,1,0,0,0,0,"Int64Index([2017, 2017, 2017, 2017, 2017, 2017, 2017, 2017, 2017, 2017,
            ...
            2021, 2021, 2021, 2021, 2021, 2021, 2021, 2021, 2021, 2021],
           dtype='int64', name='Date', length=245)"
2018-10-14,112537,2.857142857142857,0.0,0.0,0.0,1.0,0,0,0,0,0,0,0,0,0,1,0,0,1,0,0,0,0,0,0,0,0,0,0,0,0,1,0,0,0,"Int64Index([2017, 2017, 2017, 2017, 2017, 2017, 2017, 2017, 2017, 2017,
            ...
            2021, 2021, 2021, 2021, 2021, 2021, 2021, 2021, 2021, 2021],
           dtype='int64', name='Date', length=245)"
2018-10-21,160292,15.571428571428571,0.0,0.0,0.0,1.0,0,0,0,0,0,0,0,0,0,1,0,0,1,0,0,0,0,0,0,0,0,0,0,0,0,0,1,0,0,"Int64Index([2017, 2017, 2017, 2017, 2017, 2017, 2017, 2017, 2017, 2017,
            ...
            2021, 2021, 2021, 2021, 2021, 2021, 2021, 2021, 2021, 2021],
           dtype='int64', name='Date', length=245)"
2018-10-28,92376,15.142857142857142,0.0,0.0,0.0,1.0,0,0,0,0,0,0,0,0,0,1,0,0,1,0,0,0,0,0,0,0,0,0,0,0,0,0,0,1,0,"Int64Index([2017, 2017, 2017, 2017, 2017, 2017, 2017, 2017, 2017, 2017,
            ...
            2021, 2021, 2021, 2021, 2021, 2021, 2021, 2021, 2021, 2021],
           dtype='int64', name='Date', length=245)"
2018-11-04,116280,15.571428571428571,0.0,0.0,0.0,1.0,0,0,0,0,0,0,0,0,0,0,1,0,1,0,0,0,0,0,0,0,0,0,0,0,1,0,0,0,0,"Int64Index([2017, 2017, 2017, 2017, 2017, 2017, 2017, 2017, 2017, 2017,
            ...
            2021, 2021, 2021, 2021, 2021, 2021, 2021, 2021, 2021, 2021],
           dtype='int64', name='Date', length=245)"
2018-11-11,97326,15.571428571428571,0.0,0.0,0.0,1.0,0,0,0,0,0,0,0,0,0,0,1,0,0,1,0,0,0,0,0,0,0,0,0,0,0,1,0,0,0,"Int64Index([2017, 2017, 2017, 2017, 2017, 2017, 2017, 2017, 2017, 2017,
            ...
            2021, 2021, 2021, 2021, 2021, 2021, 2021, 2021, 2021, 2021],
           dtype='int64', name='Date', length=245)"
2018-11-18,75441,15.0,0.0,0.0,0.0,1.0,0,0,0,0,0,0,0,0,0,0,1,0,0,1,0,0,0,0,0,0,0,0,0,0,0,0,1,0,0,"Int64Index([2017, 2017, 2017, 2017, 2017, 2017, 2017, 2017, 2017, 2017,
            ...
            2021, 2021, 2021, 2021, 2021, 2021, 2021, 2021, 2021, 2021],
           dtype='int64', name='Date', length=245)"
2018-11-25,145740,16.285714285714285,0.0,0.0,0.0,1.0,0,0,0,0,0,0,0,0,0,0,1,0,0,1,0,0,0,0,0,0,0,0,0,0,0,0,0,1,0,"Int64Index([2017, 2017, 2017, 2017, 2017, 2017, 2017, 2017, 2017, 2017,
            ...
            2021, 2021, 2021, 2021, 2021, 2021, 2021, 2021, 2021, 2021],
           dtype='int64', name='Date', length=245)"
2018-12-02,76809,15.142857142857142,0.0,0.0,0.0,0.7142857142857143,0,0,0,0,0,0,0,0,0,0,0,1,0,1,0,0,0,0,0,0,0,0,0,0,1,0,0,0,0,"Int64Index([2017, 2017, 2017, 2017, 2017, 2017, 2017, 2017, 2017, 2017,
            ...
            2021, 2021, 2021, 2021, 2021, 2021, 2021, 2021, 2021, 2021],
           dtype='int64', name='Date', length=245)"
2018-12-09,119819,15.571428571428571,0.0,0.0,0.0,0.0,0,0,0,0,0,0,0,0,0,0,0,1,0,0,1,0,0,0,0,0,0,0,0,0,0,1,0,0,0,"Int64Index([2017, 2017, 2017, 2017, 2017, 2017, 2017, 2017, 2017, 2017,
            ...
            2021, 2021, 2021, 2021, 2021, 2021, 2021, 2021, 2021, 2021],
           dtype='int64', name='Date', length=245)"
2018-12-16,174824,15.0,0.0,0.0,0.0,0.0,0,0,0,0,0,0,0,0,0,0,0,1,0,0,1,0,0,0,0,0,0,0,0,0,0,0,1,0,0,"Int64Index([2017, 2017, 2017, 2017, 2017, 2017, 2017, 2017, 2017, 2017,
            ...
            2021, 2021, 2021, 2021, 2021, 2021, 2021, 2021, 2021, 2021],
           dtype='int64', name='Date', length=245)"
2018-12-23,122328,15.0,0.0,0.0,0.0,0.0,0,0,0,0,0,0,0,0,0,0,0,1,0,0,1,0,0,0,0,0,0,0,0,0,0,0,0,1,0,"Int64Index([2017, 2017, 2017, 2017, 2017, 2017, 2017, 2017, 2017, 2017,
            ...
            2021, 2021, 2021, 2021, 2021, 2021, 2021, 2021, 2021, 2021],
           dtype='int64', name='Date', length=245)"
2018-12-30,103036,15.428571428571429,0.0,0.0,0.0,0.0,0,0,0,0,0,0,0,0,0,0,0,1,0,0,1,0,0,0,0,0,0,0,0,0,0,0,0,0,1,"Int64Index([2017, 2017, 2017, 2017, 2017, 2017, 2017, 2017, 2017, 2017,
            ...
            2021, 2021, 2021, 2021, 2021, 2021, 2021, 2021, 2021, 2021],
           dtype='int64', name='Date', length=245)"
2019-01-06,130892,15.142857142857142,0.0,0.0,0.0,0.0,1,0,0,0,0,0,0,0,0,0,0,0,0,0,1,0,0,0,0,0,0,0,0,0,1,0,0,0,0,"Int64Index([2017, 2017, 2017, 2017, 2017, 2017, 2017, 2017, 2017, 2017,
            ...
            2021, 2021, 2021, 2021, 2021, 2021, 2021, 2021, 2021, 2021],
           dtype='int64', name='Date', length=245)"
2019-01-13,73716,15.0,0.0,0.0,0.0,0.0,1,0,0,0,0,0,0,0,0,0,0,0,0,0,0,1,0,0,0,0,0,0,0,0,0,1,0,0,0,"Int64Index([2017, 2017, 2017, 2017, 2017, 2017, 2017, 2017, 2017, 2017,
            ...
            2021, 2021, 2021, 2021, 2021, 2021, 2021, 2021, 2021, 2021],
           dtype='int64', name='Date', length=245)"
2019-01-20,101034,15.285714285714286,0.0,0.0,0.0,0.0,1,0,0,0,0,0,0,0,0,0,0,0,0,0,0,1,0,0,0,0,0,0,0,0,0,0,1,0,0,"Int64Index([2017, 2017, 2017, 2017, 2017, 2017, 2017, 2017, 2017, 2017,
            ...
            2021, 2021, 2021, 2021, 2021, 2021, 2021, 2021, 2021, 2021],
           dtype='int64', name='Date', length=245)"
2019-01-27,69909,15.0,0.0,0.0,0.0,0.0,1,0,0,0,0,0,0,0,0,0,0,0,0,0,0,1,0,0,0,0,0,0,0,0,0,0,0,1,0,"Int64Index([2017, 2017, 2017, 2017, 2017, 2017, 2017, 2017, 2017, 2017,
            ...
            2021, 2021, 2021, 2021, 2021, 2021, 2021, 2021, 2021, 2021],
           dtype='int64', name='Date', length=245)"
2019-02-03,168626,15.142857142857142,0.0,0.0,0.0,0.0,0,1,0,0,0,0,0,0,0,0,0,0,0,0,0,1,0,0,0,0,0,0,0,0,1,0,0,0,0,"Int64Index([2017, 2017, 2017, 2017, 2017, 2017, 2017, 2017, 2017, 2017,
            ...
            2021, 2021, 2021, 2021, 2021, 2021, 2021, 2021, 2021, 2021],
           dtype='int64', name='Date', length=245)"
2019-02-10,121690,15.142857142857142,0.0,0.0,0.0,0.0,0,1,0,0,0,0,0,0,0,0,0,0,0,0,0,0,1,0,0,0,0,0,0,0,0,1,0,0,0,"Int64Index([2017, 2017, 2017, 2017, 2017, 2017, 2017, 2017, 2017, 2017,
            ...
            2021, 2021, 2021, 2021, 2021, 2021, 2021, 2021, 2021, 2021],
           dtype='int64', name='Date', length=245)"
2019-02-17,94626,15.0,0.0,0.0,0.0,0.0,0,1,0,0,0,0,0,0,0,0,0,0,0,0,0,0,1,0,0,0,0,0,0,0,0,0,1,0,0,"Int64Index([2017, 2017, 2017, 2017, 2017, 2017, 2017, 2017, 2017, 2017,
            ...
            2021, 2021, 2021, 2021, 2021, 2021, 2021, 2021, 2021, 2021],
           dtype='int64', name='Date', length=245)"
2019-02-24,127782,15.0,0.0,0.0,0.0,0.0,0,1,0,0,0,0,0,0,0,0,0,0,0,0,0,0,1,0,0,0,0,0,0,0,0,0,0,1,0,"Int64Index([2017, 2017, 2017, 2017, 2017, 2017, 2017, 2017, 2017, 2017,
            ...
            2021, 2021, 2021, 2021, 2021, 2021, 2021, 2021, 2021, 2021],
           dtype='int64', name='Date', length=245)"
2019-03-03,151806,15.142857142857142,0.0,0.0,0.0,0.0,0,0,1,0,0,0,0,0,0,0,0,0,0,0,0,0,1,0,0,0,0,0,0,0,1,0,0,0,0,"Int64Index([2017, 2017, 2017, 2017, 2017, 2017, 2017, 2017, 2017, 2017,
            ...
            2021, 2021, 2021, 2021, 2021, 2021, 2021, 2021, 2021, 2021],
           dtype='int64', name='Date', length=245)"
2019-03-10,187034,15.0,0.0,0.0,0.0,0.0,0,0,1,0,0,0,0,0,0,0,0,0,0,0,0,0,0,1,0,0,0,0,0,0,0,1,0,0,0,"Int64Index([2017, 2017, 2017, 2017, 2017, 2017, 2017, 2017, 2017, 2017,
            ...
            2021, 2021, 2021, 2021, 2021, 2021, 2021, 2021, 2021, 2021],
           dtype='int64', name='Date', length=245)"
2019-03-17,100506,15.142857142857142,0.0,0.0,0.0,0.0,0,0,1,0,0,0,0,0,0,0,0,0,0,0,0,0,0,1,0,0,0,0,0,0,0,0,1,0,0,"Int64Index([2017, 2017, 2017, 2017, 2017, 2017, 2017, 2017, 2017, 2017,
            ...
            2021, 2021, 2021, 2021, 2021, 2021, 2021, 2021, 2021, 2021],
           dtype='int64', name='Date', length=245)"
2019-03-24,124372,15.142857142857142,0.0,0.0,0.0,0.0,0,0,1,0,0,0,0,0,0,0,0,0,0,0,0,0,0,1,0,0,0,0,0,0,0,0,0,1,0,"Int64Index([2017, 2017, 2017, 2017, 2017, 2017, 2017, 2017, 2017, 2017,
            ...
            2021, 2021, 2021, 2021, 2021, 2021, 2021, 2021, 2021, 2021],
           dtype='int64', name='Date', length=245)"
2019-03-31,71859,15.0,0.0,0.0,0.0,0.0,0,0,1,0,0,0,0,0,0,0,0,0,0,0,0,0,0,1,0,0,0,0,0,0,0,0,0,0,1,"Int64Index([2017, 2017, 2017, 2017, 2017, 2017, 2017, 2017, 2017, 2017,
            ...
            2021, 2021, 2021, 2021, 2021, 2021, 2021, 2021, 2021, 2021],
           dtype='int64', name='Date', length=245)"
2019-04-07,87951,15.142857142857142,0.0,0.0,1.0,0.0,0,0,0,1,0,0,0,0,0,0,0,0,0,0,0,0,0,0,1,0,0,0,0,0,1,0,0,0,0,"Int64Index([2017, 2017, 2017, 2017, 2017, 2017, 2017, 2017, 2017, 2017,
            ...
            2021, 2021, 2021, 2021, 2021, 2021, 2021, 2021, 2021, 2021],
           dtype='int64', name='Date', length=245)"
2019-04-14,134609,15.0,0.0,0.0,1.0,0.0,0,0,0,1,0,0,0,0,0,0,0,0,0,0,0,0,0,0,1,0,0,0,0,0,0,1,0,0,0,"Int64Index([2017, 2017, 2017, 2017, 2017, 2017, 2017, 2017, 2017, 2017,
            ...
            2021, 2021, 2021, 2021, 2021, 2021, 2021, 2021, 2021, 2021],
           dtype='int64', name='Date', length=245)"
2019-04-21,107868,15.0,0.0,0.0,1.0,0.0,0,0,0,1,0,0,0,0,0,0,0,0,0,0,0,0,0,0,1,0,0,0,0,0,0,0,1,0,0,"Int64Index([2017, 2017, 2017, 2017, 2017, 2017, 2017, 2017, 2017, 2017,
            ...
            2021, 2021, 2021, 2021, 2021, 2021, 2021, 2021, 2021, 2021],
           dtype='int64', name='Date', length=245)"
2019-04-28,98871,15.0,0.0,0.0,1.0,0.0,0,0,0,1,0,0,0,0,0,0,0,0,0,0,0,0,0,0,1,0,0,0,0,0,0,0,0,1,0,"Int64Index([2017, 2017, 2017, 2017, 2017, 2017, 2017, 2017, 2017, 2017,
            ...
            2021, 2021, 2021, 2021, 2021, 2021, 2021, 2021, 2021, 2021],
           dtype='int64', name='Date', length=245)"
2019-05-05,82932,15.571428571428571,0.0,0.0,1.0,0.0,0,0,0,0,1,0,0,0,0,0,0,0,0,0,0,0,0,0,1,0,0,0,0,0,1,0,0,0,0,"Int64Index([2017, 2017, 2017, 2017, 2017, 2017, 2017, 2017, 2017, 2017,
            ...
            2021, 2021, 2021, 2021, 2021, 2021, 2021, 2021, 2021, 2021],
           dtype='int64', name='Date', length=245)"
2019-05-12,39118,10.857142857142858,0.0,0.0,1.0,0.0,0,0,0,0,1,0,0,0,0,0,0,0,0,0,0,0,0,0,0,1,0,0,0,0,0,1,0,0,0,"Int64Index([2017, 2017, 2017, 2017, 2017, 2017, 2017, 2017, 2017, 2017,
            ...
            2021, 2021, 2021, 2021, 2021, 2021, 2021, 2021, 2021, 2021],
           dtype='int64', name='Date', length=245)"
2019-05-19,78112,15.285714285714286,0.0,0.0,1.0,0.0,0,0,0,0,1,0,0,0,0,0,0,0,0,0,0,0,0,0,0,1,0,0,0,0,0,0,1,0,0,"Int64Index([2017, 2017, 2017, 2017, 2017, 2017, 2017, 2017, 2017, 2017,
            ...
            2021, 2021, 2021, 2021, 2021, 2021, 2021, 2021, 2021, 2021],
           dtype='int64', name='Date', length=245)"
2019-05-26,75376,15.285714285714286,0.7142857142857143,0.0,1.0,0.0,0,0,0,0,1,0,0,0,0,0,0,0,0,0,0,0,0,0,0,1,0,0,0,0,0,0,0,1,0,"Int64Index([2017, 2017, 2017, 2017, 2017, 2017, 2017, 2017, 2017, 2017,
            ...
            2021, 2021, 2021, 2021, 2021, 2021, 2021, 2021, 2021, 2021],
           dtype='int64', name='Date', length=245)"
2019-06-02,186434,15.142857142857142,1.0,0.0,0.7142857142857143,0.0,0,0,0,0,0,1,0,0,0,0,0,0,0,0,0,0,0,0,0,1,0,0,0,0,1,0,0,0,0,"Int64Index([2017, 2017, 2017, 2017, 2017, 2017, 2017, 2017, 2017, 2017,
            ...
            2021, 2021, 2021, 2021, 2021, 2021, 2021, 2021, 2021, 2021],
           dtype='int64', name='Date', length=245)"
2019-06-09,112220,12.0,0.4,0.0,0.0,0.0,0,0,0,0,0,1,0,0,0,0,0,0,0,0,0,0,0,0,0,0,1,0,0,0,0,1,0,0,0,"Int64Index([2017, 2017, 2017, 2017, 2017, 2017, 2017, 2017, 2017, 2017,
            ...
            2021, 2021, 2021, 2021, 2021, 2021, 2021, 2021, 2021, 2021],
           dtype='int64', name='Date', length=245)"
2019-06-16,183667,15.142857142857142,0.0,0.0,0.0,0.0,0,0,0,0,0,1,0,0,0,0,0,0,0,0,0,0,0,0,0,0,1,0,0,0,0,0,1,0,0,"Int64Index([2017, 2017, 2017, 2017, 2017, 2017, 2017, 2017, 2017, 2017,
            ...
            2021, 2021, 2021, 2021, 2021, 2021, 2021, 2021, 2021, 2021],
           dtype='int64', name='Date', length=245)"
2019-06-23,67841,15.142857142857142,0.0,0.0,0.0,0.0,0,0,0,0,0,1,0,0,0,0,0,0,0,0,0,0,0,0,0,0,1,0,0,0,0,0,0,1,0,"Int64Index([2017, 2017, 2017, 2017, 2017, 2017, 2017, 2017, 2017, 2017,
            ...
            2021, 2021, 2021, 2021, 2021, 2021, 2021, 2021, 2021, 2021],
           dtype='int64', name='Date', length=245)"
2019-06-30,126516,22.428571428571427,0.0,0.0,0.0,0.0,0,0,0,0,0,1,0,0,0,0,0,0,0,0,0,0,0,0,0,0,1,0,0,0,0,0,0,0,1,"Int64Index([2017, 2017, 2017, 2017, 2017, 2017, 2017, 2017, 2017, 2017,
            ...
            2021, 2021, 2021, 2021, 2021, 2021, 2021, 2021, 2021, 2021],
           dtype='int64', name='Date', length=245)"
2019-07-07,154543,42.857142857142854,0.0,0.0,0.0,0.0,0,0,0,0,0,0,1,0,0,0,0,0,0,0,0,0,0,0,0,0,0,1,0,0,1,0,0,0,0,"Int64Index([2017, 2017, 2017, 2017, 2017, 2017, 2017, 2017, 2017, 2017,
            ...
            2021, 2021, 2021, 2021, 2021, 2021, 2021, 2021, 2021, 2021],
           dtype='int64', name='Date', length=245)"
2019-07-14,122587,43.0,0.0,0.0,0.0,0.0,0,0,0,0,0,0,1,0,0,0,0,0,0,0,0,0,0,0,0,0,0,1,0,0,0,1,0,0,0,"Int64Index([2017, 2017, 2017, 2017, 2017, 2017, 2017, 2017, 2017, 2017,
            ...
            2021, 2021, 2021, 2021, 2021, 2021, 2021, 2021, 2021, 2021],
           dtype='int64', name='Date', length=245)"
2019-07-21,142330,42.285714285714285,0.0,0.0,0.0,0.0,0,0,0,0,0,0,1,0,0,0,0,0,0,0,0,0,0,0,0,0,0,1,0,0,0,0,1,0,0,"Int64Index([2017, 2017, 2017, 2017, 2017, 2017, 2017, 2017, 2017, 2017,
            ...
            2021, 2021, 2021, 2021, 2021, 2021, 2021, 2021, 2021, 2021],
           dtype='int64', name='Date', length=245)"
2019-07-28,149726,42.714285714285715,0.0,0.0,0.0,0.0,0,0,0,0,0,0,1,0,0,0,0,0,0,0,0,0,0,0,0,0,0,1,0,0,0,0,0,1,0,"Int64Index([2017, 2017, 2017, 2017, 2017, 2017, 2017, 2017, 2017, 2017,
            ...
            2021, 2021, 2021, 2021, 2021, 2021, 2021, 2021, 2021, 2021],
           dtype='int64', name='Date', length=245)"
2019-08-04,157687,44.42857142857143,0.0,0.0,0.0,0.0,0,0,0,0,0,0,0,1,0,0,0,0,0,0,0,0,0,0,0,0,0,0,1,0,1,0,0,0,0,"Int64Index([2017, 2017, 2017, 2017, 2017, 2017, 2017, 2017, 2017, 2017,
            ...
            2021, 2021, 2021, 2021, 2021, 2021, 2021, 2021, 2021, 2021],
           dtype='int64', name='Date', length=245)"
2019-08-11,203752,49.0,0.0,0.8571428571428571,0.0,0.0,0,0,0,0,0,0,0,1,0,0,0,0,0,0,0,0,0,0,0,0,0,0,1,0,0,1,0,0,0,"Int64Index([2017, 2017, 2017, 2017, 2017, 2017, 2017, 2017, 2017, 2017,
            ...
            2021, 2021, 2021, 2021, 2021, 2021, 2021, 2021, 2021, 2021],
           dtype='int64', name='Date', length=245)"
2019-08-18,92258,20.0,0.0,0.16666666666666666,0.0,0.0,0,0,0,0,0,0,0,1,0,0,0,0,0,0,0,0,0,0,0,0,0,0,1,0,0,0,1,0,0,"Int64Index([2017, 2017, 2017, 2017, 2017, 2017, 2017, 2017, 2017, 2017,
            ...
            2021, 2021, 2021, 2021, 2021, 2021, 2021, 2021, 2021, 2021],
           dtype='int64', name='Date', length=245)"
2019-08-25,134338,34.0,0.0,0.0,0.0,0.0,0,0,0,0,0,0,0,1,0,0,0,0,0,0,0,0,0,0,0,0,0,0,1,0,0,0,0,1,0,"Int64Index([2017, 2017, 2017, 2017, 2017, 2017, 2017, 2017, 2017, 2017,
            ...
            2021, 2021, 2021, 2021, 2021, 2021, 2021, 2021, 2021, 2021],
           dtype='int64', name='Date', length=245)"
2019-09-01,115364,23.428571428571427,0.0,0.0,0.0,0.0,0,0,0,0,0,0,0,0,1,0,0,0,0,0,0,0,0,0,0,0,0,0,0,1,1,0,0,0,0,"Int64Index([2017, 2017, 2017, 2017, 2017, 2017, 2017, 2017, 2017, 2017,
            ...
            2021, 2021, 2021, 2021, 2021, 2021, 2021, 2021, 2021, 2021],
           dtype='int64', name='Date', length=245)"
2019-09-08,121935,26.0,0.0,0.0,0.0,0.0,0,0,0,0,0,0,0,0,1,0,0,0,0,0,0,0,0,0,0,0,0,0,0,1,0,1,0,0,0,"Int64Index([2017, 2017, 2017, 2017, 2017, 2017, 2017, 2017, 2017, 2017,
            ...
            2021, 2021, 2021, 2021, 2021, 2021, 2021, 2021, 2021, 2021],
           dtype='int64', name='Date', length=245)"
2019-09-15,160023,48.4,0.0,0.0,0.0,0.0,0,0,0,0,0,0,0,0,1,0,0,0,0,0,0,0,0,0,0,0,0,0,0,1,0,0,1,0,0,"Int64Index([2017, 2017, 2017, 2017, 2017, 2017, 2017, 2017, 2017, 2017,
            ...
            2021, 2021, 2021, 2021, 2021, 2021, 2021, 2021, 2021, 2021],
           dtype='int64', name='Date', length=245)"
2019-09-22,165294,27.142857142857142,0.0,0.0,0.0,0.0,0,0,0,0,0,0,0,0,1,0,0,0,0,0,0,0,0,0,0,0,0,0,0,1,0,0,0,1,0,"Int64Index([2017, 2017, 2017, 2017, 2017, 2017, 2017, 2017, 2017, 2017,
            ...
            2021, 2021, 2021, 2021, 2021, 2021, 2021, 2021, 2021, 2021],
           dtype='int64', name='Date', length=245)"
2019-09-29,150495,42.714285714285715,0.0,0.0,0.0,0.0,0,0,0,0,0,0,0,0,1,0,0,0,0,0,0,0,0,0,0,0,0,0,0,1,0,0,0,0,1,"Int64Index([2017, 2017, 2017, 2017, 2017, 2017, 2017, 2017, 2017, 2017,
            ...
            2021, 2021, 2021, 2021, 2021, 2021, 2021, 2021, 2021, 2021],
           dtype='int64', name='Date', length=245)"
2019-10-06,144209,34.857142857142854,0.0,0.0,0.0,0.8571428571428571,0,0,0,0,0,0,0,0,0,1,0,0,1,0,0,0,0,0,0,0,0,0,0,0,1,0,0,0,0,"Int64Index([2017, 2017, 2017, 2017, 2017, 2017, 2017, 2017, 2017, 2017,
            ...
            2021, 2021, 2021, 2021, 2021, 2021, 2021, 2021, 2021, 2021],
           dtype='int64', name='Date', length=245)"
2019-10-13,116654,49.857142857142854,0.0,0.0,0.0,1.0,0,0,0,0,0,0,0,0,0,1,0,0,1,0,0,0,0,0,0,0,0,0,0,0,0,1,0,0,0,"Int64Index([2017, 2017, 2017, 2017, 2017, 2017, 2017, 2017, 2017, 2017,
            ...
            2021, 2021, 2021, 2021, 2021, 2021, 2021, 2021, 2021, 2021],
           dtype='int64', name='Date', length=245)"
2019-10-20,124130,34.857142857142854,0.0,0.0,0.0,1.0,0,0,0,0,0,0,0,0,0,1,0,0,1,0,0,0,0,0,0,0,0,0,0,0,0,0,1,0,0,"Int64Index([2017, 2017, 2017, 2017, 2017, 2017, 2017, 2017, 2017, 2017,
            ...
            2021, 2021, 2021, 2021, 2021, 2021, 2021, 2021, 2021, 2021],
           dtype='int64', name='Date', length=245)"
2019-10-27,148383,31.285714285714285,0.0,0.0,0.0,1.0,0,0,0,0,0,0,0,0,0,1,0,0,1,0,0,0,0,0,0,0,0,0,0,0,0,0,0,1,0,"Int64Index([2017, 2017, 2017, 2017, 2017, 2017, 2017, 2017, 2017, 2017,
            ...
            2021, 2021, 2021, 2021, 2021, 2021, 2021, 2021, 2021, 2021],
           dtype='int64', name='Date', length=245)"
2019-11-03,137868,49.857142857142854,0.0,0.0,0.0,1.0,0,0,0,0,0,0,0,0,0,0,1,0,0,1,0,0,0,0,0,0,0,0,0,0,1,0,0,0,0,"Int64Index([2017, 2017, 2017, 2017, 2017, 2017, 2017, 2017, 2017, 2017,
            ...
            2021, 2021, 2021, 2021, 2021, 2021, 2021, 2021, 2021, 2021],
           dtype='int64', name='Date', length=245)"
2019-11-10,181248,42.857142857142854,0.0,0.0,0.0,1.0,0,0,0,0,0,0,0,0,0,0,1,0,0,1,0,0,0,0,0,0,0,0,0,0,0,1,0,0,0,"Int64Index([2017, 2017, 2017, 2017, 2017, 2017, 2017, 2017, 2017, 2017,
            ...
            2021, 2021, 2021, 2021, 2021, 2021, 2021, 2021, 2021, 2021],
           dtype='int64', name='Date', length=245)"
2019-11-17,217120,37.142857142857146,0.0,0.0,0.0,1.0,0,0,0,0,0,0,0,0,0,0,1,0,0,1,0,0,0,0,0,0,0,0,0,0,0,0,1,0,0,"Int64Index([2017, 2017, 2017, 2017, 2017, 2017, 2017, 2017, 2017, 2017,
            ...
            2021, 2021, 2021, 2021, 2021, 2021, 2021, 2021, 2021, 2021],
           dtype='int64', name='Date', length=245)"
2019-11-24,201751,35.285714285714285,0.0,0.0,0.0,1.0,0,0,0,0,0,0,0,0,0,0,1,0,0,1,0,0,0,0,0,0,0,0,0,0,0,0,0,1,0,"Int64Index([2017, 2017, 2017, 2017, 2017, 2017, 2017, 2017, 2017, 2017,
            ...
            2021, 2021, 2021, 2021, 2021, 2021, 2021, 2021, 2021, 2021],
           dtype='int64', name='Date', length=245)"
2019-12-01,236121,37.142857142857146,0.0,0.0,0.0,0.8571428571428571,0,0,0,0,0,0,0,0,0,0,0,1,0,0,1,0,0,0,0,0,0,0,0,0,1,0,0,0,0,"Int64Index([2017, 2017, 2017, 2017, 2017, 2017, 2017, 2017, 2017, 2017,
            ...
            2021, 2021, 2021, 2021, 2021, 2021, 2021, 2021, 2021, 2021],
           dtype='int64', name='Date', length=245)"
2019-12-08,149886,40.714285714285715,0.0,0.0,0.0,0.0,0,0,0,0,0,0,0,0,0,0,0,1,0,0,1,0,0,0,0,0,0,0,0,0,0,1,0,0,0,"Int64Index([2017, 2017, 2017, 2017, 2017, 2017, 2017, 2017, 2017, 2017,
            ...
            2021, 2021, 2021, 2021, 2021, 2021, 2021, 2021, 2021, 2021],
           dtype='int64', name='Date', length=245)"
2019-12-15,171773,28.428571428571427,0.0,0.0,0.0,0.0,0,0,0,0,0,0,0,0,0,0,0,1,0,0,1,0,0,0,0,0,0,0,0,0,0,0,1,0,0,"Int64Index([2017, 2017, 2017, 2017, 2017, 2017, 2017, 2017, 2017, 2017,
            ...
            2021, 2021, 2021, 2021, 2021, 2021, 2021, 2021, 2021, 2021],
           dtype='int64', name='Date', length=245)"
2019-12-22,213672,49.714285714285715,0.0,0.0,0.0,0.0,0,0,0,0,0,0,0,0,0,0,0,1,0,0,1,0,0,0,0,0,0,0,0,0,0,0,0,1,0,"Int64Index([2017, 2017, 2017, 2017, 2017, 2017, 2017, 2017, 2017, 2017,
            ...
            2021, 2021, 2021, 2021, 2021, 2021, 2021, 2021, 2021, 2021],
           dtype='int64', name='Date', length=245)"
2019-12-29,219457,40.857142857142854,0.0,0.0,0.0,0.0,0,0,0,0,0,0,0,0,0,0,0,1,0,0,0,1,0,0,0,0,0,0,0,0,0,0,0,0,1,"Int64Index([2017, 2017, 2017, 2017, 2017, 2017, 2017, 2017, 2017, 2017,
            ...
            2021, 2021, 2021, 2021, 2021, 2021, 2021, 2021, 2021, 2021],
           dtype='int64', name='Date', length=245)"
2020-01-05,137463,37.142857142857146,0.0,0.0,0.0,0.0,1,0,0,0,0,0,0,0,0,0,0,0,0,0,0,1,0,0,0,0,0,0,0,0,1,0,0,0,0,"Int64Index([2017, 2017, 2017, 2017, 2017, 2017, 2017, 2017, 2017, 2017,
            ...
            2021, 2021, 2021, 2021, 2021, 2021, 2021, 2021, 2021, 2021],
           dtype='int64', name='Date', length=245)"
2020-01-12,135744,30.0,0.0,0.0,0.0,0.0,1,0,0,0,0,0,0,0,0,0,0,0,0,0,0,1,0,0,0,0,0,0,0,0,0,1,0,0,0,"Int64Index([2017, 2017, 2017, 2017, 2017, 2017, 2017, 2017, 2017, 2017,
            ...
            2021, 2021, 2021, 2021, 2021, 2021, 2021, 2021, 2021, 2021],
           dtype='int64', name='Date', length=245)"
2020-01-19,171673,46.857142857142854,0.0,0.0,0.0,0.0,1,0,0,0,0,0,0,0,0,0,0,0,0,0,0,1,0,0,0,0,0,0,0,0,0,0,1,0,0,"Int64Index([2017, 2017, 2017, 2017, 2017, 2017, 2017, 2017, 2017, 2017,
            ...
            2021, 2021, 2021, 2021, 2021, 2021, 2021, 2021, 2021, 2021],
           dtype='int64', name='Date', length=245)"
2020-01-26,138263,32.42857142857143,0.0,0.0,0.0,0.0,1,0,0,0,0,0,0,0,0,0,0,0,0,0,0,0,1,0,0,0,0,0,0,0,0,0,0,1,0,"Int64Index([2017, 2017, 2017, 2017, 2017, 2017, 2017, 2017, 2017, 2017,
            ...
            2021, 2021, 2021, 2021, 2021, 2021, 2021, 2021, 2021, 2021],
           dtype='int64', name='Date', length=245)"
2020-02-02,164253,48.714285714285715,0.0,0.0,0.0,0.0,0,1,0,0,0,0,0,0,0,0,0,0,0,0,0,0,1,0,0,0,0,0,0,0,1,0,0,0,0,"Int64Index([2017, 2017, 2017, 2017, 2017, 2017, 2017, 2017, 2017, 2017,
            ...
            2021, 2021, 2021, 2021, 2021, 2021, 2021, 2021, 2021, 2021],
           dtype='int64', name='Date', length=245)"
2020-02-09,128044,39.42857142857143,0.0,0.0,0.0,0.0,0,1,0,0,0,0,0,0,0,0,0,0,0,0,0,0,1,0,0,0,0,0,0,0,0,1,0,0,0,"Int64Index([2017, 2017, 2017, 2017, 2017, 2017, 2017, 2017, 2017, 2017,
            ...
            2021, 2021, 2021, 2021, 2021, 2021, 2021, 2021, 2021, 2021],
           dtype='int64', name='Date', length=245)"
2020-02-16,160849,48.285714285714285,0.0,0.0,0.0,0.0,0,1,0,0,0,0,0,0,0,0,0,0,0,0,0,0,1,0,0,0,0,0,0,0,0,0,1,0,0,"Int64Index([2017, 2017, 2017, 2017, 2017, 2017, 2017, 2017, 2017, 2017,
            ...
            2021, 2021, 2021, 2021, 2021, 2021, 2021, 2021, 2021, 2021],
           dtype='int64', name='Date', length=245)"
2020-02-23,164893,42.714285714285715,0.0,0.0,0.0,0.0,0,1,0,0,0,0,0,0,0,0,0,0,0,0,0,0,1,0,0,0,0,0,0,0,0,0,0,1,0,"Int64Index([2017, 2017, 2017, 2017, 2017, 2017, 2017, 2017, 2017, 2017,
            ...
            2021, 2021, 2021, 2021, 2021, 2021, 2021, 2021, 2021, 2021],
           dtype='int64', name='Date', length=245)"
2020-03-01,169589,47.57142857142857,0.0,0.0,0.0,0.0,0,0,1,0,0,0,0,0,0,0,0,0,0,0,0,0,0,1,0,0,0,0,0,0,1,0,0,0,0,"Int64Index([2017, 2017, 2017, 2017, 2017, 2017, 2017, 2017, 2017, 2017,
            ...
            2021, 2021, 2021, 2021, 2021, 2021, 2021, 2021, 2021, 2021],
           dtype='int64', name='Date', length=245)"
2020-03-08,177922,42.42857142857143,0.0,0.0,0.0,0.0,0,0,1,0,0,0,0,0,0,0,0,0,0,0,0,0,0,1,0,0,0,0,0,0,0,1,0,0,0,"Int64Index([2017, 2017, 2017, 2017, 2017, 2017, 2017, 2017, 2017, 2017,
            ...
            2021, 2021, 2021, 2021, 2021, 2021, 2021, 2021, 2021, 2021],
           dtype='int64', name='Date', length=245)"
2020-03-15,93314,47.857142857142854,0.0,0.0,0.0,0.0,0,0,1,0,0,0,0,0,0,0,0,0,0,0,0,0,0,1,0,0,0,0,0,0,0,0,1,0,0,"Int64Index([2017, 2017, 2017, 2017, 2017, 2017, 2017, 2017, 2017, 2017,
            ...
            2021, 2021, 2021, 2021, 2021, 2021, 2021, 2021, 2021, 2021],
           dtype='int64', name='Date', length=245)"
2020-03-22,67386,20.0,1.0,0.0,0.0,0.0,0,0,1,0,0,0,0,0,0,0,0,0,0,0,0,0,0,1,0,0,0,0,0,0,0,0,0,1,0,"Int64Index([2017, 2017, 2017, 2017, 2017, 2017, 2017, 2017, 2017, 2017,
            ...
            2021, 2021, 2021, 2021, 2021, 2021, 2021, 2021, 2021, 2021],
           dtype='int64', name='Date', length=245)"
2020-03-29,0,,,,,,0,0,1,0,0,0,0,0,0,0,0,0,0,0,0,0,0,0,1,0,0,0,0,0,0,0,0,0,1,"Int64Index([2017, 2017, 2017, 2017, 2017, 2017, 2017, 2017, 2017, 2017,
            ...
            2021, 2021, 2021, 2021, 2021, 2021, 2021, 2021, 2021, 2021],
           dtype='int64', name='Date', length=245)"
2020-04-05,0,,,,,,0,0,0,1,0,0,0,0,0,0,0,0,0,0,0,0,0,0,1,0,0,0,0,0,1,0,0,0,0,"Int64Index([2017, 2017, 2017, 2017, 2017, 2017, 2017, 2017, 2017, 2017,
            ...
            2021, 2021, 2021, 2021, 2021, 2021, 2021, 2021, 2021, 2021],
           dtype='int64', name='Date', length=245)"
2020-04-12,0,,,,,,0,0,0,1,0,0,0,0,0,0,0,0,0,0,0,0,0,0,1,0,0,0,0,0,0,1,0,0,0,"Int64Index([2017, 2017, 2017, 2017, 2017, 2017, 2017, 2017, 2017, 2017,
            ...
            2021, 2021, 2021, 2021, 2021, 2021, 2021, 2021, 2021, 2021],
           dtype='int64', name='Date', length=245)"
2020-04-19,0,,,,,,0,0,0,1,0,0,0,0,0,0,0,0,0,0,0,0,0,0,1,0,0,0,0,0,0,0,1,0,0,"Int64Index([2017, 2017, 2017, 2017, 2017, 2017, 2017, 2017, 2017, 2017,
            ...
            2021, 2021, 2021, 2021, 2021, 2021, 2021, 2021, 2021, 2021],
           dtype='int64', name='Date', length=245)"
2020-04-26,0,,,,,,0,0,0,1,0,0,0,0,0,0,0,0,0,0,0,0,0,0,0,1,0,0,0,0,0,0,0,1,0,"Int64Index([2017, 2017, 2017, 2017, 2017, 2017, 2017, 2017, 2017, 2017,
            ...
            2021, 2021, 2021, 2021, 2021, 2021, 2021, 2021, 2021, 2021],
           dtype='int64', name='Date', length=245)"
2020-05-03,13221,22.0,1.0,0.0,1.0,0.0,0,0,0,0,1,0,0,0,0,0,0,0,0,0,0,0,0,0,0,1,0,0,0,0,1,0,0,0,0,"Int64Index([2017, 2017, 2017, 2017, 2017, 2017, 2017, 2017, 2017, 2017,
            ...
            2021, 2021, 2021, 2021, 2021, 2021, 2021, 2021, 2021, 2021],
           dtype='int64', name='Date', length=245)"
2020-05-10,0,,,,,,0,0,0,0,1,0,0,0,0,0,0,0,0,0,0,0,0,0,0,1,0,0,0,0,0,1,0,0,0,"Int64Index([2017, 2017, 2017, 2017, 2017, 2017, 2017, 2017, 2017, 2017,
            ...
            2021, 2021, 2021, 2021, 2021, 2021, 2021, 2021, 2021, 2021],
           dtype='int64', name='Date', length=245)"
2020-05-17,0,,,,,,0,0,0,0,1,0,0,0,0,0,0,0,0,0,0,0,0,0,0,1,0,0,0,0,0,0,1,0,0,"Int64Index([2017, 2017, 2017, 2017, 2017, 2017, 2017, 2017, 2017, 2017,
            ...
            2021, 2021, 2021, 2021, 2021, 2021, 2021, 2021, 2021, 2021],
           dtype='int64', name='Date', length=245)"
2020-05-24,284353,46.5,1.0,0.0,1.0,0.0,0,0,0,0,1,0,0,0,0,0,0,0,0,0,0,0,0,0,0,0,1,0,0,0,0,0,0,1,0,"Int64Index([2017, 2017, 2017, 2017, 2017, 2017, 2017, 2017, 2017, 2017,
            ...
            2021, 2021, 2021, 2021, 2021, 2021, 2021, 2021, 2021, 2021],
           dtype='int64', name='Date', length=245)"
2020-05-31,42919,12.5,0.0,0.0,1.0,0.0,0,0,0,0,1,0,0,0,0,0,0,0,0,0,0,0,0,0,0,0,1,0,0,0,0,0,0,0,1,"Int64Index([2017, 2017, 2017, 2017, 2017, 2017, 2017, 2017, 2017, 2017,
            ...
            2021, 2021, 2021, 2021, 2021, 2021, 2021, 2021, 2021, 2021],
           dtype='int64', name='Date', length=245)"
2020-06-07,71587,40.0,0.0,0.0,0.0,0.0,0,0,0,0,0,1,0,0,0,0,0,0,0,0,0,0,0,0,0,0,1,0,0,0,1,0,0,0,0,"Int64Index([2017, 2017, 2017, 2017, 2017, 2017, 2017, 2017, 2017, 2017,
            ...
            2021, 2021, 2021, 2021, 2021, 2021, 2021, 2021, 2021, 2021],
           dtype='int64', name='Date', length=245)"
2020-06-14,72765,20.0,0.0,0.0,0.0,0.0,0,0,0,0,0,1,0,0,0,0,0,0,0,0,0,0,0,0,0,0,1,0,0,0,0,1,0,0,0,"Int64Index([2017, 2017, 2017, 2017, 2017, 2017, 2017, 2017, 2017, 2017,
            ...
            2021, 2021, 2021, 2021, 2021, 2021, 2021, 2021, 2021, 2021],
           dtype='int64', name='Date', length=245)"
2020-06-21,42324,29.8,0.0,0.0,0.0,0.0,0,0,0,0,0,1,0,0,0,0,0,0,0,0,0,0,0,0,0,0,1,0,0,0,0,0,1,0,0,"Int64Index([2017, 2017, 2017, 2017, 2017, 2017, 2017, 2017, 2017, 2017,
            ...
            2021, 2021, 2021, 2021, 2021, 2021, 2021, 2021, 2021, 2021],
           dtype='int64', name='Date', length=245)"
2020-06-28,44692,33.333333333333336,0.0,0.0,0.0,0.0,0,0,0,0,0,1,0,0,0,0,0,0,0,0,0,0,0,0,0,0,0,1,0,0,0,0,0,1,0,"Int64Index([2017, 2017, 2017, 2017, 2017, 2017, 2017, 2017, 2017, 2017,
            ...
            2021, 2021, 2021, 2021, 2021, 2021, 2021, 2021, 2021, 2021],
           dtype='int64', name='Date', length=245)"
2020-07-05,0,,,,,,0,0,0,0,0,0,1,0,0,0,0,0,0,0,0,0,0,0,0,0,0,1,0,0,1,0,0,0,0,"Int64Index([2017, 2017, 2017, 2017, 2017, 2017, 2017, 2017, 2017, 2017,
            ...
            2021, 2021, 2021, 2021, 2021, 2021, 2021, 2021, 2021, 2021],
           dtype='int64', name='Date', length=245)"
2020-07-12,116760,28.4,0.0,0.0,0.0,0.0,0,0,0,0,0,0,1,0,0,0,0,0,0,0,0,0,0,0,0,0,0,1,0,0,0,1,0,0,0,"Int64Index([2017, 2017, 2017, 2017, 2017, 2017, 2017, 2017, 2017, 2017,
            ...
            2021, 2021, 2021, 2021, 2021, 2021, 2021, 2021, 2021, 2021],
           dtype='int64', name='Date', length=245)"
2020-07-19,99454,10.0,0.0,0.0,0.0,0.0,0,0,0,0,0,0,1,0,0,0,0,0,0,0,0,0,0,0,0,0,0,1,0,0,0,0,1,0,0,"Int64Index([2017, 2017, 2017, 2017, 2017, 2017, 2017, 2017, 2017, 2017,
            ...
            2021, 2021, 2021, 2021, 2021, 2021, 2021, 2021, 2021, 2021],
           dtype='int64', name='Date', length=245)"
2020-07-26,107377,9.8,0.0,0.2,0.0,0.0,0,0,0,0,0,0,1,0,0,0,0,0,0,0,0,0,0,0,0,0,0,0,1,0,0,0,0,1,0,"Int64Index([2017, 2017, 2017, 2017, 2017, 2017, 2017, 2017, 2017, 2017,
            ...
            2021, 2021, 2021, 2021, 2021, 2021, 2021, 2021, 2021, 2021],
           dtype='int64', name='Date', length=245)"
2020-08-02,63535,50.0,0.0,1.0,0.0,0.0,0,0,0,0,0,0,0,1,0,0,0,0,0,0,0,0,0,0,0,0,0,0,1,0,1,0,0,0,0,"Int64Index([2017, 2017, 2017, 2017, 2017, 2017, 2017, 2017, 2017, 2017,
            ...
            2021, 2021, 2021, 2021, 2021, 2021, 2021, 2021, 2021, 2021],
           dtype='int64', name='Date', length=245)"
2020-08-09,85874,32.2,0.0,0.0,0.0,0.0,0,0,0,0,0,0,0,1,0,0,0,0,0,0,0,0,0,0,0,0,0,0,1,0,0,1,0,0,0,"Int64Index([2017, 2017, 2017, 2017, 2017, 2017, 2017, 2017, 2017, 2017,
            ...
            2021, 2021, 2021, 2021, 2021, 2021, 2021, 2021, 2021, 2021],
           dtype='int64', name='Date', length=245)"
2020-08-16,169013,38.0,0.0,0.0,0.0,0.0,0,0,0,0,0,0,0,1,0,0,0,0,0,0,0,0,0,0,0,0,0,0,1,0,0,0,1,0,0,"Int64Index([2017, 2017, 2017, 2017, 2017, 2017, 2017, 2017, 2017, 2017,
            ...
            2021, 2021, 2021, 2021, 2021, 2021, 2021, 2021, 2021, 2021],
           dtype='int64', name='Date', length=245)"
2020-08-23,120023,42.714285714285715,0.0,0.0,0.0,0.0,0,0,0,0,0,0,0,1,0,0,0,0,0,0,0,0,0,0,0,0,0,0,0,1,0,0,0,1,0,"Int64Index([2017, 2017, 2017, 2017, 2017, 2017, 2017, 2017, 2017, 2017,
            ...
            2021, 2021, 2021, 2021, 2021, 2021, 2021, 2021, 2021, 2021],
           dtype='int64', name='Date', length=245)"
2020-08-30,59037,50.0,0.0,0.0,0.0,0.0,0,0,0,0,0,0,0,1,0,0,0,0,0,0,0,0,0,0,0,0,0,0,0,1,0,0,0,0,1,"Int64Index([2017, 2017, 2017, 2017, 2017, 2017, 2017, 2017, 2017, 2017,
            ...
            2021, 2021, 2021, 2021, 2021, 2021, 2021, 2021, 2021, 2021],
           dtype='int64', name='Date', length=245)"
2020-09-06,183401,35.57142857142857,0.0,0.0,0.0,0.0,0,0,0,0,0,0,0,0,1,0,0,0,0,0,0,0,0,0,0,0,0,0,0,1,1,0,0,0,0,"Int64Index([2017, 2017, 2017, 2017, 2017, 2017, 2017, 2017, 2017, 2017,
            ...
            2021, 2021, 2021, 2021, 2021, 2021, 2021, 2021, 2021, 2021],
           dtype='int64', name='Date', length=245)"
2020-09-13,188648,42.57142857142857,0.0,0.0,0.0,0.0,0,0,0,0,0,0,0,0,1,0,0,0,0,0,0,0,0,0,0,0,0,0,0,1,0,1,0,0,0,"Int64Index([2017, 2017, 2017, 2017, 2017, 2017, 2017, 2017, 2017, 2017,
            ...
            2021, 2021, 2021, 2021, 2021, 2021, 2021, 2021, 2021, 2021],
           dtype='int64', name='Date', length=245)"
2020-09-20,145725,35.42857142857143,0.0,0.0,0.0,0.0,0,0,0,0,0,0,0,0,1,0,0,0,1,0,0,0,0,0,0,0,0,0,0,0,0,0,1,0,0,"Int64Index([2017, 2017, 2017, 2017, 2017, 2017, 2017, 2017, 2017, 2017,
            ...
            2021, 2021, 2021, 2021, 2021, 2021, 2021, 2021, 2021, 2021],
           dtype='int64', name='Date', length=245)"
2020-09-27,166978,49.714285714285715,0.0,0.0,0.0,0.0,0,0,0,0,0,0,0,0,1,0,0,0,1,0,0,0,0,0,0,0,0,0,0,0,0,0,0,1,0,"Int64Index([2017, 2017, 2017, 2017, 2017, 2017, 2017, 2017, 2017, 2017,
            ...
            2021, 2021, 2021, 2021, 2021, 2021, 2021, 2021, 2021, 2021],
           dtype='int64', name='Date', length=245)"
2020-10-04,186935,42.714285714285715,0.0,0.0,0.0,0.5714285714285714,0,0,0,0,0,0,0,0,0,1,0,0,1,0,0,0,0,0,0,0,0,0,0,0,1,0,0,0,0,"Int64Index([2017, 2017, 2017, 2017, 2017, 2017, 2017, 2017, 2017, 2017,
            ...
            2021, 2021, 2021, 2021, 2021, 2021, 2021, 2021, 2021, 2021],
           dtype='int64', name='Date', length=245)"
2020-10-11,161745,42.714285714285715,0.0,0.0,0.0,1.0,0,0,0,0,0,0,0,0,0,1,0,0,1,0,0,0,0,0,0,0,0,0,0,0,0,1,0,0,0,"Int64Index([2017, 2017, 2017, 2017, 2017, 2017, 2017, 2017, 2017, 2017,
            ...
            2021, 2021, 2021, 2021, 2021, 2021, 2021, 2021, 2021, 2021],
           dtype='int64', name='Date', length=245)"
2020-10-18,133644,28.428571428571427,0.0,0.0,0.0,1.0,0,0,0,0,0,0,0,0,0,1,0,0,0,1,0,0,0,0,0,0,0,0,0,0,0,0,1,0,0,"Int64Index([2017, 2017, 2017, 2017, 2017, 2017, 2017, 2017, 2017, 2017,
            ...
            2021, 2021, 2021, 2021, 2021, 2021, 2021, 2021, 2021, 2021],
           dtype='int64', name='Date', length=245)"
2020-10-25,121334,40.57142857142857,0.0,0.0,0.0,1.0,0,0,0,0,0,0,0,0,0,1,0,0,0,1,0,0,0,0,0,0,0,0,0,0,0,0,0,1,0,"Int64Index([2017, 2017, 2017, 2017, 2017, 2017, 2017, 2017, 2017, 2017,
            ...
            2021, 2021, 2021, 2021, 2021, 2021, 2021, 2021, 2021, 2021],
           dtype='int64', name='Date', length=245)"
2020-11-01,0,0.0,0.0,0.0,0.0,1.0,0,0,0,0,0,0,0,0,0,0,1,0,0,1,0,0,0,0,0,0,0,0,0,0,1,0,0,0,0,"Int64Index([2017, 2017, 2017, 2017, 2017, 2017, 2017, 2017, 2017, 2017,
            ...
            2021, 2021, 2021, 2021, 2021, 2021, 2021, 2021, 2021, 2021],
           dtype='int64', name='Date', length=245)"
2020-11-08,26178,50.0,0.0,0.0,0.0,1.0,0,0,0,0,0,0,0,0,0,0,1,0,0,1,0,0,0,0,0,0,0,0,0,0,0,1,0,0,0,"Int64Index([2017, 2017, 2017, 2017, 2017, 2017, 2017, 2017, 2017, 2017,
            ...
            2021, 2021, 2021, 2021, 2021, 2021, 2021, 2021, 2021, 2021],
           dtype='int64', name='Date', length=245)"
2020-11-15,206315,26.428571428571427,0.0,0.0,0.0,1.0,0,0,0,0,0,0,0,0,0,0,1,0,0,1,0,0,0,0,0,0,0,0,0,0,0,0,1,0,0,"Int64Index([2017, 2017, 2017, 2017, 2017, 2017, 2017, 2017, 2017, 2017,
            ...
            2021, 2021, 2021, 2021, 2021, 2021, 2021, 2021, 2021, 2021],
           dtype='int64', name='Date', length=245)"
2020-11-22,99925,23.714285714285715,0.0,0.0,0.0,1.0,0,0,0,0,0,0,0,0,0,0,1,0,0,0,1,0,0,0,0,0,0,0,0,0,0,0,0,1,0,"Int64Index([2017, 2017, 2017, 2017, 2017, 2017, 2017, 2017, 2017, 2017,
            ...
            2021, 2021, 2021, 2021, 2021, 2021, 2021, 2021, 2021, 2021],
           dtype='int64', name='Date', length=245)"
2020-11-29,234353,23.142857142857142,0.0,0.0,0.0,1.0,0,0,0,0,0,0,0,0,0,0,1,0,0,0,1,0,0,0,0,0,0,0,0,0,0,0,0,0,1,"Int64Index([2017, 2017, 2017, 2017, 2017, 2017, 2017, 2017, 2017, 2017,
            ...
            2021, 2021, 2021, 2021, 2021, 2021, 2021, 2021, 2021, 2021],
           dtype='int64', name='Date', length=245)"
2020-12-06,163553,21.857142857142858,0.0,0.0,0.0,0.14285714285714285,0,0,0,0,0,0,0,0,0,0,0,1,0,0,1,0,0,0,0,0,0,0,0,0,1,0,0,0,0,"Int64Index([2017, 2017, 2017, 2017, 2017, 2017, 2017, 2017, 2017, 2017,
            ...
            2021, 2021, 2021, 2021, 2021, 2021, 2021, 2021, 2021, 2021],
           dtype='int64', name='Date', length=245)"
2020-12-13,101679,23.285714285714285,0.0,0.0,0.0,0.0,0,0,0,0,0,0,0,0,0,0,0,1,0,0,1,0,0,0,0,0,0,0,0,0,0,1,0,0,0,"Int64Index([2017, 2017, 2017, 2017, 2017, 2017, 2017, 2017, 2017, 2017,
            ...
            2021, 2021, 2021, 2021, 2021, 2021, 2021, 2021, 2021, 2021],
           dtype='int64', name='Date', length=245)"
2020-12-20,124445,23.285714285714285,0.0,0.0,0.0,0.0,0,0,0,0,0,0,0,0,0,0,0,1,0,0,0,1,0,0,0,0,0,0,0,0,0,0,1,0,0,"Int64Index([2017, 2017, 2017, 2017, 2017, 2017, 2017, 2017, 2017, 2017,
            ...
            2021, 2021, 2021, 2021, 2021, 2021, 2021, 2021, 2021, 2021],
           dtype='int64', name='Date', length=245)"
2020-12-27,129159,23.857142857142858,0.0,0.0,0.0,0.0,0,0,0,0,0,0,0,0,0,0,0,1,0,0,0,1,0,0,0,0,0,0,0,0,0,0,0,1,0,"Int64Index([2017, 2017, 2017, 2017, 2017, 2017, 2017, 2017, 2017, 2017,
            ...
            2021, 2021, 2021, 2021, 2021, 2021, 2021, 2021, 2021, 2021],
           dtype='int64', name='Date', length=245)"
2021-01-03,184378,22.714285714285715,0.0,0.0,0.0,0.0,1,0,0,0,0,0,0,0,0,0,0,0,0,0,0,1,0,0,0,0,0,0,0,0,1,0,0,0,0,"Int64Index([2017, 2017, 2017, 2017, 2017, 2017, 2017, 2017, 2017, 2017,
            ...
            2021, 2021, 2021, 2021, 2021, 2021, 2021, 2021, 2021, 2021],
           dtype='int64', name='Date', length=245)"
2021-01-10,119936,26.285714285714285,0.0,0.0,0.0,0.0,1,0,0,0,0,0,0,0,0,0,0,0,0,0,0,1,0,0,0,0,0,0,0,0,0,0,0,0,0,"Int64Index([2017, 2017, 2017, 2017, 2017, 2017, 2017, 2017, 2017, 2017,
            ...
            2021, 2021, 2021, 2021, 2021, 2021, 2021, 2021, 2021, 2021],
           dtype='int64', name='Date', length=245)"
2021-01-17,131228,24.428571428571427,0.0,0.0,0.0,0.0,1,0,0,0,0,0,0,0,0,0,0,0,0,0,0,0,1,0,0,0,0,0,0,0,0,0,0,0,0,"Int64Index([2017, 2017, 2017, 2017, 2017, 2017, 2017, 2017, 2017, 2017,
            ...
            2021, 2021, 2021, 2021, 2021, 2021, 2021, 2021, 2021, 2021],
           dtype='int64', name='Date', length=245)"
2021-01-24,146466,33.42857142857143,0.0,0.0,0.0,0.0,1,0,0,0,0,0,0,0,0,0,0,0,0,0,0,0,1,0,0,0,0,0,0,0,0,0,0,0,0,"Int64Index([2017, 2017, 2017, 2017, 2017, 2017, 2017, 2017, 2017, 2017,
            ...
            2021, 2021, 2021, 2021, 2021, 2021, 2021, 2021, 2021, 2021],
           dtype='int64', name='Date', length=245)"
2021-01-31,154423,23.571428571428573,0.0,0.0,0.0,0.0,1,0,0,0,0,0,0,0,0,0,0,0,0,0,0,0,1,0,0,0,0,0,0,0,0,0,0,0,0,"Int64Index([2017, 2017, 2017, 2017, 2017, 2017, 2017, 2017, 2017, 2017,
            ...
            2021, 2021, 2021, 2021, 2021, 2021, 2021, 2021, 2021, 2021],
           dtype='int64', name='Date', length=245)"
2021-02-07,171963,26.714285714285715,0.0,0.0,0.0,0.0,0,1,0,0,0,0,0,0,0,0,0,0,0,0,0,0,1,0,0,0,0,0,0,0,1,0,0,0,0,"Int64Index([2017, 2017, 2017, 2017, 2017, 2017, 2017, 2017, 2017, 2017,
            ...
            2021, 2021, 2021, 2021, 2021, 2021, 2021, 2021, 2021, 2021],
           dtype='int64', name='Date', length=245)"
2021-02-14,169406,28.857142857142858,0.0,0.0,0.0,0.0,0,1,0,0,0,0,0,0,0,0,0,0,0,0,0,0,0,1,0,0,0,0,0,0,0,1,0,0,0,"Int64Index([2017, 2017, 2017, 2017, 2017, 2017, 2017, 2017, 2017, 2017,
            ...
            2021, 2021, 2021, 2021, 2021, 2021, 2021, 2021, 2021, 2021],
           dtype='int64', name='Date', length=245)"
2021-02-21,112660,24.428571428571427,0.0,0.0,0.0,0.0,0,1,0,0,0,0,0,0,0,0,0,0,0,0,0,0,0,1,0,0,0,0,0,0,0,0,1,0,0,"Int64Index([2017, 2017, 2017, 2017, 2017, 2017, 2017, 2017, 2017, 2017,
            ...
            2021, 2021, 2021, 2021, 2021, 2021, 2021, 2021, 2021, 2021],
           dtype='int64', name='Date', length=245)"
2021-02-28,153167,20.857142857142858,0.0,0.0,0.0,0.0,0,1,0,0,0,0,0,0,0,0,0,0,0,0,0,0,0,1,0,0,0,0,0,0,0,0,0,1,0,"Int64Index([2017, 2017, 2017, 2017, 2017, 2017, 2017, 2017, 2017, 2017,
            ...
            2021, 2021, 2021, 2021, 2021, 2021, 2021, 2021, 2021, 2021],
           dtype='int64', name='Date', length=245)"
2021-03-07,140357,27.142857142857142,0.0,0.0,0.0,0.0,0,0,1,0,0,0,0,0,0,0,0,0,0,0,0,0,0,1,0,0,0,0,0,0,1,0,0,0,0,"Int64Index([2017, 2017, 2017, 2017, 2017, 2017, 2017, 2017, 2017, 2017,
            ...
            2021, 2021, 2021, 2021, 2021, 2021, 2021, 2021, 2021, 2021],
           dtype='int64', name='Date', length=245)"
2021-03-14,96433,31.166666666666668,0.0,0.0,0.0,0.0,0,0,1,0,0,0,0,0,0,0,0,0,0,0,0,0,0,0,1,0,0,0,0,0,0,1,0,0,0,"Int64Index([2017, 2017, 2017, 2017, 2017, 2017, 2017, 2017, 2017, 2017,
            ...
            2021, 2021, 2021, 2021, 2021, 2021, 2021, 2021, 2021, 2021],
           dtype='int64', name='Date', length=245)"
2021-03-21,52705,33.8,0.0,0.0,0.0,0.0,0,0,1,0,0,0,0,0,0,0,0,0,0,0,0,0,0,0,1,0,0,0,0,0,0,0,1,0,0,"Int64Index([2017, 2017, 2017, 2017, 2017, 2017, 2017, 2017, 2017, 2017,
            ...
            2021, 2021, 2021, 2021, 2021, 2021, 2021, 2021, 2021, 2021],
           dtype='int64', name='Date', length=245)"
2021-03-28,108643,23.0,0.0,0.0,0.0,0.0,0,0,1,0,0,0,0,0,0,0,0,0,0,0,0,0,0,0,1,0,0,0,0,0,0,0,0,1,0,"Int64Index([2017, 2017, 2017, 2017, 2017, 2017, 2017, 2017, 2017, 2017,
            ...
            2021, 2021, 2021, 2021, 2021, 2021, 2021, 2021, 2021, 2021],
           dtype='int64', name='Date', length=245)"
2021-04-04,108815,22.6,0.0,0.0,0.4,0.0,0,0,0,1,0,0,0,0,0,0,0,0,0,0,0,0,0,0,1,0,0,0,0,0,1,0,0,0,0,"Int64Index([2017, 2017, 2017, 2017, 2017, 2017, 2017, 2017, 2017, 2017,
            ...
            2021, 2021, 2021, 2021, 2021, 2021, 2021, 2021, 2021, 2021],
           dtype='int64', name='Date', length=245)"
2021-04-11,80470,25.6,0.0,0.0,1.0,0.0,0,0,0,1,0,0,0,0,0,0,0,0,0,0,0,0,0,0,1,0,0,0,0,0,0,1,0,0,0,"Int64Index([2017, 2017, 2017, 2017, 2017, 2017, 2017, 2017, 2017, 2017,
            ...
            2021, 2021, 2021, 2021, 2021, 2021, 2021, 2021, 2021, 2021],
           dtype='int64', name='Date', length=245)"
2021-04-18,44463,22.4,0.0,0.0,1.0,0.0,0,0,0,1,0,0,0,0,0,0,0,0,0,0,0,0,0,0,0,1,0,0,0,0,0,0,1,0,0,"Int64Index([2017, 2017, 2017, 2017, 2017, 2017, 2017, 2017, 2017, 2017,
            ...
            2021, 2021, 2021, 2021, 2021, 2021, 2021, 2021, 2021, 2021],
           dtype='int64', name='Date', length=245)"
2021-04-25,60861,15.0,0.0,0.0,1.0,0.0,0,0,0,1,0,0,0,0,0,0,0,0,0,0,0,0,0,0,0,1,0,0,0,0,0,0,0,1,0,"Int64Index([2017, 2017, 2017, 2017, 2017, 2017, 2017, 2017, 2017, 2017,
            ...
            2021, 2021, 2021, 2021, 2021, 2021, 2021, 2021, 2021, 2021],
           dtype='int64', name='Date', length=245)"
2021-05-02,69835,23.8,0.0,0.0,1.0,0.0,0,0,0,0,1,0,0,0,0,0,0,0,0,0,0,0,0,0,0,1,0,0,0,0,1,0,0,0,0,"Int64Index([2017, 2017, 2017, 2017, 2017, 2017, 2017, 2017, 2017, 2017,
            ...
            2021, 2021, 2021, 2021, 2021, 2021, 2021, 2021, 2021, 2021],
           dtype='int64', name='Date', length=245)"
2021-05-09,130967,17.4,1.0,0.0,1.0,0.0,0,0,0,0,1,0,0,0,0,0,0,0,0,0,0,0,0,0,0,1,0,0,0,0,0,1,0,0,0,"Int64Index([2017, 2017, 2017, 2017, 2017, 2017, 2017, 2017, 2017, 2017,
            ...
            2021, 2021, 2021, 2021, 2021, 2021, 2021, 2021, 2021, 2021],
           dtype='int64', name='Date', length=245)"
2021-05-16,0,,,,,,0,0,0,0,1,0,0,0,0,0,0,0,0,0,0,0,0,0,0,0,1,0,0,0,0,0,1,0,0,"Int64Index([2017, 2017, 2017, 2017, 2017, 2017, 2017, 2017, 2017, 2017,
            ...
            2021, 2021, 2021, 2021, 2021, 2021, 2021, 2021, 2021, 2021],
           dtype='int64', name='Date', length=245)"
2021-05-23,51569,34.2,0.0,0.0,1.0,0.0,0,0,0,0,1,0,0,0,0,0,0,0,0,0,0,0,0,0,0,0,1,0,0,0,0,0,0,1,0,"Int64Index([2017, 2017, 2017, 2017, 2017, 2017, 2017, 2017, 2017, 2017,
            ...
            2021, 2021, 2021, 2021, 2021, 2021, 2021, 2021, 2021, 2021],
           dtype='int64', name='Date', length=245)"
2021-05-30,60427,19.4,0.0,0.0,1.0,0.0,0,0,0,0,1,0,0,0,0,0,0,0,0,0,0,0,0,0,0,0,1,0,0,0,0,0,0,0,1,"Int64Index([2017, 2017, 2017, 2017, 2017, 2017, 2017, 2017, 2017, 2017,
            ...
            2021, 2021, 2021, 2021, 2021, 2021, 2021, 2021, 2021, 2021],
           dtype='int64', name='Date', length=245)"
2021-06-06,104962,23.0,0.0,0.0,0.2,0.0,0,0,0,0,0,1,0,0,0,0,0,0,0,0,0,0,0,0,0,0,1,0,0,0,1,0,0,0,0,"Int64Index([2017, 2017, 2017, 2017, 2017, 2017, 2017, 2017, 2017, 2017,
            ...
            2021, 2021, 2021, 2021, 2021, 2021, 2021, 2021, 2021, 2021],
           dtype='int64', name='Date', length=245)"
2021-06-13,76524,20.8,0.0,0.0,0.0,0.0,0,0,0,0,0,1,0,0,0,0,0,0,0,0,0,0,0,0,0,0,0,1,0,0,0,1,0,0,0,"Int64Index([2017, 2017, 2017, 2017, 2017, 2017, 2017, 2017, 2017, 2017,
            ...
            2021, 2021, 2021, 2021, 2021, 2021, 2021, 2021, 2021, 2021],
           dtype='int64', name='Date', length=245)"
2021-06-20,165240,24.0,0.0,0.0,0.0,0.0,0,0,0,0,0,1,0,0,0,0,0,0,0,0,0,0,0,0,0,0,0,1,0,0,0,0,1,0,0,"Int64Index([2017, 2017, 2017, 2017, 2017, 2017, 2017, 2017, 2017, 2017,
            ...
            2021, 2021, 2021, 2021, 2021, 2021, 2021, 2021, 2021, 2021],
           dtype='int64', name='Date', length=245)"
2021-06-27,109479,27.333333333333332,0.0,0.0,0.0,0.0,0,0,0,0,0,1,0,0,0,0,0,0,0,0,0,0,0,0,0,0,0,1,0,0,0,0,0,1,0,"Int64Index([2017, 2017, 2017, 2017, 2017, 2017, 2017, 2017, 2017, 2017,
            ...
            2021, 2021, 2021, 2021, 2021, 2021, 2021, 2021, 2021, 2021],
           dtype='int64', name='Date', length=245)"
2021-07-04,109900,25.5,0.0,0.0,0.0,0.0,0,0,0,0,0,0,1,0,0,0,0,0,0,0,0,0,0,0,0,0,0,1,0,0,1,0,0,0,0,"Int64Index([2017, 2017, 2017, 2017, 2017, 2017, 2017, 2017, 2017, 2017,
            ...
            2021, 2021, 2021, 2021, 2021, 2021, 2021, 2021, 2021, 2021],
           dtype='int64', name='Date', length=245)"
2021-07-11,152452,18.5,0.0,0.0,0.0,0.0,0,0,0,0,0,0,1,0,0,0,0,0,0,0,0,0,0,0,0,0,0,0,1,0,0,1,0,0,0,"Int64Index([2017, 2017, 2017, 2017, 2017, 2017, 2017, 2017, 2017, 2017,
            ...
            2021, 2021, 2021, 2021, 2021, 2021, 2021, 2021, 2021, 2021],
           dtype='int64', name='Date', length=245)"
2021-07-18,209101,21.666666666666668,0.0,0.8333333333333334,0.0,0.0,0,0,0,0,0,0,1,0,0,0,0,0,0,0,0,0,0,0,0,0,0,0,1,0,0,0,1,0,0,"Int64Index([2017, 2017, 2017, 2017, 2017, 2017, 2017, 2017, 2017, 2017,
            ...
            2021, 2021, 2021, 2021, 2021, 2021, 2021, 2021, 2021, 2021],
           dtype='int64', name='Date', length=245)"
2021-07-25,109435,23.25,0.0,0.5,0.0,0.0,0,0,0,0,0,0,1,0,0,0,0,0,0,0,0,0,0,0,0,0,0,0,1,0,0,0,0,1,0,"Int64Index([2017, 2017, 2017, 2017, 2017, 2017, 2017, 2017, 2017, 2017,
            ...
            2021, 2021, 2021, 2021, 2021, 2021, 2021, 2021, 2021, 2021],
           dtype='int64', name='Date', length=245)"
2021-08-01,100541,21.166666666666668,0.0,0.0,0.0,0.0,0,0,0,0,0,0,0,1,0,0,0,0,0,0,0,0,0,0,0,0,0,0,1,0,1,0,0,0,0,"Int64Index([2017, 2017, 2017, 2017, 2017, 2017, 2017, 2017, 2017, 2017,
            ...
            2021, 2021, 2021, 2021, 2021, 2021, 2021, 2021, 2021, 2021],
           dtype='int64', name='Date', length=245)"
2021-08-08,78640,25.0,0.0,0.0,0.0,0.0,0,0,0,0,0,0,0,1,0,0,0,0,0,0,0,0,0,0,0,0,0,0,1,0,0,1,0,0,0,"Int64Index([2017, 2017, 2017, 2017, 2017, 2017, 2017, 2017, 2017, 2017,
            ...
            2021, 2021, 2021, 2021, 2021, 2021, 2021, 2021, 2021, 2021],
           dtype='int64', name='Date', length=245)"
2021-08-15,73193,17.4,0.0,0.0,0.0,0.0,0,0,0,0,0,0,0,1,0,0,0,0,0,0,0,0,0,0,0,0,0,0,0,1,0,0,1,0,0,"Int64Index([2017, 2017, 2017, 2017, 2017, 2017, 2017, 2017, 2017, 2017,
            ...
            2021, 2021, 2021, 2021, 2021, 2021, 2021, 2021, 2021, 2021],
           dtype='int64', name='Date', length=245)"
2021-08-22,48813,20.666666666666668,0.0,0.0,0.0,0.0,0,0,0,0,0,0,0,1,0,0,0,0,0,0,0,0,0,0,0,0,0,0,0,1,0,0,0,1,0,"Int64Index([2017, 2017, 2017, 2017, 2017, 2017, 2017, 2017, 2017, 2017,
            ...
            2021, 2021, 2021, 2021, 2021, 2021, 2021, 2021, 2021, 2021],
           dtype='int64', name='Date', length=245)"
2021-08-29,60482,16.4,0.0,0.0,0.0,0.0,0,0,0,0,0,0,0,1,0,0,0,0,0,0,0,0,0,0,0,0,0,0,0,1,0,0,0,0,1,"Int64Index([2017, 2017, 2017, 2017, 2017, 2017, 2017, 2017, 2017, 2017,
            ...
            2021, 2021, 2021, 2021, 2021, 2021, 2021, 2021, 2021, 2021],
           dtype='int64', name='Date', length=245)"
2021-09-05,119516,16.4,0.0,0.0,0.0,0.0,0,0,0,0,0,0,0,0,1,0,0,0,0,0,0,0,0,0,0,0,0,0,0,1,1,0,0,0,0,"Int64Index([2017, 2017, 2017, 2017, 2017, 2017, 2017, 2017, 2017, 2017,
            ...
            2021, 2021, 2021, 2021, 2021, 2021, 2021, 2021, 2021, 2021],
           dtype='int64', name='Date', length=245)"
2021-09-12,171745,23.0,0.0,0.0,0.0,0.0,0,0,0,0,0,0,0,0,1,0,0,0,1,0,0,0,0,0,0,0,0,0,0,0,0,1,0,0,0,"Int64Index([2017, 2017, 2017, 2017, 2017, 2017, 2017, 2017, 2017, 2017,
            ...
            2021, 2021, 2021, 2021, 2021, 2021, 2021, 2021, 2021, 2021],
           dtype='int64', name='Date', length=245)"
2021-09-19,145256,21.6,0.0,0.0,0.0,0.0,0,0,0,0,0,0,0,0,1,0,0,0,1,0,0,0,0,0,0,0,0,0,0,0,0,0,1,0,0,"Int64Index([2017, 2017, 2017, 2017, 2017, 2017, 2017, 2017, 2017, 2017,
            ...
            2021, 2021, 2021, 2021, 2021, 2021, 2021, 2021, 2021, 2021],
           dtype='int64', name='Date', length=245)"
2021-09-26,135228,20.5,0.0,0.0,0.0,0.0,0,0,0,0,0,0,0,0,1,0,0,0,1,0,0,0,0,0,0,0,0,0,0,0,0,0,0,1,0,"Int64Index([2017, 2017, 2017, 2017, 2017, 2017, 2017, 2017, 2017, 2017,
            ...
            2021, 2021, 2021, 2021, 2021, 2021, 2021, 2021, 2021, 2021],
           dtype='int64', name='Date', length=245)"
2021-10-03,133754,20.5,0.0,0.0,0.0,0.3333333333333333,0,0,0,0,0,0,0,0,0,1,0,0,1,0,0,0,0,0,0,0,0,0,0,0,1,0,0,0,0,"Int64Index([2017, 2017, 2017, 2017, 2017, 2017, 2017, 2017, 2017, 2017,
            ...
            2021, 2021, 2021, 2021, 2021, 2021, 2021, 2021, 2021, 2021],
           dtype='int64', name='Date', length=245)"
2021-10-10,162540,17.666666666666668,0.0,0.0,0.0,1.0,0,0,0,0,0,0,0,0,0,1,0,0,0,1,0,0,0,0,0,0,0,0,0,0,0,1,0,0,0,"Int64Index([2017, 2017, 2017, 2017, 2017, 2017, 2017, 2017, 2017, 2017,
            ...
            2021, 2021, 2021, 2021, 2021, 2021, 2021, 2021, 2021, 2021],
           dtype='int64', name='Date', length=245)"
2021-10-17,167588,18.285714285714285,0.0,0.0,0.0,1.0,0,0,0,0,0,0,0,0,0,1,0,0,0,1,0,0,0,0,0,0,0,0,0,0,0,0,1,0,0,"Int64Index([2017, 2017, 2017, 2017, 2017, 2017, 2017, 2017, 2017, 2017,
            ...
            2021, 2021, 2021, 2021, 2021, 2021, 2021, 2021, 2021, 2021],
           dtype='int64', name='Date', length=245)"
2021-10-24,119985,22.142857142857142,0.0,0.0,0.0,1.0,0,0,0,0,0,0,0,0,0,1,0,0,0,1,0,0,0,0,0,0,0,0,0,0,0,0,0,1,0,"Int64Index([2017, 2017, 2017, 2017, 2017, 2017, 2017, 2017, 2017, 2017,
            ...
            2021, 2021, 2021, 2021, 2021, 2021, 2021, 2021, 2021, 2021],
           dtype='int64', name='Date', length=245)"
2021-10-31,154041,20.428571428571427,0.0,0.0,0.0,1.0,0,0,0,0,0,0,0,0,0,1,0,0,0,1,0,0,0,0,0,0,0,0,0,0,0,0,0,0,1,"Int64Index([2017, 2017, 2017, 2017, 2017, 2017, 2017, 2017, 2017, 2017,
            ...
            2021, 2021, 2021, 2021, 2021, 2021, 2021, 2021, 2021, 2021],
           dtype='int64', name='Date', length=245)"
2021-11-07,148194,20.0,0.0,0.0,0.0,1.0,0,0,0,0,0,0,0,0,0,0,1,0,0,0,1,0,0,0,0,0,0,0,0,0,1,0,0,0,0,"Int64Index([2017, 2017, 2017, 2017, 2017, 2017, 2017, 2017, 2017, 2017,
            ...
            2021, 2021, 2021, 2021, 2021, 2021, 2021, 2021, 2021, 2021],
           dtype='int64', name='Date', length=245)"
2021-11-14,119808,18.571428571428573,0.0,0.0,0.0,1.0,0,0,0,0,0,0,0,0,0,0,1,0,0,0,1,0,0,0,0,0,0,0,0,0,0,1,0,0,0,"Int64Index([2017, 2017, 2017, 2017, 2017, 2017, 2017, 2017, 2017, 2017,
            ...
            2021, 2021, 2021, 2021, 2021, 2021, 2021, 2021, 2021, 2021],
           dtype='int64', name='Date', length=245)"
2021-11-21,155453,21.428571428571427,0.0,0.0,0.0,1.0,0,0,0,0,0,0,0,0,0,0,1,0,0,0,1,0,0,0,0,0,0,0,0,0,0,0,1,0,0,"Int64Index([2017, 2017, 2017, 2017, 2017, 2017, 2017, 2017, 2017, 2017,
            ...
            2021, 2021, 2021, 2021, 2021, 2021, 2021, 2021, 2021, 2021],
           dtype='int64', name='Date', length=245)"
2021-11-28,127722,33.0,0.0,0.0,0.0,1.0,0,0,0,0,0,0,0,0,0,0,1,0,0,0,1,0,0,0,0,0,0,0,0,0,0,0,0,1,0,"Int64Index([2017, 2017, 2017, 2017, 2017, 2017, 2017, 2017, 2017, 2017,
            ...
            2021, 2021, 2021, 2021, 2021, 2021, 2021, 2021, 2021, 2021],
           dtype='int64', name='Date', length=245)"
2021-12-05,34119,33.0,0.0,0.0,0.0,0.6666666666666666,0,0,0,0,0,0,0,0,0,0,0,1,0,0,0,1,0,0,0,0,0,0,0,0,1,0,0,0,0,"Int64Index([2017, 2017, 2017, 2017, 2017, 2017, 2017, 2017, 2017, 2017,
            ...
            2021, 2021, 2021, 2021, 2021, 2021, 2021, 2021, 2021, 2021],
           dtype='int64', name='Date', length=245)"
